x,pi_x,lhs_sigma1,data_constant_sigma1,lhs_sigma3,data_constant_sigma3,lhs_sigma5,data_constant_sigma5,lhs_sigma7,data_constant_sigma7
100,25,2.64334209805826,0.352572659346404,-0.955112280590996,-0.191522467687046,0.176260000692244,0.939849813596194,0.963937306586684,1.72752711949063
102,26,2.74284581707926,0.445640077971799,-0.855608561569995,-0.0898733152008424,-0.122251156370755,0.643484089998398,1.06344102560768,1.82917627197684
104,27,2.84137874489569,0.537888395043145,-0.757075633753566,0.0107544828639471,-0.0237182285543263,0.744111888063187,0.767842242158394,1.53567235877591
106,27,2.84137874489569,0.53174897643233,-0.757075633753566,0.0128009557342186,-0.0237182285543263,0.746158360933459,0.767842242158394,1.53771883164618
107,28,2.93805239380025,0.625405442158063,-1.04709658046725,-0.276214263253184,0.0729554203502349,0.843837737564296,0.864515891062955,1.63539820827702
109,29,3.03383502232236,0.715255118172713,-0.951313951945135,-0.178453983895254,-0.214392465216095,0.558467502833786,0.960298519585066,1.73315848763495
111,29,3.03383502232236,0.709452785158609,-0.951313951945135,-0.176519872890552,-0.214392465216095,0.560401613838488,0.960298519585066,1.73509259863965
113,30,2.75161876180728,0.421559574178132,-0.857241865106776,-0.080555469230394,-0.120320378377736,0.656366017498646,1.05437060642342,1.83105700229981
115,30,2.75161876180728,0.416003069601321,-0.857241865106776,-0.0787033010381237,-0.120320378377736,0.658218185690916,1.05437060642342,1.83290917049208
118,30,2.75161876180728,0.407884029192981,-0.857241865106776,-0.0759969542353437,-0.120320378377736,0.660924532493696,1.05437060642342,1.83561551729486
120,30,2.75161876180728,0.402608817167258,-0.857241865106776,-0.0742385502267695,-0.120320378377736,0.66268293650227,1.05437060642342,1.83737392130343
122,30,2.75161876180728,0.397438834491757,-0.857241865106776,-0.0725152226682692,-0.120320378377736,0.664406264060771,1.05437060642342,1.83909724886193
124,30,2.75161876180728,0.392370248121799,-0.857241865106776,-0.0708256938782832,-0.120320378377736,0.666095792850757,1.05437060642342,1.84078677765192
126,30,2.75161876180728,0.387399425105523,-0.857241865106776,-0.0691687528728581,-0.120320378377736,0.667752733856182,1.05437060642342,1.84244371865734
129,31,2.84035441274889,0.468854656886152,-0.768506214165164,0.0219937044557479,-0.0315847274361243,0.758915191184788,0.788163653598597,1.57866357221951
131,32,2.927724818415,0.551483948137888,-1.0306174311635,-0.238537141071126,0.0557856782299844,0.847865968322354,0.875534059264705,1.66761434935707
133,32,2.927724818415,0.546829272461174,-1.0306174311635,-0.236985582512221,0.0557856782299844,0.849417526881259,0.875534059264705,1.66916590791598
136,32,2.927724818415,0.540003060012945,-1.0306174311635,-0.234710178362812,0.0557856782299844,0.851692931030668,0.875534059264705,1.67144131206539
138,33,2.67141752109997,0.279244864594312,-0.94518166539182,-0.147790779889934,0.14122144400166,0.938612329503545,0.960969825036381,1.75836071053827
141,34,2.75623641406796,0.357530887072326,-1.19963834429579,-0.400069835297243,0.226040336969652,1.0256088459682,1.04578871800437,1.84535722700292
143,34,2.75623641406796,0.353267778309344,-1.19963834429579,-0.398648799042916,0.226040336969652,1.02702988222252,1.04578871800437,1.84677826325724
146,34,2.75623641406796,0.347005638855723,-1.19963834429579,-0.396561419225042,0.226040336969652,1.0291172620404,1.04578871800437,1.84886564307512
149,35,2.83815960611986,0.422819312639306,-1.11771515224389,-0.312601721083704,-0.0197292391860486,0.785384191974136,1.12771191005627,1.93282534121646
151,36,2.91953845199698,0.500206569498971,-1.03633630636677,-0.229892345534101,0.0616496066910699,0.868093567523739,0.88357537242491,1.69001933325758
154,36,2.91953845199698,0.494336566744315,-1.03633630636677,-0.227935677949215,0.0616496066910699,0.870050235108624,0.88357537242491,1.69197600084246
157,37,2.99934714044375,0.568410732103318,-0.95652761792,-0.146215481806524,-0.17777645864924,0.632535677464236,0.96338406087168,1.77369619698516
160,37,2.99934714044375,0.562805979970975,-0.95652761792,-0.144347231095743,-0.17777645864924,0.634403928175017,0.96338406087168,1.77556444769594
163,38,3.07767318544255,0.635651679298715,-1.1915057529164,-0.37749858420179,-0.0994504136504402,0.714556755064171,1.04171010587048,1.85571727458509
165,38,3.07767318544255,0.632064725542211,-1.1915057529164,-0.376302932949622,-0.0994504136504402,0.715752406316339,1.04171010587048,1.85691292583726
168,39,3.15505550869596,0.704162977352468,-1.11412342966299,-0.297159252548492,-0.0220680903970285,0.794896086717468,0.809563136110251,1.62652731322475
172,39,3.15505550869596,0.697290378293522,-1.11412342966299,-0.29486838619551,-0.0220680903970285,0.797186953070451,0.809563136110251,1.62881817957773
175,40,3.23108410082293,0.768288604906763,-1.03809483753602,-0.217163005563963,-0.250153866777938,0.570777965194117,0.885591728237221,1.70652356020928
178,40,3.23108410082293,0.763360133217609,-1.03809483753602,-0.215520181667578,-0.250153866777938,0.572420789090502,0.885591728237221,1.70816638410566
181,42,3.38015702472283,0.907602697681968,-1.18799595073688,-0.363811175056592,-0.398398601376879,0.425786174303408,1.03466465213712,1.85884942781741
184,42,3.38015702472283,0.902866870314112,-1.18799595073688,-0.362232565933973,-0.398398601376879,0.427364783426026,1.03466465213712,1.86042803694003
188,42,3.38015702472283,0.896693645266429,-1.18799595073688,-0.360174824251412,-0.398398601376879,0.429422525108587,1.03466465213712,1.86248577862259
191,43,3.45251448525207,0.964522960074494,-1.11563849020764,-0.286307981815114,-0.326041140847639,0.503289367544885,0.817592270549401,1.64692277894193
195,44,3.23656976002746,0.742670694779473,-1.04365691513277,-0.212357226716773,-0.254059565772769,0.577240122643226,0.889573845624271,1.72087353404027
198,45,3.30781681001537,0.809580911877967,-0.972409865144858,-0.139664565765724,-0.467800715736498,0.364944583642636,0.960820895612182,1.79356619499132
202,46,3.37870493051621,0.874806608490883,-0.901521744644018,-0.0668889706355764,-0.396912595235658,0.437720178772783,0.748156534109661,1.5827893081181
205,46,3.37870493051621,0.87064653715183,-0.901521744644018,-0.0655022801892252,-0.396912595235658,0.439106869219135,0.748156534109661,1.58417599856445
209,46,3.37870493051621,0.865210905571391,-0.901521744644018,-0.0636904029957458,-0.396912595235658,0.440918746412614,0.748156534109661,1.58598787575793
213,47,3.44754776959836,0.92874023701732,-1.10805026189047,-0.268447751030123,-0.328069756153509,0.511532754706837,0.816999373191811,1.65660188405216
217,47,3.44754776959836,0.923543827512195,-1.10805026189047,-0.266715614528414,-0.328069756153509,0.513264891208546,0.816999373191811,1.65833402055387
221,47,3.44754776959836,0.918459786774905,-1.10805026189047,-0.265020934282651,-0.328069756153509,0.514959571454309,0.816999373191811,1.66002870079963
225,48,3.5145127226166,0.980448612349587,-1.04108530887223,-0.19639727211656,-0.26110480313527,0.5835832336204,0.616104514137089,1.46079255089276
229,50,3.64696691382211,1.10803038734816,-1.17412044230672,-0.327808266815405,-0.3929780521118,0.453334123379515,0.7485587053426,1.59487088083392
233,51,3.450430379198,0.906721180503491,-1.10860826409868,-0.260705197867181,-0.327465873903763,0.520437192327739,0.814070883550637,1.66197394978214
237,51,3.450430379198,0.902044502879365,-1.10860826409868,-0.259146305325805,-0.327465873903763,0.521996084869115,0.814070883550637,1.66353284232351
241,53,3.32186801401304,0.768897907679792,-0.979507978723282,-0.128517943278866,-0.198365588528362,0.652624446916054,0.684432677984798,1.53542271342921
246,53,3.32186801401304,0.763292524704897,-0.979507978723282,-0.126649482287235,-0.198365588528362,0.654492907907685,0.684432677984798,1.53729117442085
250,53,3.32186801401304,0.758904287554044,-0.979507978723282,-0.125186736570284,-0.198365588528362,0.655955653624636,0.684432677984798,1.5387539201378
255,54,3.38498745432282,0.816653627077252,-1.16886629965262,-0.3127550239041,-0.135246148218582,0.72086512752994,0.747552118294578,1.6036633940431
259,55,3.19785259585728,0.625311416402812,-1.10648801349744,-0.248974287012622,-0.0728678620634033,0.784645864421419,0.809930404449757,1.66744413093458
264,56,3.2595152374551,0.681821419095052,-1.04482537189962,-0.185594099112942,-0.011205220465583,0.848026052321099,0.624942479656298,1.48417375244298
269,57,3.32048631354007,0.737753681012926,-0.983854295814654,-0.122943418305607,-0.194118448720493,0.666792428788554,0.685913555741267,1.54682443325031
274,58,3.38123198746315,0.793569749176128,-0.923108621891574,-0.0605545424625674,-0.133372774797413,0.729181304631593,0.503676533972027,1.36623061340103
279,59,3.44131616427576,0.848829180951503,-0.863024445078963,0.00113788269578841,-0.313625305235243,0.550537022539508,0.563760710784638,1.42792303855939
284,61,3.32179499822197,0.724584031359838,-0.981700935935113,-0.11596394698107,-0.194526476780274,0.671210512173769,0.682859539239607,1.54859652819365
289,61,3.32179499822197,0.719956940219878,-0.981700935935113,-0.11442158326775,-0.194526476780274,0.672752875887089,0.682859539239607,1.55013889190697
294,62,3.38021562200567,0.773843709590539,-0.923280312151412,-0.0544896746797032,-0.369788348131372,0.499002289340337,0.741280163023307,1.61007080049502
300,62,3.38021562200567,0.768521301797256,-0.923280312151412,-0.0527155387486086,-0.369788348131372,0.500776425271431,0.741280163023307,1.61184493642611
305,62,3.38021562200567,0.764180656546391,-0.923280312151412,-0.0512686569983204,-0.369788348131372,0.50222330702172,0.741280163023307,1.6132918181764
311,64,3.49399343427158,0.872858736776937,-1.03779455809962,-0.164082992268077,-0.256010535865464,0.617701029966082,0.628238784439696,1.50195035027124
316,65,3.32442340858832,0.699126405085163,-0.981271216205203,-0.106172215037485,-0.199487193971043,0.675611807196675,0.684762126334117,1.55986112750183
322,66,3.38058900421849,0.750398105806373,-0.925105620575032,-0.0483753211043269,-0.367983980861553,0.508746318609152,0.740927721964288,1.61765802143499
328,66,3.38058900421849,0.745610042388507,-0.925105620575032,-0.0467792999650382,-0.367983980861553,0.510342339748441,0.740927721964288,1.61925404257428
334,67,3.43555397521142,0.795888571336996,-1.09000053355382,-0.210112065595683,-0.313019009868624,0.566869458089516,0.795892692957216,1.67578116091536
340,68,3.27213356200058,0.627879367909699,-1.03552706248354,-0.154108997786582,-0.258545538798343,0.622872525898617,0.850366164027498,1.73178422872446
346,68,3.27213356200058,0.623384482786629,-1.03552706248354,-0.152610702745559,-0.258545538798343,0.62437082093964,0.850366164027498,1.73328252376548
352,70,3.37934514746731,0.726191548135441,-1.14304672785485,-0.258662194744229,-0.365449044360492,0.51893548875013,0.957577749494228,1.84196228260485
359,72,3.27244924024051,0.614266788646721,-1.03704411691669,-0.150983299718762,-0.259446433422331,0.626614383775598,0.852468434844709,1.73852925204264
365,72,3.27244924024051,0.610046810646835,-1.03704411691669,-0.149576640385467,-0.259446433422331,0.628021043108893,0.852468434844709,1.73993591137593
372,73,3.3246488153377,0.657424441592004,-0.984844541819502,-0.0957697505709373,-0.207246858325142,0.681827932923423,0.695869709553138,1.5849445008017
379,75,3.4277934023393,0.755852001778905,-1.0871661535929,-0.196519020072771,-0.311214420554942,0.579432712965189,0.799014296554738,1.68966143007487
385,76,3.47889101537006,0.802986761502395,-1.03606854056214,-0.144100455939587,-0.260116807524181,0.631851277098374,0.645721457462459,1.53768954208501
392,77,3.5295930280264,0.849155625247309,-0.985366527905802,-0.0918873936461054,-0.412222845493202,0.481256288766494,0.696423470118798,1.58990260437849
400,78,3.57978158934925,0.894277767961906,-0.935177966582952,-0.0400100261205049,-0.562788529461752,0.332379411000695,0.746612031441648,1.6417799719041
407,79,3.42996873851758,0.740127854903625,-0.885240349639062,0.0113732782322554,-0.512850912517862,0.383762715353455,0.796549648385538,1.69316327625686
414,80,3.28162828558732,0.587536486871279,-0.835793531995641,0.0622370675763719,-0.463404094874441,0.434626504697572,0.845996466028959,1.74402706560097
422,82,3.37921850034478,0.680369955625867,-0.933616104736581,-0.0339999231636102,-0.560761951648422,0.338854229924549,0.943586680786419,1.84320286235939
429,82,3.37921850034478,0.676293220068732,-0.933616104736581,-0.0326410113112322,-0.560761951648422,0.340213141776927,0.943586680786419,1.84456177421177
437,84,3.28321600603103,0.57572544362759,-0.837390866517451,0.0651059876170289,-0.464536713429291,0.437960140705188,0.847138698661908,1.74963555279639
445,86,3.37845483583592,0.666495291000807,-0.932197771970802,-0.0282112570257658,-0.369297883624403,0.534688631320633,0.751467944505476,1.65545445945051
453,87,3.23687608238102,0.520540107638951,-0.885004854152502,0.0204404707615202,-0.322104965806103,0.583340359107919,0.798660862323777,1.7041061872378
461,89,3.14311664474678,0.422493255177141,-0.791652183896741,0.115222279293139,-0.415050868683382,0.491823594506497,0.892013532579538,1.79888799576942
470,91,3.23586506731907,0.510520581723065,-0.884001686677532,0.0244464751878019,-0.322302446111093,0.586145715754241,0.798866190215747,1.70731435208108
478,91,3.23586506731907,0.506411448965466,-0.884001686677532,0.0258161861070015,-0.322302446111093,0.58751542667344,0.798866190215747,1.70868406300028
487,93,3.32687055900051,0.592888636636131,-0.792996194996093,0.118331112458699,-0.231296954429654,0.680030353025138,0.525849715171427,1.43717702262622
496,94,3.37199992724116,0.633585882261708,-0.928384299718042,-0.0155796180582251,-0.186167586189002,0.726637095470814,0.570979083412078,1.4837837650719
505,96,3.46135387155152,0.718600114383628,-1.01809494782204,-0.103843695432744,-0.0968136418786418,0.817437610510655,0.481981842895358,1.39623309528466
514,97,3.50567809226932,0.758673475071648,-0.973770727104242,-0.0581025213716851,-0.229786304032041,0.685881901700515,0.526306063613157,1.44197426934571
523,99,3.41797265291249,0.666802666760556,-1.06114077250439,-0.144084110453747,-0.142248561653551,0.774808100397093,0.613843805991648,1.53090046804229
533,99,3.41797265291249,0.662270886791272,-1.06114077250439,-0.142573517130652,-0.142248561653551,0.776318693720188,0.613843805991648,1.53241106136539
542,100,3.46096601095172,0.701269127065538,-1.01814741446516,-0.0982484531697683,-0.271228635771243,0.648670325524151,0.656837164030877,1.57673612532627
552,101,3.50372292343262,0.739676211502362,-1.14641815190786,-0.225069247931109,-0.228471723290342,0.69287718068641,0.699594076511778,1.62094298048853
562,102,3.54609428329332,0.777788082671013,-1.10404679204716,-0.181278058506392,-0.355585802872442,0.567182930668327,0.741965436372478,1.66473416991325
573,105,3.50432141357621,0.731429984388765,-1.31410562941607,-0.38980848635359,-0.229669949329432,0.694627193733048,0.867881289915488,1.79217843297797
583,106,3.37942977943967,0.602457515012367,-1.27247508470389,-0.346817663228125,-0.188039404617253,0.737618016858514,0.909511834627667,1.83516925610343
594,108,3.29750896225734,0.516140292750181,-1.35523325809818,-0.428110368262462,-0.105699909328942,0.821422980506777,0.991851329915978,1.9189742197517
604,110,3.21599530211241,0.430710847751182,-1.27358351495351,-0.345155363499769,-0.0240501661842725,0.90437798526947,0.910065503771568,1.83849365522531
615,112,3.29697366962193,0.507467506415884,-1.19260514744399,-0.262769759708643,-0.104630277019192,0.825205110716156,0.828688879587448,1.7585242673228
626,114,3.21639161084055,0.42275011937752,-1.27292684399129,-0.341713013503615,-0.0241783993548506,0.907035431132826,0.909140757251789,1.84035458773947
638,115,3.25620098227346,0.458142902736868,-1.23311747255838,-0.300431446046185,0.0156309720780587,0.948316998590256,0.789712642953058,1.72239866946525
649,118,3.21645831347826,0.414435162197363,-1.27261424159194,-0.33860652449831,0.133878804389498,1.06788652148313,0.750704248470377,1.68471196556401
661,121,3.3334412989238,0.527180148153482,-1.31144913357272,-0.376028749982617,-0.0612522745208022,0.874168109069303,0.867687233915918,1.80310761750602
673,122,3.21779979725003,0.407388517130078,-1.27290196634813,-0.336098206308147,-0.0227051072962112,0.914098652743773,0.906234401140509,1.84303816118049
685,124,3.2944968559409,0.480019945051415,-1.34926065401594,-0.411101683719446,-0.0997405370101401,0.838418433286355,0.982931459831379,1.92109043012787
698,125,3.33253864878633,0.513748968831926,-1.46338603255223,-0.52378947256743,-0.0616987441647101,0.877897815820091,1.02097325267681,1.96056981266161
710,127,3.40786391582579,0.585174613899299,-1.38806076551277,-0.447164331537274,-0.287674545283091,0.653221888692406,1.09629851971627,2.03719495369177
723,128,3.4451576228572,0.618328527813545,-1.35076705848136,-0.40849069346681,-0.250380838251681,0.69189552676287,0.984417398622039,1.92669376363659
737,130,3.51918141269248,0.687988897107692,-1.27674326864608,-0.333012430117821,-0.324100419447042,0.61963041908122,0.910089400146838,1.8538202386751
750,132,3.59265344924372,0.75749380682965,-1.3504136106504,-0.40536039651238,-0.250628382895803,0.694424831242219,0.836815669048677,1.7818688831867
764,135,3.55673967067224,0.717395301941748,-1.241327502503,-0.294879379592838,-0.286924747585362,0.659523375324802,0.799939704162318,1.74638782707248
777,137,3.48452440383933,0.641372476827621,-1.16929908014099,-0.221581771137089,-0.358766325476472,0.588950983527431,0.871968126524328,1.81968543552823
791,138,3.5201705541293,0.67299927562489,-1.2762375310109,-0.327180438176098,-0.323120175186501,0.625936917648302,0.907614276814298,1.8566713696491
806,139,3.55559237147809,0.70420442617347,-1.24081571366211,-0.290353065227239,-0.429385627232872,0.521077021202001,0.943036094163087,1.89349874259796
820,141,3.48523273774893,0.629989831945409,-1.31100183404847,-0.359254198780632,-0.359112750175111,0.592634885092729,1.01330897122085,1.96505660648869
835,145,3.62449562980911,0.765205447456665,-1.31083257047245,-0.357735843021636,-0.498376562996331,0.454720164454484,1.01314062840587,1.96623735585668
851,146,3.65901946379709,0.795503223205315,-1.27630873648447,-0.321803322953881,-0.463852729008352,0.49065268452224,0.909569126441928,1.86407453997252
866,150,3.65894071938944,0.791544595990629,-1.27622832254208,-0.320429614742479,-0.464251467758523,0.49154724004108,0.909966195657358,1.86576490345696
882,152,3.59163575198272,0.720185209292306,-1.20876986584296,-0.251619684946158,-0.531863413750042,0.425286767146762,0.977424652356477,1.93457483325328
898,154,3.65886514528318,0.783443712412546,-1.2761511901697,-0.317677379212823,-0.46463402044958,0.493839790507298,0.9103471900823,1.86882100103918
914,156,3.72520107838785,0.845889093551531,-1.34263307709919,-0.382862415487087,-0.398298087344912,0.561472574267193,0.844157210802447,1.80392787241455
931,158,3.65976122738683,0.776400188263343,-1.27683718511525,-0.315716838740757,-0.332502195360972,0.628618151013523,0.778005277835588,1.73912562421008
947,161,3.62685020135362,0.739754967689711,-1.30905644184178,-0.346691363953812,-0.365135190644981,0.597229887242988,0.875768555879338,1.83813363376731
965,162,3.52967066909485,0.638459930748058,-1.27666326442219,-0.312926351639929,-0.332742013225392,0.630994899556871,0.908161733298927,1.87189864608119
982,165,3.4979415251317,0.602923875191413,-1.30878717951626,-0.343781296202834,-0.236499819558341,0.728506063755087,0.875772598689098,1.84077848200253
1000,168,3.59327293639764,0.694305835523539,-1.21345576825032,-0.247133401292289,-0.267849679336322,0.69847268762171,0.716459635935198,1.68278200289323
1018,170,3.53024786507491,0.627411868943082,-1.15055512956897,-0.182943130858362,-0.330625885376291,0.636986113334318,0.779360274616549,1.74697227332716
1037,174,3.5306733410551,0.623837536953094,-1.15098167326666,-0.182036405232661,-0.330929639923543,0.638015628110458,0.779665096881297,1.7486103649153
1055,177,3.49991680024261,0.589368294487227,-1.18162064955543,-0.211437814303638,-0.238184676517152,0.731998158734642,0.748315650576169,1.71849848582796
1075,180,3.59187364935181,0.6772839546742,-1.08966380044623,-0.118133902220362,-0.391369689418392,0.580160208807478,0.717586965259009,1.68911686348488
1094,183,3.68272731681595,0.764377328215748,-1.11991110137741,-0.147127771844014,-0.421506142758012,0.551277186775387,0.687117052065666,1.65990038159907
1114,186,3.65228895887996,0.730060561182507,-1.02958012358556,-0.0555039910197433,-0.4512893276738,0.522786804892017,0.657007617125599,1.63108374969142
1134,189,3.62276641754356,0.696738362348587,-1.05942026133372,-0.0840775762687311,-0.481449617377962,0.493893067687029,0.746530585914318,1.72187327097931
1155,191,3.5638919864823,0.633955799801249,-1.00049467958422,-0.0238492840238743,-0.422524035628463,0.554121359931886,0.687553853476578,1.66419924903693
1176,193,3.62243788572703,0.688673871521008,-1.17613237731841,-0.198211039249739,-0.363978136383732,0.613943201684941,0.746099752721308,1.72402109078998
1197,196,3.5937056034288,0.656191000869212,-1.2051569823084,-0.225985448121874,-0.393297288937562,0.585874245248966,0.833175792563358,1.81234732674989
1219,199,3.44985598431917,0.508491884361367,-1.11892390011051,-0.13846920012458,-0.421913834223712,0.558540865762221,0.919408874761247,1.89986357474718
1241,203,3.56390988079232,0.618774731228608,-1.00487000363736,-0.0231582871161246,-0.535689545634842,0.446022170886395,0.805076793226078,1.78678850974731
1263,205,3.50720609998494,0.558375377937403,-1.06112339520498,-0.0781798211891368,-0.479210959447343,0.503732614568502,0.861555379413577,1.84449895342942
1286,208,3.59106968899787,0.638453068841821,-1.08893241531797,-0.104726875265956,-0.507282019676092,0.476923520375924,0.833571870742388,1.8177774107944
1310,214,3.53512875436258,0.578643034855668,-1.14436130360266,-0.158866063767025,-0.451639679199182,0.533855560636454,0.889299353185457,1.87479459302109
1334,217,3.50757366000894,0.547298771020663,-1.06186170093654,-0.0751034046071166,-0.369140076533062,0.617618219796362,0.751855242206858,1.73861353853628
1358,217,3.50757366000894,0.543586462527988,-1.06186170093654,-0.0738659684428914,-0.369140076533062,0.618855655960587,0.751855242206858,1.73985097470051
1382,221,3.50719839650022,0.539572852660786,-0.953811590480861,0.0353969241322836,-0.476677870527741,0.512530644085403,0.751718189254579,1.74092670386772
1407,222,3.53393407085228,0.562594278320837,-0.927075916128802,0.0633706813816783,-0.449942196175682,0.540504401334798,0.671511166198398,1.66195776370888
1433,227,3.45419726013313,0.47907348170422,-0.900472114530633,0.0912358116123366,-0.423264269047232,0.568443657095737,0.697966248190928,1.6896741743339
1459,232,3.58551378541216,0.606683329940173,-0.978885185698882,0.0140582994584467,-0.396884390994881,0.596059094162448,0.618682916027799,1.61162640118513
1486,235,3.55959944719614,0.576998428944879,-1.0047294126489,-0.0105290732318146,-0.318858789143981,0.675341550273105,0.592415879342939,1.58661621876003
1512,240,3.58522127806119,0.599062249163597,-0.978761238205493,0.0166251047603702,-0.293098003332773,0.70228833963309,0.515065088223267,1.51045143118913
1540,242,3.63640261128728,0.646488826738355,-1.13230523788376,-0.135667309700789,-0.241916670106683,0.754721258076291,0.566246421449357,1.56288434963233
1568,247,3.66173044176524,0.668138682238937,-1.00547548598796,-0.00761156614586134,-0.216719809904401,0.781144109937699,0.388891978873319,1.38675589871542
1596,250,3.73725970703538,0.740063831952597,-1.1315277605649,-0.132462468870642,-0.141190544634263,0.857874747059997,0.363885722909977,1.36295101460424
1625,257,3.71205160595118,0.711197816523759,-1.05645865231334,-0.0561740558375359,-0.265750181180582,0.734534415295224,0.438584352288936,1.43886894876474
1655,259,3.76155915736248,0.756998493460384,-1.1061178816278,-0.104597660327103,-0.315106054688723,0.686414166611975,0.488091903700237,1.48961212500094
1685,263,3.76135253160136,0.753160480922302,-1.1060293280722,-0.103298644512517,-0.314958783840963,0.687771899718722,0.488062705057997,1.49079338861768
1715,267,3.7612815241792,0.74953071290805,-1.10604316742092,-0.10212623033054,-0.411902893933362,0.59201404315702,0.585091661921277,1.58900859901166
1747,272,3.78497016061283,0.769500343388104,-1.17799890669757,-0.172842300955994,-0.483744966804331,0.521411638937245,0.705200837635269,1.71035744337684
1778,275,3.66599435660542,0.64699469148977,-1.10654918620238,-0.100215964497165,-0.412295246309142,0.594037975396074,0.681277200652298,1.68761042235751
1811,280,3.68978255356196,0.667101166786072,-1.17712361891952,-0.169563156660893,-0.388822635255481,0.618737827003147,0.704590825359238,1.71215128761787
1843,282,3.73657346475936,0.710393823716434,-1.13033270772212,-0.121606160707811,-0.34203172405808,0.666694822956229,0.564218091767041,1.57294463878135
1877,288,3.78304739225626,0.753225472308283,-1.08400717531634,-0.0740665353336836,-0.388182119047302,0.621758520935357,0.517569026853579,1.52750966683624
1911,292,3.78292695739465,0.749536732983112,-1.08369223437151,-0.0725621595676682,-0.388011616114992,0.623118458688853,0.517204017838047,1.52833409264189
1946,295,3.75983806891671,0.722848909083197,-1.10635387648338,-0.0940241565388718,-0.410626155138733,0.601703564805771,0.585569087451587,1.59789880739609
1981,299,3.8501213207056,0.809605766519767,-1.10598664862392,-0.0924814638953122,-0.501000941110604,0.512504243618006,0.585293393775116,1.59879857850373
2017,306,3.82794365128885,0.783873759788345,-1.21780797506784,-0.203118011234334,-0.434023837446553,0.580666126386948,0.652315285971726,1.66700524980523
2054,310,3.91657117742246,0.868922241341907,-1.21802547456414,-0.202142495870627,-0.522478187432782,0.493404791260735,0.652359609320657,1.66824258801417
2091,316,3.87297170204494,0.821815913721994,-1.17406617706966,-0.157014247628681,-0.478814909283503,0.538237020157478,0.608336509054418,1.6253884384954
2129,320,3.78628190399799,0.731596779450896,-1.17435506147753,-0.1561266866285,-0.391795847515453,0.626432527333577,0.608296129741188,1.62652450459022
2167,326,3.65707245765378,0.598928503533398,-1.1314337592459,-0.112052441205775,-0.348671949869743,0.670709368170383,0.651460376208057,1.67084169424818
2207,329,3.72108680263281,0.659375260892818,-1.23833185791439,-0.217761344001063,-0.284657604890715,0.735912909022615,0.630329784918487,1.65090029883182
2247,334,3.82695451579009,0.761747707229977,-1.2169230318634,-0.195187429010025,-0.433267560414315,0.588468042439055,0.651663201233806,1.67339880408718
2288,340,3.78519929135611,0.71648203034231,-1.25934546446837,-0.236439710797109,-0.391344288366572,0.631561465304694,0.693917586225027,1.71682333989629
2329,344,3.78509989721333,0.712942513755662,-1.17598464465332,-0.151932183500761,-0.474759504227112,0.549292956925443,0.694071376413287,1.71812383756584
2371,351,3.92954853788998,0.853937304293914,-1.27895739410607,-0.253753649574044,-0.578187886932263,0.447015857599758,0.756023867894537,1.78122761242656
2414,358,3.90890960666918,0.829833103260593,-1.21724678805258,-0.190887953583056,-0.598826299775745,0.427532534693783,0.735590605905337,1.76194944037486
2458,363,3.84795491535084,0.765403919099345,-1.1158784255766,-0.0883614268261064,-0.578485397601444,0.449031601149053,0.674836032573396,1.70235303132389
2503,368,3.86800828411412,0.781975659490011,-1.17658699187104,-0.147909450329676,-0.558367056670043,0.470310484871325,0.695372889173157,1.72405043071453
2548,372,3.86781183821804,0.778367473515594,-1.25600910848969,-0.226194320255538,-0.478897400475603,0.550917387758545,0.695521795493438,1.72533658372759
2595,378,3.90761630917396,0.814680353504124,-1.21641755791708,-0.185438906027134,-0.518871305173921,0.512107346716025,0.656099678663239,1.68707833055318
2642,382,3.7513075072505,0.654950527100391,-1.13827077149714,-0.106151778113766,-0.518856076090376,0.513262917292994,0.734246465083181,1.76636545846655
2690,391,3.77073605542651,0.670955332060417,-1.11889923679814,-0.0856389956761061,-0.421999778212854,0.611260462909176,0.598590084330667,1.6318503254527
2738,399,3.77096981178189,0.66783349240842,-1.19571679384476,-0.161338020720268,-0.345480735694714,0.688898037429774,0.598654842503766,1.63303361562825
2788,404,3.71404810167189,0.607486106715599,-1.10049777711651,-0.0649771121310823,-0.402954729703513,0.632565935281917,0.617831529894328,1.65335219487976
2839,412,3.71426965150418,0.604284010423162,-1.10043563964374,-0.0637737592834033,-0.478476025209822,0.558185855150516,0.693069138095577,1.72973101845592
2890,418,3.75157068387908,0.638229944706826,-1.13823236217976,-0.100452115789014,-0.441122660647643,0.596657585743107,0.656211463694518,1.69399171008527
2943,424,3.78837891509169,0.671621388914214,-1.10089120680223,-0.0619720314097441,-0.478222364308195,0.560696811084296,0.619161780764927,1.65808095615742
2996,429,3.73322209697972,0.613116329105388,-1.15589899406364,-0.115863738105535,-0.459919435647404,0.580115820310706,0.711023457477516,1.75105871343563
3051,437,3.66074491181667,0.5372342796351,-1.15607816447777,-0.114907953750584,-0.386986394025374,0.654183816701814,0.710746771432667,1.75191698215986
3106,442,3.67893060672196,0.552083450276619,-1.2101900544388,-0.167907668957025,-0.369129116379924,0.673153269101856,0.728815688842957,1.77109807432474
3162,446,3.60750796368805,0.477331186478015,-1.13859549784319,-0.095203238773184,-0.369272620173913,0.674119638896098,0.728787279075245,1.77217953814526
3220,455,3.55473124542405,0.421175095461553,-1.19183683376735,-0.14731811711318,-0.280780138168026,0.763738578486141,0.746312851257496,1.79083156791166
3278,462,3.60745561839604,0.470587820599236,-1.20924480061744,-0.163622201351844,-0.368971070276043,0.676651528989557,0.799187377243637,1.84480997650924
3338,470,3.60757627367478,0.467351203636834,-1.34819762858078,-0.301455938568133,-0.299649505850784,0.747092184161864,0.868697985502976,1.91543967551562
3398,478,3.67645592217466,0.532940690409316,-1.34835600544398,-0.300517594855535,-0.29935768891762,0.748480721670827,0.799684896933137,1.84752330752158
3460,483,3.55739717200619,0.410549948073462,-1.26300389245013,-0.214054817805891,-0.282474238890014,0.766474835754228,0.816508084080148,1.86545715872439
3523,491,3.69291928129622,0.542754292742907,-1.33073657915614,-0.280681582971705,-0.350306849966024,0.699748146218412,0.816551272572138,1.86660626875657
3587,502,3.81016707072067,0.656699155423065,-1.34749330289813,-0.296337331132266,-0.434152412964693,0.617003558801174,0.799905769888348,1.85106174165421
3652,510,3.8098819024591,0.653126460940537,-1.2808091305713,-0.228557316731773,-0.434069504307537,0.618182309531985,0.733423857165903,1.78567567100543
3718,518,3.80988680075566,0.649859750948257,-1.28098382592842,-0.227641475992624,-0.499672899447823,0.553669450487976,0.799197049366779,1.85253939930258
3786,526,3.81016183762731,0.64683147731163,-1.28081413100825,-0.226370677569694,-0.434487141942135,0.619956311496423,0.733566560069267,1.78801001350783
3854,535,3.82613640447562,0.659568605271319,-1.26460294610942,-0.209080346374658,-0.483020464372103,0.572502135362662,0.749914130752096,1.80543673048686
3924,544,3.84193026900707,0.672096028572157,-1.24831652419229,-0.191705110713991,-0.467030049338856,0.589581364139447,0.701843429270266,1.75845484274857
3995,550,3.87357163382226,0.700490337670799,-1.28032768900962,-0.222633923625805,-0.434906938010624,0.622786827373195,0.670090117944174,1.72778388332799
4068,560,3.84230000262975,0.665946923678707,-1.37489736502297,-0.316113005372628,-0.403502748219616,0.65528161143073,0.764527235359026,1.82331159500937
4142,570,3.8734088114689,0.693805588711013,-1.40605239945763,-0.346184658538331,-0.372210491026944,0.687657249892349,0.733281203761855,1.79314894468115
4217,577,3.73438153568942,0.551549945283149,-1.35944890139822,-0.298505037929468,-0.326006061556384,0.734937801912371,0.779500552011374,1.84044441548013
4294,589,3.73466938414031,0.548589548639045,-1.42087203669849,-0.35884542486474,-0.326149355062775,0.735877256770979,0.840779132367146,1.9028057442009
4371,596,3.71918605020254,0.529922535617035,-1.43587807545629,-0.372790237261124,-0.341127221417533,0.721960616777636,0.886246371417464,1.94933420961263
4451,605,3.73434251654461,0.541837096610596,-1.36041345389171,-0.296244980580376,-0.386676659951792,0.677491813359545,0.841174722045086,1.90534319535642
4532,615,3.70427534078421,0.508553255285026,-1.39006816719158,-0.324827472025186,-0.356722186481104,0.708518508685292,0.870942137634657,1.93618283280105
4614,623,3.76332645843446,0.564412856140188,-1.39006572049294,-0.323761186394852,-0.356745161358383,0.709559372739707,0.811911548163057,1.87821608226115
4698,634,3.74876163019746,0.546643787742401,-1.40459386613345,-0.337221251981765,-0.313099414795015,0.754273199356672,0.797358775477186,1.86473138962887
4783,642,3.74860597647845,0.5433103126692,-1.34657037073762,-0.278138482801205,-0.255014399714945,0.813417488221474,0.681405918720294,1.74983780665671
4870,651,3.70523500033342,0.496751469175767,-1.27461547196582,-0.20512096157994,-0.298076059014303,0.77141845137158,0.695883655392898,1.76537816577878
4958,663,3.7622103346916,0.550566406375614,-1.16046765675964,-0.0899196806543148,-0.355097955896962,0.715450020208366,0.581782402711198,1.65233037881653
5048,675,3.76205505064129,0.547243086240141,-1.16045255908622,-0.0888485709525062,-0.298554654148546,0.773049333985171,0.525379287339653,1.59698327547337
5140,685,3.79017395702902,0.57218812355273,-1.24478731330902,-0.172125368816926,-0.270523609464902,0.802138335027194,0.553564090491097,1.62622603498319
5233,696,3.77640852069611,0.55527817099092,-1.31440257921481,-0.240692462646415,-0.228864521456892,0.844845595111504,0.595285704721789,1.66899582129018
5328,705,3.73512449921991,0.510845800112766,-1.24542452090033,-0.170664954531276,-0.270379926392526,0.804379639976524,0.609107072819114,1.68386663918816
5425,716,3.77619424319593,0.548764934080856,-1.25907728510955,-0.183267515404528,-0.284164926919193,0.791644842785831,0.595475093579008,1.67128486328403
5523,730,3.80313932092317,0.572590145935442,-1.23202235809315,-0.155172633097246,-0.257198876010236,0.819650848985672,0.514509037926405,1.59135876292231
5623,739,3.87014868152034,0.636479020325492,-1.21882652253358,-0.140936635468634,-0.297372090057141,0.780517797007807,0.474477055816578,1.55236694288153
5725,753,3.89656701045586,0.659777606195978,-1.19237963970991,-0.113449838289946,-0.376701363777386,0.702228437642574,0.500941117777614,1.57987091919757
5829,765,3.94904424472288,0.709137128216873,-1.13959285301416,-0.0596238141788263,-0.429334265301083,0.650634773534251,0.448309998338559,1.52827903717389
5935,779,3.92288512615101,0.679863542696958,-1.16575335352079,-0.084746159036108,-0.351137926658353,0.729869267826331,0.422433278774328,1.50344047325901
6043,788,3.98724682344071,0.741115162250257,-1.25619676796637,-0.174152880902883,-0.389651455523808,0.692392431539678,0.487028524795633,1.56907241185912
6153,802,3.96163218056855,0.712395906846517,-1.23062639053265,-0.147547632625309,-0.364090081143491,0.718988676763852,0.461511415853789,1.54459017376113
6264,814,4.01255092862638,0.760243906371793,-1.23090408615066,-0.146801745399134,-0.414991920074783,0.669110420676745,0.461772202345259,1.54587454309679
6378,831,4.02549181051624,0.770093530774776,-1.11780073699284,-0.032667977079021,-0.453017477175443,0.632115282738377,0.373753528398236,1.45888628831206
6494,842,4.01336489785956,0.754883683931843,-1.18014147688836,-0.0939810722457912,-0.515636423863764,0.570523980778807,0.510840127638755,1.59700053228133
6612,854,3.91435434026068,0.652799345895767,-1.18018221136912,-0.0929972132474852,-0.416828974971523,0.670356023150114,0.511083970826157,1.59826896894779
6732,867,3.9755818561033,0.710963010528941,-1.16816471068922,-0.0799584288311035,-0.502575973577223,0.585630308280896,0.523585952909336,1.61179223476745
6854,881,3.90278926671149,0.635117222137323,-1.19242293381499,-0.103198918956938,-0.478431754250114,0.610792260607941,0.596492546099807,1.68571656095786
6978,897,3.95100519882236,0.68029128035872,-1.24047233441796,-0.15023436159675,-0.430422235347685,0.659815737473528,0.548316495689477,1.63855446851069
7105,910,4.01060680010275,0.73683915083013,-1.22857390402736,-0.13731802093649,-0.418558676434525,0.672697206656349,0.464952905105314,1.55620878819619
7234,924,3.98674710145518,0.709939191637444,-1.20464438607575,-0.112375082803168,-0.394848194431184,0.697421108841394,0.441172603797934,1.53344190707051
7365,937,4.04535817415425,0.765523979074562,-1.23984074438367,-0.146562679357112,-0.476808214311593,0.61646985071497,0.499717909287206,1.59299597431377
7499,950,3.87124583357632,0.588377373329229,-1.27451430725184,-0.180224820502806,-0.372430714192397,0.721858772556635,0.604126312614085,1.69841579936312
7635,968,3.89411349667317,0.608226521658347,-1.25172100280167,-0.1564253444634,-0.441372567280993,0.65392309105728,0.627407198155687,1.72270285649396
7774,985,3.90537107560425,0.616460156028033,-1.24046266780807,-0.144159027949337,-0.429736006694952,0.666567633163786,0.593254723644968,1.68955836350371
7915,999,3.88255613656234,0.590638557652663,-1.21760466290327,-0.120298803266708,-0.497482586812026,0.599823272824531,0.660958237899134,1.75826409753569
8058,1012,3.84910198932242,0.554195300709925,-1.16156501474774,-0.0632627852102468,-0.486275516527225,0.612026713010272,0.627165666698737,1.72546789623623
8205,1028,3.89339527049625,0.595476682428616,-1.20575749000434,-0.106451293981799,-0.486565866395626,0.612740329626919,0.627355210649895,1.72666140667244
8354,1046,3.82760141910948,0.526690520549281,-1.139940929883,-0.0396372970296048,-0.508603420944961,0.591700211908437,0.649370056464679,1.74967368931808
8505,1060,3.89272905435335,0.588845558937106,-1.20540007348366,-0.104105575011576,-0.530158125681414,0.571136372790666,0.671256269557905,1.77255076802998
8660,1077,3.86013567279052,0.553261182699833,-1.15145337673108,-0.0491618800341893,-0.519215789743082,0.583075706953812,0.638960618429838,1.74125211512673
8817,1097,3.81724224223715,0.507398155182244,-1.19402389804326,-0.0907425356916214,-0.476718645515813,0.626562716835821,0.681927426068103,1.78520878841974
8977,1116,3.89164616042935,0.578835522382563,-1.20443114534977,-0.100160932667502,-0.529899269134805,0.574370943547458,0.671111378801392,1.77538159148366
9140,1133,3.90212476969782,0.586351699263191,-1.2360146350095,-0.130756944864619,-0.519290976029335,0.585966714115542,0.681607966087185,1.78686565623206
9306,1151,3.88141794029744,0.562687565343206,-1.21512866177076,-0.108885203452685,-0.581808103566562,0.524435354751516,0.743945949786077,1.85018940810416
9475,1174,3.95370641744646,0.632024814199575,-1.1841783615373,-0.0769511604550079,-0.633292526960062,0.473934674122232,0.692191595797098,1.79941879687939
9647,1191,4.00466365473876,0.680037789326609,-1.25568138169904,-0.147472759894986,-0.582001683089235,0.526206938714817,0.661446534795683,1.76965515659973
9822,1211,3.96393759224133,0.636375264655517,-1.21476690268019,-0.10557946015159,-0.582198207589833,0.526989234938769,0.661454642774885,1.77064208530349
10000,1229,4.02411123764487,0.693621028093105,-1.27512653394177,-0.164963130757843,-0.602075412866483,0.50808799031744,0.681517833909556,1.79168123709348
10182,1251,4.12368434222025,0.790259595281535,-1.25514671894259,-0.144005136629686,-0.661786610857032,0.449354971455872,0.62167611232557,1.73281769463847
10366,1271,4.0842880378322,0.747955020847359,-1.25534996146281,-0.143238955801193,-0.622129716539163,0.489981289122449,0.621618764915958,1.73372977057757
10554,1288,4.05495737712381,0.715711363379288,-1.24542863179731,-0.132346627215798,-0.612312457869304,0.500769546712204,0.631210837288975,1.74429284187048
10746,1310,4.15188506541557,0.809722822416925,-1.26448924467512,-0.150435163675568,-0.592989957891113,0.521064123108434,0.534021261896847,1.64807534289639
10941,1329,4.21911623973376,0.87405069183604,-1.31231826462536,-0.197296415326122,-0.641136903143401,0.473884946155838,0.5627660527812,1.67778790208044
11140,1349,4.295280929665,0.947311016989108,-1.38852533261964,-0.272535361727671,-0.679398300120717,0.436591670771249,0.601069827821526,1.71705979871349
11342,1370,4.26710274817183,0.916242858663072,-1.34136746703185,-0.224414170528933,-0.707925099550692,0.409028196952226,0.610616943156909,1.72757023965983
11548,1390,4.26691741303769,0.913168422068543,-1.34123414933759,-0.223317819014543,-0.558359803200073,0.559556527122975,0.461103664246167,1.57901999456922
11757,1409,4.22055022999397,0.863927785029861,-1.31344251596856,-0.194568367647188,-0.604741200975354,0.514132947346015,0.526060611696128,1.6449347600175
11971,1436,4.24808119180851,0.888574540456802,-1.28579359801684,-0.165958047566275,-0.577246435171844,0.542589115278726,0.443385966126353,1.56322151657692
12188,1457,4.22085315391296,0.858479541377327,-1.27684444198116,-0.156053237802618,-0.604475707755682,0.516315496422862,0.488894120570077,1.60968532474862
12409,1481,4.18512806385067,0.819892107682187,-1.31313559230372,-0.191390273580895,-0.604656263445605,0.517089055277224,0.561090916644833,1.68283623536766
12635,1508,4.14044260682376,0.77233727946318,-1.28612678384691,-0.163425008060052,-0.613750076636794,0.508951699150067,0.587861378406124,1.71056315419299
12864,1532,4.10490101243063,0.733945544849403,-1.17989859045401,-0.0562467679269283,-0.648987082459403,0.474664740067674,0.552411785228955,1.67606360775603
13097,1557,4.11380198880236,0.7400036039086,-1.17124119495596,-0.0466417333247082,-0.640195176930845,0.484404284700407,0.526061507830637,1.65066096946189
13335,1583,4.09659675970175,0.719951600324396,-1.29300102416981,-0.167452637710694,-0.518358918762374,0.607189467696743,0.543190307976626,1.66873869443574
13577,1606,4.01924628473829,0.639763516083791,-1.26721005568115,-0.140715799462981,-0.492667094630271,0.633827161587896,0.56905799031933,1.6955522465375
13824,1633,4.04475811329699,0.662436170685007,-1.20750823538572,-0.0800675878483954,-0.535383578729167,0.592057068808161,0.526560825564076,1.6540014731014
14075,1659,4.02789109373157,0.642740847364407,-1.22442540400723,-0.096041988551506,-0.518542220503505,0.609841194952216,0.543503655525335,1.67188707098106
14330,1681,4.01114257113015,0.623175440019994,-1.20767177111389,-0.0783493940771764,-0.501756012449654,0.627566364587063,0.526712337179589,1.65603471421631
14590,1708,4.0361199126494,0.645337100951565,-1.14968246052624,-0.0194215232936326,-0.51004243556504,0.62021850166757,0.452032108188078,1.58229304542069
14855,1740,4.10175262732591,0.708156439629642,-1.24823034402581,-0.117031614793717,-0.543077225355809,0.588121503876281,0.517982066801871,1.64918079603396
15125,1766,4.11816681282287,0.721760591333307,-1.29730963136533,-0.165174224202143,-0.559187094295531,0.572948312867656,0.566757037584189,1.69889244474738
15399,1799,4.02905382606582,0.629851992237705,-1.28948300809627,-0.156415730153565,-0.486355274659026,0.646712003283678,0.575211581435653,1.70827885937836
15679,1830,4.05307917411653,0.651076665126254,-1.26557615575631,-0.131575319426214,-0.462383437636305,0.671617398693788,0.503307544022256,1.63730838035235
15963,1859,4.02938763401785,0.624600264129859,-1.28958192548275,-0.154652802186753,-0.422745278911108,0.712183844384889,0.51136669512217,1.64629581841817
16253,1889,4.01364078707025,0.606065570980839,-1.21091550137671,-0.0750570960135746,-0.406875015044712,0.728983390318425,0.432576854097363,1.5684352594605
16548,1915,3.99802418678759,0.587668801112326,-1.22658753602438,-0.0898024074659542,-0.453778391050854,0.683006737507567,0.510768865033825,1.64755399359225
16849,1944,4.00539949956448,0.592263181737612,-1.3114608353212,-0.173748729378909,-0.384086947877513,0.753625158064777,0.518575408380407,1.6562875143227
17154,1975,4.02838631046475,0.612487435020698,-1.38036689151777,-0.241733933036415,-0.391489027857645,0.747143930623707,0.571896733656835,1.71052969213819
17466,2007,4.02868050372752,0.610011145909417,-1.319409050216,-0.17985259760996,-0.330688326181921,0.808868126424114,0.449843997416565,1.5894004500226
17783,2040,3.97622393009535,0.554795013059898,-1.37225906448961,-0.231782758811127,-0.293106598151248,0.847369707527237,0.517568857291707,1.65804516297019
18106,2074,3.99149035967187,0.567304867104025,-1.38721630479201,-0.245821140602723,-0.307963204796522,0.83343195939276,0.532116274662833,1.67351143885212
18434,2111,3.93985293588389,0.512923105100243,-1.32044651839158,-0.178136574797035,-0.330152245570105,0.812157698024445,0.539172952823975,1.68148289641852
18769,2141,3.95435798118012,0.524680229891449,-1.30591864674697,-0.162692729650745,-0.374006354916602,0.76921956217962,0.553994145229638,1.69722006232586
19110,2169,3.98357110054167,0.55115115376217,-1.30614252836397,-0.162002546104138,-0.403155469968368,0.740984512291464,0.554154022536871,1.6982940047967
19456,2205,4.04125691067386,0.60610910381961,-1.33503572366119,-0.189986454709769,-0.489617901123026,0.65543136782839,0.611823838856537,1.75687310780795
19810,2241,3.98441276728332,0.546528770130323,-1.3065206745436,-0.160559342159265,-0.461265881507039,0.684695450877295,0.611800913513484,1.75776224589782
20169,2281,3.98445322249762,0.5438488288504,-1.33492428229354,-0.188056151077802,-0.489625300996778,0.657242830218962,0.668523485538898,1.81539161675464
20535,2317,3.95621014231473,0.512886641885216,-1.27866799829575,-0.130893498152573,-0.517587384670229,0.630187115472943,0.668472365397413,1.81624686554059
20908,2352,3.94951759084923,0.503477319550183,-1.25795795627506,-0.109277865842043,-0.441263104244975,0.707416986188039,0.578130594416983,1.72681068485
21288,2391,3.99749802162459,0.548744301796058,-1.40250363140093,-0.252919058124756,-0.420370456982091,0.729214116294085,0.653803191504629,1.80338776478081
21674,2433,3.92949356228048,0.47803757686825,-1.41628492722744,-0.265799598756702,-0.379417503859564,0.771067824611178,0.694635993552723,1.84512132202347
22067,2473,3.95645040285919,0.502297004884793,-1.41625030525821,-0.264865839266744,-0.325370902406853,0.826013563584613,0.613597929552071,1.76498239554354
22468,2512,3.97667218191173,0.519820389850366,-1.36954239899695,-0.217258468309827,-0.358905243410909,0.793378687276212,0.580202585242297,1.73248651592942
22876,2554,4.0963440844916,0.636800618261604,-1.40938665654788,-0.256205501137883,-0.452100297435884,0.701080857974114,0.593569994238358,1.74675114964836
23291,2596,4.10929422759597,0.647066527634625,-1.44875785142303,-0.294681951435909,-0.465309009349426,0.688766890637691,0.633199757922661,1.78727565790978
23714,2637,4.06357223973281,0.598662141108338,-1.39008559431135,-0.235115561436529,-0.458757084710953,0.696212948163869,0.613697564035682,1.76866759691051
24144,2688,4.00551555160666,0.537932043065199,-1.3188735335417,-0.163012364027876,-0.516944999468897,0.638916170044924,0.658730106150102,1.81459127566392
24582,2725,4.08872158551581,0.618468198555826,-1.33799763288548,-0.181246503898815,-0.561730537359075,0.595020591627585,0.639433709474929,1.79618483846159
25029,2763,4.12683812855471,0.653913368751451,-1.37611023734617,-0.218468650745082,-0.574355876060572,0.583285710540514,0.65205510959823,1.80969669619932
25483,2810,4.17052261660281,0.694937778690356,-1.28177363190127,-0.123245352597116,-0.630840980338867,0.527687298965284,0.57051912038353,1.72904739968768
25946,2855,4.07692117444122,0.59867661645651,-1.30045024909714,-0.14103539643557,-0.549945566340341,0.609469286321228,0.601901765742461,1.76131661840403
26416,2901,4.06449791212886,0.58360621764602,-1.33732380985983,-0.177026578365546,-0.587135851205424,0.573161380288855,0.688388873682577,1.84868610517686
26896,2951,3.95419216857709,0.470649874590279,-1.22710308363003,-0.0659223189677647,-0.599323398086831,0.561857366575438,0.700661437885962,1.86184220254823
27384,2993,3.96645300663481,0.480268659136784,-1.28785329562275,-0.125791846456736,-0.514277538863141,0.64778391030287,0.664104952597256,1.82616640176327
27881,3042,3.9483191060164,0.459496584393348,-1.2334622083522,-0.0705213678111836,-0.460302117255004,0.702638723286013,0.573872344336998,1.73681318487801
28387,3088,4.00793241125644,0.516476451406941,-1.26913625133488,-0.105317598051718,-0.472304397863681,0.691514255419486,0.561935362688317,1.72575401597148
28903,3146,4.06691328794672,0.57282437801302,-1.28095446750284,-0.116258164191612,-0.484162840027643,0.68053346328359,0.526631144329961,1.69132744764119
29427,3197,4.08420905268636,0.587498639889263,-1.31002671533859,-0.144456577739562,-0.443416387306996,0.722153750292036,0.497661174705399,1.66323131230443
29961,3243,4.09591138371908,0.596581612602789,-1.32162404078296,-0.155180783744202,-0.478527456107365,0.687915800931398,0.532667237917437,1.6991104949562
30505,3293,4.15339765413785,0.651451615835474,-1.37897531059335,-0.211659964492563,-0.51307720411215,0.654238141988641,0.567081985313848,1.73439733141464
31059,3345,4.10764607089134,0.603087748143998,-1.33317173312265,-0.164985625540206,-0.581576126358655,0.586609981223793,0.635528913336145,1.80371502091859
31623,3401,4.13023810225994,0.623072316540044,-1.28811880870926,-0.119063546802626,-0.581426878476861,0.58762838342977,0.567734709672344,1.73678997157897
32197,3454,4.15786608030325,0.648098441031284,-1.37231500697195,-0.202392460547963,-0.530584229232353,0.639338317191636,0.573460280647247,1.74338282707124
32781,3514,4.13551395471015,0.623150810545182,-1.48318412131625,-0.312396406594594,-0.53059407187105,0.640193642850605,0.706691363223349,1.877479077945
33376,3574,4.22354982615794,0.70859390334118,-1.43914284821726,-0.267490873945005,-0.574815171672455,0.596836802599799,0.618835318477942,1.7904872927502
33982,3637,4.17445381150895,0.656908736574987,-1.35734797044705,-0.184832945469065,-0.602152258620656,0.570362766357331,0.613473542304945,1.78598856728293
34599,3695,4.20679715892525,0.686667405741716,-1.28194303370356,-0.108566449309045,-0.612933500974755,0.560443083419756,0.516506500499247,1.68988308489376
35227,3754,4.22291081334495,0.70020165222417,-1.37287128975345,-0.198634902713196,-0.575281230665858,0.5989551563744,0.553668831820545,1.7279052188608
35866,3810,4.20167848586845,0.676395934734609,-1.41541673316355,-0.240322549452273,-0.51157648165595,0.66351770205533,0.553741853697247,1.72883603740853
36517,3870,4.13867864950014,0.610825517016821,-1.39448640183065,-0.218535357669547,-0.511435192793051,0.664515851368056,0.595670069869747,1.77162111403085
37180,3938,4.20127755187235,0.670857531248323,-1.45695866868845,-0.280151995147108,-0.511391875037646,0.665414798503697,0.595500116599951,1.77230679014129
37855,4003,4.18543294382174,0.652450560672205,-1.45167067713305,-0.274009882749872,-0.547551396705053,0.630109397678127,0.642216254762545,1.81987704914572
38542,4059,4.18552524291275,0.649985805168698,-1.34939562490245,-0.170882478987764,-0.56792834918285,0.610584796731835,0.560225855918752,1.73873900183344
39242,4134,4.11980080202135,0.581706738078567,-1.35454048968226,-0.175175801701331,-0.492024761264659,0.687339926716267,0.555191573671742,1.73455626165267
39954,4199,4.22558234346425,0.684940524461381,-1.30954406077296,-0.129330121105335,-0.527319257135758,0.652894682531864,0.439708099190646,1.61992203885827
40679,4260,4.27039226188705,0.7272067243703,-1.28456925567776,-0.103507409838844,-0.502523201768554,0.678538644070362,0.345127320305444,1.52618916614436
41418,4334,4.29993736095215,0.754209535330766,-1.29458556188545,-0.11267628667832,-0.571339201159049,0.610570074048079,0.394414526838553,1.57632380204568
42170,4407,4.24613756340235,0.697873171187575,-1.32905663972165,-0.146301842316725,-0.488045715742849,0.694709081662075,0.399391916808355,1.58214671421328
42935,4487,4.26552720336944,0.714732667266439,-1.40685548057895,-0.223257301877953,-0.526754497752556,0.656843680948446,0.496509899708244,1.68010807840925
43714,4553,4.29433594322455,0.741015131241037,-1.41640265267985,-0.23196238201868,-0.536329873402252,0.648110397258918,0.486823707603747,1.67126397826492
44508,4626,4.24179558420385,0.685950016934527,-1.39244239717055,-0.207160541414107,-0.56962290031295,0.615658955443491,0.548696838025847,1.73397869378229
45316,4700,4.28900544223845,0.73064066448041,-1.45856442008715,-0.272442827501137,-0.56017294395275,0.625948648633262,0.558159046547651,1.74428063913366
46138,4772,4.27003169690894,0.709153956129886,-1.45837807666226,-0.271418829735904,-0.616210235539057,0.570749011387296,0.63298374003854,1.81994298696489
46976,4849,4.38593849837034,0.822548763497423,-1.45378517172526,-0.265988593434284,-0.648632326162456,0.539164252128517,0.544906124263548,1.73270270255452
47829,4930,4.35375949527075,0.78786260781359,-1.39410137046966,-0.205469074650602,-0.662442989705255,0.526189306113799,0.531211989650345,1.7198442854694
48697,5008,4.32642346973334,0.758025008632917,-1.38498979864706,-0.195523644946914,-0.653416952253856,0.536049201446285,0.540410405913747,1.72987655961389
49581,5093,4.27691192725194,0.706015364758007,-1.45250428651045,-0.262205432345808,-0.612944667662454,0.577354186502192,0.61696415166714,1.80726300583179
50481,5178,4.35308016596874,0.779689785325294,-1.43019363088926,-0.239063504008107,-0.590697625317262,0.600432501563888,0.49623821498394,1.68736834186509
51397,5256,4.32658570813374,0.750706554975692,-1.40368980939505,-0.211730091675704,-0.56401308258426,0.62794663513509,0.469544308591743,1.66150402631109
52330,5349,4.29611877460434,0.717753972149997,-1.38157788833526,-0.188789620850478,-0.577174291506459,0.615613975978321,0.491060529983542,1.68384879746832
53280,5435,4.26979644633284,0.688949942660862,-1.30339505655236,-0.109779555328368,-0.620349990567163,0.573265510656829,0.48237572553284,1.67599122675683
54247,5518,4.23094434992895,0.647620868948356,-1.29029346263065,-0.0958523023037865,-0.590156073153054,0.60428508717381,0.477932310600949,1.67237347092781
55232,5612,4.25664990935324,0.670852416534238,-1.28187644980596,-0.0866106188662883,-0.649936228015157,0.545329602924511,0.503589893214041,1.69885572415371
56234,5703,4.25238333722794,0.664118065478317,-1.30312979722446,-0.107041373307916,-0.654079369440858,0.542009054475683,0.533252954183538,1.72934137810008
57255,5806,4.24817634078785,0.657445377495028,-1.25667539645375,-0.0597650753561436,-0.641544812442547,0.555365508655061,0.478470992854653,1.67538131395226
58294,5902,4.26497477946644,0.671783431603695,-1.25666577881115,-0.0589353295235717,-0.658359001960356,0.539371447327226,0.478477126051246,1.67620757533883
59352,5998,4.29772253053834,0.702074492865521,-1.22380738422845,-0.0252580383375098,-0.707621250857251,0.49092809503369,0.462133229293549,1.66068257518449
60430,6095,4.25269750405354,0.654594994410898,-1.21982543768085,-0.0204579344666385,-0.703332752530457,0.496034750683758,0.498887810903945,1.69825531411816
61527,6189,4.21195196061085,0.611400269963268,-1.24390139031475,-0.0437174934322277,-0.646674890447954,0.553509006434572,0.507051444898046,1.70723534178057
62643,6289,4.24407635575785,0.641081458263994,-1.29196385236055,-0.0909655531959348,-0.598519792993748,0.60247850617087,0.474834414342652,1.67583271350727
63780,6395,4.20441268260974,0.598976940839239,-1.30017306387025,-0.0983611499467527,-0.526994701957854,0.674817211965647,0.451182207964543,1.65299412188804
64938,6490,4.20041938972994,0.592546012541977,-1.24101191673165,-0.0383874576689951,-0.562467373195254,0.640157085867402,0.431487024943145,1.6341114840058
66117,6602,4.23183353458905,0.621526527699179,-1.27229276610975,-0.0688570971464595,-0.546935820091754,0.656499848871537,0.415822176358645,1.61925784532194
67317,6706,4.13892922614434,0.526193344614307,-1.25674180035445,-0.0524965065111098,-0.577887289338058,0.626358004505287,0.524126988294341,1.72837228213769
68539,6816,4.22341597074644,0.608254707938685,-1.37175275644756,-0.166699002178303,-0.53959990531235,0.665453848956903,0.516363815759647,1.7214175700289
69783,6918,4.24637117901005,0.628788802677507,-1.40967094946875,-0.203810157357908,-0.501553893361155,0.704306898749692,0.493280788566047,1.69914158067689
71050,7036,4.20869443849835,0.588694054403464,-1.34201234474286,-0.13534555004456,-0.509080725252453,0.697586069445842,0.470825756243144,1.67749255094144
72339,7159,4.23460976709375,0.612197127429458,-1.31574939366545,-0.108278513777351,-0.557455612609452,0.650015267278646,0.467022363927349,1.67449324381545
73653,7273,4.31601964831975,0.691195691764166,-1.32286800827505,-0.114593356089858,-0.653640766740253,0.55463388544494,0.488916251441751,1.69719090362694
74989,7393,4.34539012499054,0.718162050537574,-1.35216851707345,-0.143092492255795,-0.638909303820256,0.570166720997401,0.474114820649348,1.683190845467
76351,7512,4.35604946050045,0.726418028982485,-1.34108778594915,-0.131210642109827,-0.671750522492346,0.538126621346976,0.48521597268725,1.69509311652657
77737,7641,4.34526187981885,0.713232199606458,-1.30862823583676,-0.0979516757659598,-0.596166726518753,0.614509833552044,0.387960207282852,1.59863676735365
79148,7756,4.32725993244784,0.692836100767586,-1.26927869744136,-0.0578040868812717,-0.571162222607747,0.64031238795234,0.341608112347444,1.55308272290753
80584,7884,4.28474779610366,0.647934634884981,-1.19856033936794,0.0137107143716151,-0.585426225213141,0.626844828526419,0.327665893223653,1.53993694696321
82047,8025,4.28813421998895,0.648934000077623,-1.16719117584306,0.0458755641273834,-0.623944978993848,0.589121760976594,0.331429059594143,1.54449579956458
83536,8152,4.29851848021505,0.656935882689635,-1.24033075257015,-0.0264698867283395,-0.585653334194546,0.628207531647259,0.355892731295853,1.56975359713766
85053,8282,4.20895978701706,0.564997071057737,-1.20571753529734,0.00893670335576835,-0.537598262614139,0.677055976038968,0.362783135640655,1.57743737429376
86596,8420,4.31134110902964,0.66500440452198,-1.22611837261437,-0.0106728044451454,-0.680873150037954,0.534572418131267,0.424077538368834,1.63952310653805
88168,8553,4.36885723371125,0.720148786699374,-1.20925839769755,0.00697775130640421,-0.731586685236351,0.484649463767606,0.40041497396885,1.61665112297281
89769,8691,4.28169040744795,0.63061328367131,-1.24290214724924,-0.0258764393236914,-0.698039963664044,0.518985744261504,0.487678828211557,1.7047045361371
91398,8839,4.26846551442266,0.61502498825819,-1.29622777326614,-0.0784142645446497,-0.604836277668539,0.61297723105295,0.461025661258262,1.67883916997975
93057,8987,4.22898594566205,0.573185116205135,-1.26993582141314,-0.0513355449275028,-0.604854720123143,0.613745556362497,0.474231720620452,1.69283199710609
94746,9134,4.23862248263845,0.580465214394666,-1.29951731918635,-0.0801315631050894,-0.542512703779948,0.676873052301312,0.431834665074049,1.65122042115531
96466,9290,4.18694948251175,0.526439004975241,-1.36411342880905,-0.143943269630212,-0.529510213268253,0.690659945910583,0.53510128431175,1.75527144349059
98217,9432,4.21919328367785,0.556333581118523,-1.38332566001135,-0.162372425824908,-0.523374776642939,0.697578457543504,0.51593427772265,1.73688751190909
100000,9592,4.15577242956815,0.490566893045061,-1.39625551467824,-0.174520335837217,-0.498081751191449,0.723653427649579,0.566991961047748,1.78872713988878
101815,9749,4.19655080154575,0.529003564149343,-1.39307929596625,-0.170563550167442,-0.570312658794251,0.652203087004553,0.595268277960955,1.81778402375976
103663,9905,4.18414704984436,0.514261689229119,-1.41803060283046,-0.194735482625377,-0.545514997707656,0.677780122497423,0.607825675439955,1.83112079564503
105545,10071,4.23949666595095,0.567276258562972,-1.44900255771545,-0.224929088586119,-0.489524438118238,0.734549031011089,0.527457454628959,1.75153092375829
107461,10232,4.23035372140146,0.555802098587944,-1.48270178250175,-0.257851241563912,-0.510885900641753,0.713964640296084,0.591661086488259,1.8165116274261
109411,10401,4.25768398069145,0.580805683756519,-1.49180820958576,-0.266182110607444,-0.483574866520556,0.742051232457756,0.546126220161057,1.77175231913937
111397,10566,4.28458035816215,0.605378277761399,-1.46465460399905,-0.238253910532136,-0.516484756731458,0.709915936735457,0.524986127314548,1.75138682078146
113419,10745,4.34117973550606,0.659657522134141,-1.44372161020274,-0.216547539078771,-0.531468910005145,0.695705161118828,0.462437909448056,1.68961198057203
115478,10912,4.30266684251445,0.618827747151967,-1.42309525080955,-0.195148885688723,-0.558070008518342,0.669876356602487,0.506925541559653,1.73487190668048
117574,11094,4.34371467166335,0.657562681504916,-1.49922684906545,-0.27050951901264,-0.552324584985044,0.676392745067767,0.536263887133344,1.76498121718616
119709,11274,4.34365305048445,0.655190701608785,-1.58054198841114,-0.35105453878592,-0.540717580044742,0.688769869580479,0.606033642717648,1.83552109234287
121881,11463,4.38083284586136,0.690065550347629,-1.63521858462944,-0.404962819458197,-0.503110217577046,0.727145547594199,0.585923081091352,1.8161788462626
124094,11655,4.38068799101355,0.687617645355521,-1.68097219622246,-0.449948747669781,-0.525798310822054,0.70522513773062,0.65450964077715,1.88553308932982
126346,11851,4.43702739895475,0.741658727926882,-1.64695844444086,-0.415168887431565,-0.514557895063646,0.717231661945644,0.552916065295946,1.78470562230524
128640,12043,4.48183385474006,0.784169252764169,-1.61339755134834,-0.380842684023045,-0.581721922909551,0.650832944415745,0.541712744264061,1.77426761158936
130975,12242,4.41243885657565,0.712482465226412,-1.63818064018595,-0.404861843069539,-0.551443480991551,0.681875316124861,0.605612389348053,1.83893118646447
133352,12447,4.41530874211534,0.713064423219856,-1.56957381364505,-0.335492374013221,-0.559654265573059,0.67442717405877,0.54234646184895,1.77642790148078
135773,12649,4.38810004014375,0.683570473275415,-1.49893954797224,-0.264096359016129,-0.586789820677041,0.648053368279073,0.526056453251755,1.76089964220787
138237,12860,4.41769938342026,0.710888918625336,-1.50158082047135,-0.265977332206373,-0.578732632497335,0.656870855767639,0.491041194294652,1.72664468255963
140746,13075,4.38288315471215,0.673795000203715,-1.51503003375025,-0.278667315580773,-0.581347625562643,0.655015092606835,0.541921629346959,1.77828434751644
143301,13286,4.36974563387535,0.658382835954897,-1.46465976203145,-0.227538829391293,-0.605375800854645,0.631745131785507,0.528717053756949,1.7658379863971
145902,13498,4.42230483698306,0.70867116970234,-1.42255876854574,-0.184680879452168,-0.647549601185347,0.590328287908227,0.476230657494256,1.71410854658783
148551,13719,4.42488938032065,0.708987606295767,-1.41988265425495,-0.181248729579987,-0.686737791788545,0.551896132886416,0.510158190469056,1.74879211514402
151247,13955,4.37337979039866,0.655214244780975,-1.47156602242573,-0.232177507219839,-0.635230751522144,0.60415776368375,0.56184410829546,1.80123262350135
153993,14187,4.32232797798167,0.601901198479255,-1.43079053678353,-0.190648276949394,-0.625010174070738,0.615132085763401,0.561899857618869,1.80204211745301
156788,14418,4.35020625837866,0.62752233293808,-1.48400532993614,-0.243110688122611,-0.617358626766546,0.623536015046982,0.579584823070263,1.82047946488379
159634,14652,4.31513995410366,0.590202062128048,-1.44889401380195,-0.207248049810078,-0.572206686001948,0.669439277989921,0.534387870446452,1.77603383443832
162531,14889,4.32736308002454,0.600175111230601,-1.44648165896065,-0.20408566936267,-0.539671001844653,0.702724987753327,0.487216705526947,1.72961269512493
165482,15132,4.37420592565664,0.644770174600544,-1.44913551524375,-0.205990264891722,-0.611274778158958,0.631870472193074,0.514631492492242,1.75777674284427
168485,15373,4.40608731260745,0.674408311389366,-1.42707085057334,-0.183177850167315,-0.638279674762941,0.605613325643088,0.487690337475058,1.73158333788109
171544,15627,4.33325352828375,0.59933353509409,-1.42210425020745,-0.177464252477568,-0.545986624889053,0.698653372840833,0.463264471558944,1.70790446928883
174658,15889,4.28026820877015,0.544110950111228,-1.39809493554705,-0.152709182660742,-0.550702706144648,0.69468304674166,0.496956557667744,1.74234231055405
177828,16144,4.30654355863643,0.568152734693119,-1.39082089798036,-0.14469062333259,-0.581930483299956,0.664199791347815,0.49463494739004,1.74076522203781
181056,16418,4.29218286281686,0.551561476124502,-1.33860681559993,-0.0917330200358124,-0.596229071853131,0.650644723710988,0.471080149382459,1.71795394494658
184342,16693,4.28974838661375,0.546900149079734,-1.33163193693625,-0.0840158577582415,-0.607903084143047,0.639712995034959,0.478213759211755,1.72582983838976
187688,16979,4.30355706032324,0.55848503461662,-1.32682598519516,-0.0784686432929493,-0.61236819741795,0.635989144484257,0.464064247036049,1.71242158893826
191095,17253,4.30835714345426,0.561064449428536,-1.34085433444334,-0.0917567697680943,-0.571012726507746,0.678084838167495,0.431937042243064,1.6810346069183
194564,17536,4.37877042623366,0.629260248771573,-1.38863317437115,-0.138796448550456,-0.618908565111553,0.630928160709141,0.457198437995245,1.70703516381594
198096,17829,4.43514494892244,0.683420545018504,-1.39532732753516,-0.144752526233844,-0.625779226293545,0.624795575007767,0.414388729652444,1.66496353095376
201691,18116,4.33432019677677,0.580385510772781,-1.36145108391364,-0.110139521912305,-0.619180740312828,0.632130821688503,0.474738752195975,1.72605031419731
205353,18410,4.34746769575966,0.591324929521859,-1.33024486970274,-0.0781972809568046,-0.668064074575142,0.583983514170792,0.47926837326446,1.73131596201039
209080,18724,4.31685257850786,0.558505849708506,-1.29066521089574,-0.03788296796262,-0.637311269549741,0.615470973383378,0.439551026683858,1.69233326961698
212875,19036,4.35174543157105,0.59119776825856,-1.36016077637575,-0.106644888604921,-0.646083332307356,0.607432555463473,0.482925801858244,1.73644168962907
216739,19340,4.36042730716805,0.59768186802772,-1.39468897495635,-0.140440495242909,-0.602981999737139,0.651266479976305,0.465670792271652,1.7199192719851
220673,19667,4.35837449778315,0.593434574146606,-1.42258527661005,-0.167605302064537,-0.588134329547245,0.666845644998268,0.480772233120348,1.73575220766586
224679,19994,4.37342092219636,0.606289397784848,-1.45009753899204,-0.194387030854869,-0.615906300052444,0.639804208084726,0.521010041594366,1.77672054973154
228757,20326,4.31464900221734,0.545329458687295,-1.43303672717987,-0.17659687933652,-0.590769128375456,0.665670719467891,0.537583978084143,1.79402382592749
232910,20670,4.38108671342985,0.609581825528808,-1.43284883037495,-0.175680534407936,-0.615859533397341,0.641308762569674,0.496048775088653,1.75321707105567
237137,20992,4.40994735610255,0.636261016602724,-1.42860367926386,-0.170708232763917,-0.619971143440253,0.637924303059689,0.467054591347747,1.72495003784769
241442,21339,4.42430600665715,0.648440738984793,-1.44716621766325,-0.188544461772467,-0.605562032605647,0.653059723285138,0.45684936835795,1.71547112424874
245824,21699,4.48098437148026,0.702943903128896,-1.43098457073613,-0.171637747952341,-0.63782731522214,0.621519507561649,0.416254639224263,1.67560146200805
250287,22065,4.42037618650816,0.64016295858463,-1.45899075667064,-0.198919680696133,-0.609545556631844,0.650525519342668,0.476587251540565,1.73665832751508
254830,22420,4.35469124574625,0.572308886553406,-1.38141277929854,-0.120618659567594,-0.571673445419336,0.689120674311613,0.426822103717853,1.6876162234488
259455,22794,4.38216420256016,0.597616057989692,-1.44051023676823,-0.178994188578076,-0.599213675841426,0.662302372348731,0.485986834795767,1.74750288298592
264165,23165,4.36451624078116,0.577804951634243,-1.41923223827084,-0.156995141888532,-0.569736410907637,0.692500685474667,0.452879533143559,1.71511662952586
268960,23558,4.39749532347305,0.60862422896024,-1.44061348565135,-0.177656454147084,-0.614031001953748,0.648926029550523,0.485576288878249,1.74853332038252
273842,23945,4.40316099607615,0.612133217581147,-1.43481038913865,-0.171134462973645,-0.638919057544655,0.624756868620347,0.498995575353348,1.76267150151835
278813,24345,4.46413604745676,0.670954516242452,-1.48062457196404,-0.216230728225939,-0.63137448428364,0.633019359454464,0.476290133537162,1.74068397727527
283874,24747,4.47550285634135,0.680170760390973,-1.42421116484824,-0.159100466198119,-0.582313317890652,0.682797380759474,0.359448751143759,1.62455944979389
289026,25142,4.40627293816156,0.608793714198609,-1.39614399154324,-0.130317583555589,-0.628936033135645,0.636890374852007,0.447234211263563,1.71306061925121
294273,25556,4.45415187421465,0.654527985350831,-1.31816891757055,-0.0516276212826079,-0.728765703956554,0.537775592331383,0.421209872058654,1.68775116834659
299614,25967,4.45233977740625,0.650574783683422,-1.29791256948614,-0.030657571578534,-0.708633377773339,0.558621620134271,0.382633294599458,1.64988829250707
305053,26415,4.44513396246604,0.641230502286109,-1.29784548409596,-0.0298776640359799,-0.657731718559958,0.61023610150002,0.338870364936042,1.60683818499602
310590,26847,4.45231760190244,0.646279000734022,-1.32658582055396,-0.057906286831154,-0.650563307431554,0.618116226291251,0.353258650829247,1.62193818455205
316228,27293,4.44882589555407,0.640655001685515,-1.33018765474154,-0.0607973567853524,-0.682733647663127,0.586656650293056,0.392522531596867,1.66191282955305
321968,27765,4.46307624156915,0.652776208207323,-1.36562789211965,-0.0955278809990368,-0.597707546101248,0.672392465019363,0.328686321397953,1.59878633251856
327812,28233,4.49126672420506,0.6788406374566,-1.38656810957013,-0.115759413987314,-0.597916258712146,0.672892436870674,0.321644768823461,1.59245346440628
333762,28702,4.49315098355486,0.678601878599411,-1.38482200773355,-0.113305639415065,-0.554674502736745,0.716841865581737,0.27477265166165,1.54628901998013
339821,29173,4.50520772229285,0.688538251844433,-1.34527420454354,-0.0730510477274031,-0.611687070840745,0.660536085975395,0.280180677837649,1.55240383465379
345989,29655,4.48799686927835,0.669210363943965,-1.34187857031165,-0.0689497352001889,-0.580781978284051,0.69214685682741,0.263090804063552,1.53601963917501
352269,30153,4.52499242124276,0.704091849272645,-1.41970583343765,-0.146072309447609,-0.590799152561644,0.682834371428394,0.313939689502746,1.58757321349278
358664,30652,4.59701223673015,0.774000242356916,-1.43485998314665,-0.160522651688906,-0.666331837949443,0.608005493508302,0.332606709112156,1.6069440405699
365174,31155,4.57548076887565,0.750360670576431,-1.42991041004035,-0.154870377273943,-0.661396025959945,0.613644006806461,0.344252791870844,1.61929282463725
371803,31651,4.58864915823665,0.761423650687671,-1.40350839375814,-0.127766557908485,-0.740607988366548,0.535133847483111,0.383894348634243,1.6596361844839
378552,32181,4.56596986310225,0.736642001037681,-1.40012398811695,-0.123681367428754,-0.724716130532556,0.551726490155635,0.387297380293447,1.66374000098164
385423,32717,4.55301377152234,0.721586651255488,-1.38719378236246,-0.110051408940174,-0.76358423862446,0.513558134797825,0.426191374210745,1.70333374763303
392419,33266,4.58023274526485,0.746709215663879,-1.35988424979834,-0.0820430732646837,-0.742863152530347,0.53497802400331,0.35094178181005,1.62878295834371
399542,33823,4.58168102778126,0.746064011158916,-1.35189074627314,-0.0733517407323614,-0.753814900620753,0.524724104920027,0.35245174385885,1.63099074939963
406794,34360,4.63355563066506,0.795848128461519,-1.37559353790054,-0.0963577038326959,-0.796100816006145,0.483135018061701,0.366565847987857,1.6458016820557
414178,34926,4.59282687463006,0.753031692461499,-1.41623146237794,-0.136299734988415,-0.724202213625944,0.555729513763578,0.376033926120058,1.65596565350958
421697,35518,4.51240865502676,0.670528428644188,-1.39163333733364,-0.11100659520612,-0.655986328343644,0.62464041378388,0.363638135396755,1.64426487752428
429351,36099,4.52016465494646,0.676202682685394,-1.42693877208755,-0.145618114667199,-0.679015339491954,0.6023053179284,0.41421658137925,1.6955372387996
437144,36731,4.55659439638787,0.710553543202606,-1.48761399641974,-0.205600378691319,-0.672948279297742,0.609065338430678,0.432395004075858,1.71440862180428
445079,37353,4.54755974630237,0.699442746337669,-1.44832230779365,-0.165616641138746,-0.68804820397844,0.59465746267646,0.417237890215958,1.69994355687086
453158,37947,4.50294860350995,0.652758335389992,-1.41561493766406,-0.132218181624074,-0.685036210311665,0.598360545728321,0.426129669211946,1.70952642525193
461384,38564,4.52218773313706,0.669926970953757,-1.40228027195454,-0.118193351226771,-0.68352630661974,0.600560614108028,0.39204597018346,1.67613289091123
469759,39205,4.49441805251725,0.640089729356352,-1.46546114002555,-0.180685032305255,-0.699609894179559,0.585166213540739,0.499080106434064,1.78385621415436
478286,39872,4.49873585712592,0.642342824268519,-1.46703896325766,-0.181574618971863,-0.631321836244069,0.654142508041732,0.428052067121939,1.71351641140774
486968,40524,4.51606852646204,0.657613570489237,-1.55927374205436,-0.273122090063426,-0.596752492238352,0.689399159752581,0.468384832576845,1.75453648456778
495807,41221,4.46600036898025,0.605486458410619,-1.52347867785736,-0.236640707667479,-0.600932968520539,0.685905001669337,0.48683840214386,1.77367637233374
504807,41892,4.52113743833135,0.658567268203878,-1.52492090269263,-0.237397512650137,-0.636353106527849,0.651170283514642,0.468563695635368,1.75608708567786
513970,42590,4.51286610780036,0.648242575180339,-1.49962955854244,-0.211421714335763,-0.600110360702047,0.688097483504628,0.415300936190363,1.70350878039704
523299,43311,4.43102822473645,0.564354206766188,-1.48714043131355,-0.198249091990127,-0.548901668501145,0.739989670822276,0.433440999824455,1.72233233914788
532798,44039,4.42544803235336,0.556726185024009,-1.44307075060263,-0.153496801492846,-0.625981039965836,0.663592909143947,0.472030882961349,1.76160483207113
542469,44759,4.47441068945895,0.603643894167395,-1.39398613405984,-0.103730535629326,-0.674936605455855,0.615318992974663,0.422939174802934,1.71319477323345
552316,45500,4.49749558572447,0.624686532403427,-1.41434654324073,-0.123410192133713,-0.651934523199117,0.639001827907896,0.397212605461675,1.68814895656869
562341,46243,4.51229374131765,0.637445356747545,-1.46397311215915,-0.172356983969118,-0.669376824433556,0.622239303756479,0.449483320021244,1.74109944821128
572549,47020,4.52421372613674,0.647328574053362,-1.46263280634565,-0.170337755651194,-0.673387115832469,0.618907934861989,0.440233320787542,1.732528371482
582942,47808,4.54528474381044,0.666365644734294,-1.50465567665955,-0.211682643634171,-0.704912115166366,0.588060917859017,0.492710172761633,1.78568320578702
593523,48616,4.48271714952506,0.60176698227593,-1.46801110611534,-0.174361050365632,-0.710311454645336,0.583338601104374,0.52403253598186,1.81768259173157
604296,49423,4.50734683527605,0.624368356753089,-1.44886410058396,-0.154537941076306,-0.696077742894744,0.598248416612911,0.466022132948837,1.76034829245649
615265,50247,4.46639343620734,0.581389301285455,-1.42849054268146,-0.133489164374164,-0.757642145471038,0.537359232836257,0.548166376691341,1.84316775499864
626434,51082,4.47016073880235,0.583133518938074,-1.40428657655124,-0.108610836596485,-0.769117931707655,0.526557808247104,0.531670894202733,1.82734663415749
637804,51933,4.46877166983415,0.579724398313441,-1.47596479801464,-0.17961570750774,-0.74022014270065,0.556128947806254,0.575840395627353,1.87218948613426
649382,52775,4.49131976841815,0.600254880590206,-1.51338338551986,-0.216361756243877,-0.772588030124638,0.524433599151344,0.623078771972558,1.92010040124854
661169,53661,4.49375337341075,0.600673778291179,-1.52079996695485,-0.223106768581662,-0.740456946641643,0.557236251731549,0.595930664931956,1.89362386330515
673170,54549,4.50842901320732,0.613337404406606,-1.52574781482988,-0.227383945229647,-0.720961299347067,0.57740257025317,0.566707225715732,1.86507109531597
685390,55463,4.52066950300855,0.623568385543062,-1.54787218503145,-0.248838479209623,-0.660265699567844,0.638768006253984,0.51589550633696,1.81492921215879
697831,56397,4.52302578081427,0.623917975542484,-1.50226380881614,-0.202561207058878,-0.730169646333735,0.569532955423526,0.53783479908185,1.83753740083911
710497,57340,4.45512949570744,0.554017812908066,-1.47016163241975,-0.169791071486622,-0.674060871735747,0.626309689197377,0.517520133194239,1.81789069412736
723394,58294,4.52356589162068,0.620452834843848,-1.51034669139293,-0.209309005800649,-0.676412839618934,0.624624845973343,0.491620764137451,1.79265844972973
736525,59274,4.55160779844468,0.646496050655859,-1.45886745590491,-0.157163539975302,-0.699718918118123,0.601984997811484,0.435405700324679,1.73710961625429
749894,60230,4.55623203062424,0.64912430366009,-1.49122351378577,-0.188854271464384,-0.671783681188145,0.630585561133239,0.435202289095855,1.73757153141724
763506,61241,4.55979304171876,0.650691939678426,-1.49254971694205,-0.189516016261939,-0.603974088787652,0.69905961189246,0.365157888757153,1.66819158943727
777365,62270,4.55190252480716,0.640810705104551,-1.48703369586605,-0.183336422631843,-0.575348801588035,0.728348471646168,0.338907097393161,1.64260437062736
791476,63320,4.50906883456295,0.595988875058124,-1.51631764919304,-0.211957662691432,-0.536886743164246,0.767473243337364,0.372562682540547,1.67692266904216
805842,64386,4.51128465411665,0.596219343554084,-1.45131473129655,-0.146292961109027,-0.556988146694948,0.748033623492574,0.325445348621059,1.63046711880858
820470,65453,4.50564393753467,0.588595733148117,-1.50117734550773,-0.195494610712209,-0.549291879352523,0.756390855442995,0.373252412071878,1.6789351468674
835363,66554,4.48462576976576,0.565597359650159,-1.50024429387545,-0.193901490503588,-0.578871073703851,0.727471729668014,0.422916722559734,1.7292595259316
850526,67661,4.47488783226714,0.55388187034239,-1.52325023759167,-0.216248250283417,-0.571080114463257,0.735921872844994,0.447869644533938,1.75487163184219
865964,68794,4.42843859681557,0.505457715871783,-1.47025076464843,-0.162590471000498,-0.548388825448029,0.759271468199899,0.418628118027158,1.72628841167509
881683,69955,4.43797386262463,0.513020562138216,-1.45210757688136,-0.143789810052555,-0.560119231103755,0.74819853572505,0.402680070106641,1.71099783693545
897687,71117,4.49520567445293,0.568282585075853,-1.47126014151988,-0.162285778394184,-0.570532564501463,0.738441798624231,0.375014156314535,1.68398851944023
913982,72293,4.54129855506395,0.612408200209742,-1.47977009264366,-0.170139974358927,-0.587337270284053,0.722292848000682,0.354235932609924,1.66386605089466
930572,73515,4.52676189897875,0.595906948036895,-1.50267884228566,-0.192393858638377,-0.585221247509651,0.725063736137633,0.389565315562749,1.69985029921003
947464,74728,4.52791388456333,0.59509680726083,-1.47295276578348,-0.162013740015974,-0.580086647557067,0.730852378210434,0.353552653523337,1.66449167929084
964662,75967,4.55152662193038,0.616750052435926,-1.52714705110003,-0.215554861268546,-0.59348728776763,0.718104902063854,0.39753484168358,1.70912703151506
982172,77223,4.53527940668866,0.598545920379652,-1.51904300591812,-0.206798510481786,-0.557010745312937,0.755233750123399,0.369201469288669,1.681445964725
1000000,78498,4.59863632861575,0.659948456901738,-1.50398685697346,-0.19109089973545,-0.578231674731455,0.73466428250655,0.312009327835369,1.62490528507337
1018152,79834,4.53490874012056,0.594268984232772,-1.48804933949344,-0.174502754197515,-0.574323320979033,0.739223264316895,0.355891045098161,1.66943763039409
1036633,81176,4.54854472488347,0.60595567314363,-1.45039017599254,-0.136193825412591,-0.588227635566938,0.725968715013009,0.318500211422275,1.63269656200222
1055450,82508,4.52874867791195,0.584212804676775,-1.43082284014966,-0.115977549071268,-0.580228225690064,0.734617065388327,0.31072951267393,1.62557480375232
1074608,83871,4.53156323813104,0.585083123845591,-1.41619823337336,-0.100704861944881,-0.608338189098561,0.707155182329923,0.321400309087039,1.63689368051552
1094114,85295,4.50080197605376,0.552380112504471,-1.40098716168023,-0.0848465404971364,-0.62363176804422,0.692508853138878,0.352244078416959,1.66838469960006
1113974,86747,4.53887980981054,0.588518713893594,-1.40474210703346,-0.0879550750611418,-0.650163571751875,0.66662346022044,0.34445299372095,1.66124002569326
1134194,88195,4.57638444542147,0.624086667676383,-1.45370203975452,-0.136269447172823,-0.676667707462542,0.640764885119153,0.382412426541862,1.69984501912356
1154782,89647,4.57658361858546,0.622351564893453,-1.44265145322373,-0.124574101993063,-0.676605936941741,0.641471414288928,0.371100896326283,1.68917824755695
1175743,91172,4.55146671082824,0.595302937556184,-1.44520209303974,-0.126480835282389,-0.642379435198563,0.676341822558788,0.364541942156251,1.6832631999136
1197085,92729,4.60011118364957,0.642018128119839,-1.44059508213843,-0.121230730295184,-0.700283927556029,0.619080424287216,0.369194950791183,1.68855930263443
1218814,94264,4.56646010451266,0.606440279947519,-1.46712711255213,-0.147120504363755,-0.679416203818136,0.640590404370244,0.408510336603854,1.72851694479223
1240938,95808,4.59523428835675,0.633290116228229,-1.44545488259845,-0.124806825222281,-0.675913323427636,0.644734733948537,0.354561042415554,1.67520909979173
1263463,97429,4.58882322996686,0.624957226256384,-1.47318109972994,-0.151892431826449,-0.678530355447521,0.642758312455972,0.391315349956869,1.71260401786036
1286397,99064,4.60924925597175,0.643463868597081,-1.50246380943705,-0.180535346978824,-0.672365958464241,0.649562503993981,0.394007636675752,1.71593609913397
1309747,100709,4.64162724633985,0.673924951851042,-1.55420382380214,-0.231636392305871,-0.748573813267342,0.573993618228928,0.489577515475844,1.81214494697211
1333521,102391,4.66074961550325,0.691132847453239,-1.55601229431716,-0.232806704967153,-0.722395434953569,0.600810154396435,0.446085238513632,1.76929082786364
1357727,104096,4.67531951923937,0.703790681690904,-1.51383967136942,-0.189996725519938,-0.752485783137047,0.571357162712441,0.419433060013375,1.74327600586286
1382372,105861,4.67602737433134,0.70258893114312,-1.56072000816545,-0.236240527102707,-0.724136429514658,0.600343051548082,0.437256188094949,1.76173566915769
1407465,107627,4.65744375191574,0.682098081953717,-1.56586637064746,-0.240751147326783,-0.719167038387042,0.605948184933631,0.456016781864946,1.78113200518562
1433013,109422,4.65003428343906,0.672783844924743,-1.53995941981253,-0.214209273641095,-0.710111939199351,0.615638206972087,0.42846420031907,1.75421434649051
1459024,111268,4.64509371397293,0.66594097633072,-1.53828413712625,-0.211899891245519,-0.685389613649448,0.640994632231287,0.407007161548933,1.73339140742967
1485508,113138,4.64673643644235,0.665683747478425,-1.49702802395805,-0.170010460970076,-0.687140525392465,0.639877037595511,0.365859237654348,1.69287680064232
1512473,115064,4.61573565647063,0.632785401135619,-1.48232464712976,-0.154674562018086,-0.662712126280951,0.66493795883072,0.357728241686232,1.6853783267979
1539927,116958,4.61741341215304,0.632568020035977,-1.51308977260655,-0.184807975234194,-0.696587572161349,0.631694225211006,0.42069105736104,1.74897285473339
1567879,118919,4.64390929683987,0.657171181921247,-1.48969284377014,-0.16078013879727,-0.695771681278131,0.633141023694741,0.369982352954679,1.69889505792755
1596339,120882,4.63357139641997,0.644942902576834,-1.48096020875164,-0.151417377470595,-0.741062850396446,0.588479980884598,0.41687878747436,1.7464216187554
1625315,122906,4.62092794899922,0.630411494526488,-1.48109063881157,-0.150918487320653,-0.75997873758476,0.570193413906152,0.448568552143229,1.77874070363414
1654817,124976,4.64748631720019,0.655084272767785,-1.54506073924463,-0.214260057767165,-0.74918681691662,0.581613864560849,0.475188363707389,1.80598904518486
1684855,127071,4.63432590393623,0.640040606271828,-1.52428086051177,-0.192852427956965,-0.725320958674956,0.606107473879844,0.443703039996649,1.77513147255145
1715438,129203,4.63121917271266,0.635052998231409,-1.46582608871094,-0.13377069721719,-0.765185702238142,0.566869689255609,0.428219742982662,1.76027513447641
1746576,131351,4.65250373826666,0.654459050472639,-1.42647739162612,-0.0937958290281151,-0.801528494866119,0.531153067731888,0.40392927297188,1.73661083556989
1778279,133551,4.70375618125291,0.703835341792218,-1.44156876006187,-0.108261813574971,-0.792376195796663,0.540930750690235,0.358615899351719,1.69192284583862
1810558,135815,4.65010424213995,0.64830956351808,-1.39391667946487,-0.0599851199242438,-0.810236005350447,0.523695554190175,0.382475567421551,1.71640712696217
1843423,138083,4.71829926044498,0.714633076224566,-1.42678115827903,-0.0922257635388897,-0.818994834114648,0.51556056062549,0.355903856694965,1.6904592514351
1876884,140429,4.70497875813658,0.699443431466445,-1.42529252030184,-0.0901140780784608,-0.785189112393027,0.54998932983035,0.333929999304559,1.66910844152794
1910953,142783,4.70636310226953,0.698960925150161,-1.37149054996925,-0.0356898242627943,-0.833178255594049,0.502622470112408,0.326732828039951,1.66253355374641
1945640,145204,4.73016499495634,0.720898310114883,-1.44839399461205,-0.111971766331562,-0.826683102040846,0.509739126239639,0.373339226442738,1.70976145472322
1980957,147606,4.74009464199895,0.728965744681371,-1.45273400027784,-0.115691034505317,-0.839415953977067,0.49762701179546,0.380482437002144,1.71752540277467
2016915,150121,4.72524846438597,0.712259667177369,-1.49589424835003,-0.15823131594716,-0.797745507608028,0.53991742479484,0.396818416318354,1.73448134872122
2053525,152620,4.73854031407393,0.723693955629368,-1.48531909423767,-0.147036974756146,-0.82646440273885,0.511817716742671,0.401670307648743,1.73995242713026
2090800,155185,4.66133536685598,0.644633721310671,-1.41236492873205,-0.073464380216943,-0.809078467861241,0.529822080653862,0.388535154483577,1.72743570299868
2128752,157791,4.69841014160636,0.679855481759004,-1.42176549981966,-0.082247279870538,-0.829761066651258,0.50975715329786,0.38154354961074,1.72106176955986
2167392,160446,4.67875644557614,0.658351100454516,-1.42793876333906,-0.0878036482985152,-0.767758081892651,0.57237703314789,0.345367524401752,1.68550263944229
2206734,163126,4.66531170979766,0.643057930777488,-1.45776817142394,-0.117016911750544,-0.74619201114993,0.594559248523462,0.367075597522472,1.70782685719586
2246790,165861,4.69931762292336,0.675217690800303,-1.46101611231626,-0.11964946827524,-0.741473127623038,0.59989351641798,0.33159874176215,1.67296538580317
2287573,168662,4.67866918562237,0.652725373596351,-1.44455923508045,-0.102577964405108,-0.724732175154429,0.61724909552091,0.31904934935875,1.66103062003409
2329097,171477,4.69121469224515,0.663429232489001,-1.49008117288125,-0.147486019629196,-0.709408646775245,0.633186506476806,0.336702252157551,1.6792974054096
2371374,174346,4.68928545661353,0.659660639491275,-1.48937400128204,-0.146165728907958,-0.666943442877255,0.676264829496831,0.295459112291951,1.63866738466604
2414418,177270,4.71766341958565,0.686201514656058,-1.49199156389395,-0.148170928917417,-0.677184060769548,0.666636574206982,0.27993932982406,1.62375996480059
2458244,180241,4.74268245851877,0.709385684480088,-1.49017128142282,-0.145739023409923,-0.670170218256828,0.674262039756066,0.246086165907172,1.59051842392007
2502865,183270,4.78117993727994,0.746050557047338,-1.49956236736449,-0.154519240620288,-0.717802431263692,0.62724069548051,0.264611986094337,1.60965511283854
2548297,186338,4.75101649617093,0.714056703734224,-1.48202585154547,-0.136372587399903,-0.773267245740271,0.572386018405298,0.332703725860938,1.67835699000651
2594553,189501,4.72046066301857,0.681672715941692,-1.44269061799145,-0.096427968965819,-0.766384349983468,0.579878299042158,0.317041429702556,1.66330407872818
2641648,192684,4.73704721684686,0.696433364573123,-1.48774670414957,-0.140875420058326,-0.722433869158351,0.624437414932895,0.301560481207275,1.64843176529852
2689599,195930,4.69184525666174,0.649407675576187,-1.46447216800863,-0.116992974313443,-0.706558292766658,0.640920900928525,0.307612328859761,1.65509152255494
2738420,199214,4.72842358631732,0.684164505945307,-1.4425748498619,-0.0944884897378946,-0.745415977114249,0.602670383009756,0.287994365404927,1.63608072552893
2788127,202566,4.6900975756584,0.644019212034786,-1.50524238030886,-0.15654959243432,-0.699701928182833,0.648990859691704,0.343273857579561,1.6919666454541
2838736,206035,4.70030696166236,0.652411528135156,-1.49297284305328,-0.143674365210878,-0.722849083842448,0.626449393999955,0.343942089979521,1.69324056782192
2890264,209466,4.69968684369911,0.649976526032173,-1.49588678291047,-0.145983343688162,-0.718764205900868,0.631139233321445,0.34339126985833,1.69329470908064
2942727,212970,4.75133755486183,0.699814557321669,-1.52167410401819,-0.171166438171467,-0.679060851035786,0.671446814810936,0.277824524938239,1.62833219078496
2996143,216548,4.75014983741937,0.696816324029094,-1.53446451487383,-0.18335334374374,-0.656994628042639,0.694116543087453,0.26973643024337,1.62084760137346
3050528,220171,4.75189325621335,0.696751429421031,-1.55580546900904,-0.204091526744938,-0.678231937407816,0.673482004856291,0.31057127494978,1.66228521721389
3105900,223888,4.75902315977817,0.702075202727137,-1.54149018891587,-0.189174203232196,-0.711858050760668,0.640457934923009,0.32275220464453,1.67506819032821
3162278,227647,4.65451402926544,0.595762085270866,-1.53068747260659,-0.177770157941729,-0.680798197915749,0.67211911674911,0.38539876600305,1.73831608066791
3219678,231549,4.66679726762538,0.606243546194621,-1.52726873724146,-0.173750830097869,-0.690887919977854,0.662629987165734,0.37978651434014,1.73330442148373
3278121,235472,4.65975598390503,0.597402612991845,-1.54120524379817,-0.187087453493779,-0.649358324076559,0.704759466227836,0.35923470871586,1.71335249902025
3337625,239395,4.62616901766239,0.562018149246819,-1.61416252351603,-0.259445567377505,-0.603769719369211,0.750947236769313,0.420190349969175,1.7749073061077
3398208,243430,4.61023783889937,0.54429165693474,-1.59716316596825,-0.241847771980046,-0.621703875349056,0.733611518639153,0.437056327164157,1.79237172115237
3459892,247549,4.61629677331854,0.548557385827007,-1.57603031487065,-0.220117185706806,-0.615741672618697,0.740171456545147,0.403902338916907,1.75981546808075
3522695,251637,4.59506829842485,0.525537865864509,-1.53970448444875,-0.183194340261968,-0.615886183691941,0.740623960494839,0.388949494462054,1.74545963864883
3586638,255835,4.6408114575911,0.569492115492265,-1.62164236563166,-0.26453591826538,-0.606209487293256,0.750896960073022,0.415467520079915,1.77257396744619
3651741,260166,4.60042903629915,0.527322933959434,-1.57590993347804,-0.218207899364807,-0.606871105060861,0.750830929052376,0.410779126985915,1.76848116109915
3718027,264586,4.58787692001613,0.512986149101747,-1.55707213316549,-0.198775209527364,-0.608884389693856,0.749412533944272,0.406506727589317,1.76480365122744
3785515,269037,4.63291474251315,0.55624145567792,-1.54539521538686,-0.186504119775118,-0.615561970902434,0.74332912470931,0.356469568522357,1.7153606641341
3854229,273593,4.68812817594085,0.60967446357393,-1.53524756283872,-0.175762992049747,-0.705576327590734,0.653908243198239,0.381122839234877,1.74060741002385
3924190,278195,4.66074585624983,0.580513836282907,-1.53618813127417,-0.176110791285198,-0.657954384654943,0.702122955334032,0.361823784425439,1.72190112441441
3995421,282851,4.66678763727458,0.584779413353143,-1.51213141557542,-0.151462007601612,-0.68418371480584,0.676485693167972,0.357954617852954,1.71862402582677
4067944,287649,4.65574881636047,0.571966512738234,-1.48318658152874,-0.121925813654662,-0.729033667695148,0.632227100178931,0.384898557609631,1.74615932548371
4141785,292469,4.66581936448131,0.580265038967548,-1.50098553543745,-0.139134093599531,-0.746695085463443,0.615156356374477,0.410288381165742,1.77213982300366
4216965,297434,4.68577526475161,0.598451039870723,-1.48666906123515,-0.124227652941518,-0.736471203771202,0.625970204522427,0.365792125000837,1.72823353329447
4293510,302406,4.69952868246673,0.610436635812913,-1.49833457593564,-0.135303893717703,-0.757829713912031,0.60520096830591,0.385062732127153,1.74809341434509
4371445,307472,4.6753538588988,0.584496058474562,-1.44738462274762,-0.0837653559395402,-0.751079793364397,0.612539473443683,0.351537681959599,1.71515694876768
4450794,312719,4.68622501974613,0.59360355626633,-1.45926662283904,-0.0950594683457711,-0.751519486563836,0.612687667929431,0.352988214402956,1.71719536889622
4531584,317985,4.68331495097902,0.588931880915763,-1.46013765494894,-0.0953432982611835,-0.759912385906944,0.60488197078081,0.365162214623069,1.72995657131082
4613840,323362,4.73049571288493,0.634353112932903,-1.53077569108024,-0.165394824429561,-0.772481931094262,0.592898935556414,0.401189034035724,1.7665699006864
4697589,328818,4.68223895707803,0.584338890592885,-1.49752765907795,-0.131560970249565,-0.759342986595982,0.606623702232399,0.403058813342057,1.76902550217044
4782858,334343,4.68265899189834,0.583003519389107,-1.47138540218089,-0.104833578011142,-0.758908356784502,0.607643467385241,0.376061891813151,1.74261371598289
4869675,339985,4.68886067298638,0.587451841815379,-1.5068483359056,-0.139712058848602,-0.752473720618809,0.614662556438191,0.398888508284358,1.76602478534136
4958068,345773,4.67799884834488,0.574838703198578,-1.51410144759632,-0.146381399214215,-0.734452645535555,0.633267402846547,0.398982369533257,1.76670241791536
5048066,351600,4.69902428497056,0.594114858291427,-1.53611059372582,-0.167807451499444,-0.700869222411427,0.667433919814952,0.366382655912957,1.73468579813934
5139697,357538,4.73523205539897,0.628575396667318,-1.50303319022186,-0.134147637311307,-0.758539732843872,0.610345820066678,0.354767992412974,1.72365354532352
5232991,363554,4.77583972987617,0.667437876732571,-1.54339442084341,-0.173927136462214,-0.77796644208064,0.591500842300559,0.373948257794154,1.74341554217535
5327979,369707,4.79533917814331,0.685194148525209,-1.5897892087595,-0.219740865553465,-0.68881082508392,0.681237518122114,0.311687980446493,1.68173632365253
5424691,375946,4.75175824448417,0.639872065372895,-1.55746987121626,-0.186841144845832,-0.685729319962661,0.684899406407762,0.319868071440965,1.69049679781139
5523158,382263,4.70783342366309,0.594208122345779,-1.56200542628733,-0.190796992514891,-0.666545621368527,0.704662812403909,0.349144748738695,1.72035318251113
5623413,388683,4.72309923517093,0.607736814295549,-1.58919175459584,-0.217404280970717,-0.661531295433861,0.710256178191268,0.356050939604927,1.72783841323006
5725488,395255,4.74651280767688,0.629415273339529,-1.57567188811197,-0.203306043332853,-0.737175038809141,0.635190805969975,0.394761243990445,1.76712708876956
5829415,401875,4.72978930520981,0.610958676107444,-1.57568236091538,-0.202738817881259,-0.702110840916987,0.670832702117134,0.376431021368603,1.74937456440272
5935229,408733,4.70751643014484,0.586954697393884,-1.58330329774321,-0.209782720159563,-0.676496435376407,0.697024142207244,0.380710427720828,1.75423100530448
6042964,415611,4.74748785500708,0.6251970094722,-1.57415778311173,-0.200060834600103,-0.714979935611325,0.659117012900302,0.370076988462301,1.74417393697393
6152654,422624,4.75273064811631,0.628712689808524,-1.56064197884564,-0.185969326076375,-0.708194534244058,0.666478118525205,0.344532989719539,1.7192056424888
6264335,429751,4.73632530030699,0.610582216450037,-1.54018310783022,-0.164935413211233,-0.726386227671014,0.648861466947969,0.35867115994057,1.73391885455955
6378044,437017,4.69877162513717,0.571305385447683,-1.58232588987687,-0.206503809980375,-0.685777850763259,0.690044229133236,0.397759240249172,1.77358132014567
6493816,444359,4.70759700283821,0.57840959963198,-1.58470847656218,-0.20831267549344,-0.675747553564577,0.700648247504168,0.381286152034647,1.75768195310339
6611690,451916,4.76268274895023,0.631776146989257,-1.61579834923299,-0.238829481912666,-0.711121934291384,0.665846933028939,0.392664659320189,1.76963352664051
6731704,459542,4.75733092874276,0.624707090774629,-1.5918152880144,-0.214274008691692,-0.755194458420817,0.622346820901893,0.418105942438785,1.7956472217615
6853896,467311,4.74386185143476,0.609522747662418,-1.54397033154203,-0.165857296951248,-0.763835367348406,0.614277667242374,0.392370972202002,1.77048400679278
6978306,475273,4.75229370517678,0.616241294714492,-1.57513544933039,-0.196451312509626,-0.776864962759589,0.601819174061174,0.428133831659579,1.80681796848034
7104974,483360,4.76408373129925,0.626319972279737,-1.55134268321154,-0.172088096871706,-0.796905891035578,0.58234869530426,0.412591967694027,1.79184655403387
7233942,491462,4.79767923646205,0.658206069124736,-1.59534610967194,-0.2155217205595,-0.787219783443959,0.592604605668477,0.413313781400063,1.7931381705125
7365250,499769,4.81207253359651,0.670891916656743,-1.62231405952753,-0.241920520547604,-0.765410694059483,0.614982844920438,0.404079344736488,1.78447288371641
7498942,508193,4.86770592474056,0.724819792718907,-1.66059979297142,-0.279637748964206,-0.759480659031453,0.621481384975765,0.380801652008586,1.7617636960158
7635061,516796,4.84848031771054,0.703890604376414,-1.65377140110144,-0.272241496656729,-0.768703509017428,0.612826395427281,0.402421717154539,1.78395162159925
7773650,525520,4.82258010044455,0.676288748119389,-1.62917987397543,-0.247082756533709,-0.790425971003458,0.591671146438264,0.425452869280548,1.80754998672227
7914755,534434,4.87033166255253,0.722340594896824,-1.60980028101551,-0.227136591796941,-0.786881969227466,0.595781719991103,0.354777712436544,1.73744140165511
8058422,543449,4.87426011732555,0.724571249944017,-1.61021730625845,-0.226987683797938,-0.801330897878472,0.581898724582038,0.365715211557529,1.74894483401804
8204696,552607,4.86509493257756,0.713710194325165,-1.63205144866242,-0.248256535911624,-0.764216410742449,0.61957850200835,0.35960005157358,1.74339496432438
8353625,561992,4.85989142560857,0.706812732998792,-1.63303176809944,-0.248672203896184,-0.768105202663435,0.616254361539823,0.369672669900581,1.75403223410384
8505258,571452,4.81732095390055,0.662550210150673,-1.59052752362345,-0.205603942373492,-0.701982905519458,0.682940675730501,0.303616599988516,1.68854018123847
8659643,581194,4.84518647701361,0.688725593065916,-1.59949242690641,-0.21400546559051,-0.728546305898419,0.65694065541748,0.311279380537599,1.6967663418535
8816831,591049,4.85295896568556,0.694809836887687,-1.55103513003843,-0.164985420439138,-0.793814088150441,0.59223562144885,0.32031737724958,1.70636708684887
8976871,601015,4.85642289154254,0.696587428847236,-1.48593855346945,-0.099326732571019,-0.790501356461448,0.596110464436986,0.24844414313452,1.63505596403295
9139817,611150,4.88683698509453,0.725317071841081,-1.47456446705348,-0.0873911626356656,-0.796057651229489,0.591115653188328,0.212212257934539,1.59938556235236
9305720,621541,4.84827412041858,0.685071653667642,-1.48399413576942,-0.0962599801857758,-0.752988341993444,0.634745813590202,0.217135482090555,1.6048696376742
9474635,632013,4.86773157347756,0.702848432698723,-1.46947924891845,-0.0811848686588357,-0.775241081370439,0.613053298889172,0.205415881557542,1.59371026181715
9646616,642742,4.83563981790354,0.669077885075938,-1.47557453584443,-0.0867205582352291,-0.786476999660408,0.602376977948793,0.254838842347567,1.64369281995677
9821719,653633,4.83915474001856,0.670915889588162,-1.50930025236147,-0.119887302218005,-0.762320959945441,0.627091990198024,0.260893597034567,1.65030654717803
10000000,664579,4.80425573441954,0.634341842964638,-1.50351115694048,-0.113539859788842,-0.756643710064509,0.633327587087126,0.284326257331543,1.67429755448318
10181517,675856,4.78706959713952,0.615482534041734,-1.49579799071648,-0.105268969683887,-0.752379857108508,0.638149163924088,0.289535375431512,1.68006439646411
10366329,687277,4.82495140617857,0.651693034280054,-1.53043731252143,-0.139351188555256,-0.724804245261453,0.666281878704719,0.258717276350581,1.64980340031675
10554496,698973,4.8903572840016,0.715429460378869,-1.54151586673441,-0.149873258860172,-0.750822850182431,0.640819757691812,0.230408557661576,1.62205116553582
10746078,710860,4.84578028208654,0.669184867549342,-1.52829704816145,-0.13609857664905,-0.738840137121485,0.653358334390913,0.249784027942553,1.64198249945495
10941138,722890,4.83204499515057,0.653783837640234,-1.48167120158541,-0.0889174824153025,-0.708004765397447,0.684748953772664,0.186058096578563,1.57881181574867
11139739,735119,4.82889008061852,0.648965025212213,-1.47537613037343,-0.0820677785713309,-0.670559435985467,0.722748915816636,0.145472610486536,1.53878096228864
11341944,747562,4.81911643828658,0.637529336453779,-1.44949599165341,-0.0556336243758053,-0.707952916733404,0.685909450544197,0.166759594846553,1.56062196212416
11547820,760259,4.79557432656657,0.612327012762846,-1.41957070441742,-0.0251549331495176,-0.730087747121445,0.664328024146462,0.182511249718573,1.57692702098648
11757433,773158,4.78111902003053,0.596213329817496,-1.42446756551743,-0.029499002113087,-0.769034992709464,0.625933570694881,0.240810662942522,1.63577922634687
11970850,786277,4.76918171045259,0.582619481740222,-1.42116377181947,-0.0256430289153442,-0.801846763563447,0.593673979340674,0.282255949676539,1.67777669258066
12188142,799574,4.74979151624757,0.561574567939019,-1.49326610005244,-0.0971937839495876,-0.742919463740463,0.653152852362387,0.314821172291545,1.71089348839439
12409378,813176,4.77072685635557,0.580857013556625,-1.43322089045245,-0.0365976095194662,-0.83929929164043,0.557323989292551,0.330220450483523,1.7268437314165
12634629,826954,4.80182257985257,0.610301667875624,-1.46566369428342,-0.0684900569577727,-0.822781409439415,0.574392227886234,0.315049648616537,1.71222328594219
12863969,841020,4.78567032823059,0.59250016017265,-1.43607424677737,-0.0383508574247178,-0.841279973973428,0.55644341537922,0.320111017266527,1.71783440661918
13097473,855125,4.85156966388149,0.656752043504217,-1.4923766753825,-0.094104135256744,-0.857655284850466,0.540617255275292,0.326889421097576,1.72516196122333
13335214,869641,4.83512478152659,0.638661526627802,-1.49021119890949,-0.0913901139432298,-0.84994382083346,0.548877264132803,0.333457362962577,1.73227844792884
13577271,884316,4.81832910629657,0.620222016243904,-1.48813109955142,-0.0887620695338676,-0.833830234927518,0.565538795090038,0.332059352928582,1.73142838294614
13823722,899375,4.83752010588057,0.637770978512337,-1.49608134179141,-0.0961649660019981,-0.840640266703417,0.559276109085994,0.327628627360582,1.72754500314999
14074647,914607,4.84702735711858,0.645637984839112,-1.52275282376945,-0.122289699676297,-0.812665392801364,0.587797731291791,0.316817984198565,1.71728110829172
14330126,930121,4.84224744290555,0.639219622011165,-1.48409099760647,-0.0830817239750121,-0.837578471526513,0.563430802104947,0.307849150973539,1.708858424605
14590242,945949,4.80653618730958,0.601871707906525,-1.48725426821443,-0.0856994417467454,-0.775557029398442,0.625997797069241,0.284702235049622,1.6862570615173
14855080,961999,4.81439893567563,0.608099578802428,-1.45332571215647,-0.0512259265320709,-0.786659870448375,0.615439915176024,0.254013771675545,1.65611355729994
15124725,978239,4.82073006841654,0.612797615608706,-1.48424150433141,-0.0815973533954639,-0.79919552771139,0.603448623224554,0.291134088372587,1.69377823930853
15399265,994793,4.83850454408753,0.628940768564172,-1.57172146134451,-0.168533536170058,-0.726009569540452,0.677178355634,0.287653611543533,1.69084153671798
15678788,1011735,4.87353016479551,0.662336840950826,-1.61786737104444,-0.214136263096212,-0.696051153124472,0.707679954823756,0.2688154841195,1.67254659206773
15963385,1028912,4.87071896870248,0.657897863884161,-1.57031983480147,-0.166046133195362,-0.764238358553484,0.640035343052621,0.292266349398574,1.69654005100468
16253148,1046336,4.87091011993959,0.656462998266734,-1.57325510192038,-0.168439394696094,-0.753611236816482,0.651204470407804,0.284383343543595,1.68919905076788
16548171,1064053,4.82766127680065,0.611589897342522,-1.5926521386474,-0.187295012161351,-0.762309429931406,0.643047696554638,0.355727416524587,1.76108454301063
16848549,1082173,4.86881879698456,0.651124917623157,-1.58486870118736,-0.178970741400228,-0.77302329715144,0.632874662635693,0.317500326100571,1.7233982858877
17154379,1100583,4.88962924707062,0.670314622916866,-1.57847871800948,-0.172040509958228,-0.781288861545477,0.625149346505773,0.298565457230552,1.7050036652818
17465760,1119278,4.88832437291956,0.667390755032926,-1.60264967548039,-0.195671802851517,-0.761372482088404,0.645605390540472,0.304124909395568,1.71110278202444
17782794,1138288,4.86791639092553,0.645365520260974,-1.59639078170255,-0.188873824814368,-0.77046183221853,0.637055124669655,0.327363347741425,1.73488030462961
18105582,1157615,4.86863099248558,0.644464614405355,-1.61826581491039,-0.210210355550313,-0.752742615778402,0.655312843581672,0.330804562949538,1.73886002230961
18434230,1177257,4.88956215610062,0.663782004517956,-1.6121573200794,-0.203563936218515,-0.792484597259431,0.616108786601458,0.343506885984539,1.75210026984543
18768843,1197269,4.88683234490861,0.659440156693962,-1.6427887702514,-0.233658040846517,-0.753531782807386,0.655598946597498,0.337915332896614,1.7470460623015
19109530,1217534,4.8455831709415,0.616580675748748,-1.61318488185054,-0.203517383452961,-0.764228969398459,0.645438528999123,0.360257805053493,1.76992530345108
19456401,1238277,4.8444181901765,0.613807115148557,-1.59519747686352,-0.184993785187538,-0.771743960839558,0.638459730836422,0.35095037227245,1.76115406394843
19809568,1259259,4.83743278713951,0.60521485683705,-1.61002858643644,-0.199289276335624,-0.728670682696475,0.682068627404344,0.329693606739511,1.74043291684033
20169146,1280675,4.84361852679751,0.609795458870299,-1.62157679419852,-0.21030243822278,-0.737620703054517,0.673653652921221,0.344006095201507,1.75528045117725
20535250,1302354,4.85322232829549,0.617795842734355,-1.60398317885654,-0.192174350336161,-0.738741095640535,0.673067732879843,0.317929070947457,1.72973789946783
20908000,1324509,4.88815711483755,0.651128921244364,-1.59021163287844,-0.177868901680706,-0.760910629934529,0.651432101263202,0.291392272721509,1.70373500391924
21287517,1347005,4.90384138440857,0.665213187311347,-1.59724098659137,-0.184364920892301,-0.7687151359994,0.644160929699672,0.290541862928535,1.70341792862761
21673922,1369877,4.92441737234753,0.684190880295803,-1.62209765751652,-0.208688826832609,-0.798164987488462,0.615243843195448,0.324272397403547,1.73768122808746
22067341,1393273,4.90466619076949,0.662843104638161,-1.63579798146645,-0.22185695275601,-0.810977622702467,0.602963406007976,0.370536538145529,1.78447756685597
22467901,1416747,4.92369790882958,0.680279927136097,-1.61747148583049,-0.202998825265998,-0.777470292154476,0.637002368410019,0.2996709939016,1.71414365446609
22875732,1440884,4.9146979643665,0.669686780521765,-1.60557730379742,-0.190573575849174,-0.786504948133484,0.62849877981476,0.305811412310504,1.72081514025875
23290966,1465398,4.90498338858856,0.65838069235963,-1.61941395643544,-0.203879724359127,-0.7967075104674,0.618826721608911,0.339565203060488,1.7550994351368
23713737,1490302,4.85631250817255,0.608119987172682,-1.64505697838342,-0.2289928047168,-0.738873962059415,0.677190211607208,0.356045557016614,1.77210973068324
24144182,1515579,4.94310867666456,0.693328014208291,-1.68153940274351,-0.264945848591419,-0.754028901063407,0.662564653088685,0.320886751888565,1.73748030604066
24582441,1541434,4.91613153957451,0.664764412889766,-1.6913200236695,-0.274197648107924,-0.76572853116545,0.65139384439613,0.369344140006547,1.78646651556813
25028654,1567644,4.93979336666064,0.686841455985741,-1.66851207995944,-0.250861443067809,-0.785319456223419,0.632331180668213,0.34246529426855,1.76011593116018
25482967,1594195,4.94591856067848,0.691383536959519,-1.65988546624953,-0.241707125009881,-0.788760808977486,0.629417532262167,0.331154839294527,1.74933318053418
25945527,1621337,4.96755563865554,0.711439169472997,-1.68001086665242,-0.261305376924909,-0.81361677002451,0.605088719703005,0.354499122767493,1.77320461249501
26416483,1648930,4.89739208129754,0.639695833090514,-1.66422715000647,-0.244995067270793,-0.756292950470424,0.662939132265251,0.351555143925566,1.77078722666124
26895988,1676958,4.85710012031564,0.597825754034789,-1.6510586242083,-0.231300502114688,-0.756318712456391,0.663439409637225,0.378704341095613,1.79846246318923
27384196,1705456,4.8544050898056,0.593554266721991,-1.64459094618644,-0.224307338491905,-0.723642823922432,0.696640783772102,0.342255805049604,1.76253941274414
27881267,1734488,4.86131468221663,0.598889053657415,-1.61343924577545,-0.192630702922381,-0.729032834687473,0.691775708165599,0.309584522992623,1.73039306584569
28387360,1764023,4.86785580711251,0.603857026862483,-1.5811035458795,-0.159770619129493,-0.730755471771431,0.690577454978576,0.272430335284525,1.69376326203453
28902639,1794013,4.85560103168746,0.590030749276627,-1.57398448291246,-0.152127722108855,-0.747635375664458,0.674221385139151,0.294445951635453,1.71630271243906
29427272,1824482,4.85662102926347,0.589480886988699,-1.56425479732445,-0.14187474989953,-0.771926792348495,0.650453255076427,0.307987685155467,1.73036773258039
29961427,1855591,4.83705671990958,0.568348361930097,-1.59643221143847,-0.173529425445306,-0.73794515929842,0.684957626694743,0.325747775573518,1.74865056156668
30505279,1887224,4.85688608748058,0.586611148254066,-1.55402373456741,-0.130598754825239,-0.768966506679362,0.654458473062807,0.294531278512636,1.71795625825481
31059002,1919359,4.87694169061956,0.605101806963267,-1.55337346596843,-0.129426838083003,-0.80529329391652,0.618653333968911,0.310152194011494,1.73409882189692
31622777,1951958,4.85253433222454,0.579131132445142,-1.53144935336741,-0.106981620107609,-0.784055744467423,0.640411988792375,0.29139789035662,1.71586562361642
32196784,1985179,4.83146981103857,0.556504926783176,-1.55676219903341,-0.131773904281616,-0.741335322457417,0.683652972294382,0.295054835198584,1.72004312995038
32781212,2019000,4.85900911291253,0.582484163636236,-1.59748662221546,-0.171978305790024,-0.70870099476349,0.716807321661942,0.275605628812514,1.70111394523795
33376247,2053422,4.86418492567759,0.586101535839813,-1.60198763049436,-0.175959833881771,-0.729234717526424,0.696793079086169,0.295464547089637,1.72149234370223
33982083,2088342,4.88695403574866,0.607313822577041,-1.61024625301536,-0.183699515291489,-0.764331158275354,0.662215579448519,0.316050500288611,1.74259723801248
34598917,2123725,4.92082701010156,0.639631585123324,-1.61512918561039,-0.188064043950973,-0.774629344230448,0.652435797428965,0.297358644485598,1.72442378614501
35226947,2159808,4.91651163262554,0.633762608125164,-1.59228507325849,-0.164702065091702,-0.769962722762443,0.65762028540435,0.274163288141608,1.7017462963084
35866376,2196599,4.9149373847805,0.630636370196715,-1.60243272015543,-0.174332381960839,-0.791574714659419,0.636525623535177,0.307497174780565,1.73559751297516
36517413,2234034,4.89688941426652,0.611038010711594,-1.58274057538949,-0.154123440871183,-0.768403435141522,0.660213699376788,0.282681721010476,1.71129885552879
37180267,2272062,4.88384365999661,0.596443469332772,-1.56776205594338,-0.138628659055429,-0.811315193035398,0.617818203852549,0.3236607137286,1.75279411061655
37855152,2310724,4.94101688854755,0.652069510427491,-1.59824786571244,-0.168598739672417,-0.835753739736447,0.593895386303573,0.321411841647546,1.75106096768757
38542289,2350143,4.9542589308935,0.663765955764908,-1.63782849887855,-0.207664173835683,-0.873418173446566,0.556746151596298,0.385414866177484,1.81557919122035
39241898,2390256,4.93321043515255,0.641173455561812,-1.61781449956743,-0.187135506370519,-0.852712986031406,0.577966007165505,0.365744175192617,1.79642316838953
39954206,2431043,4.92791103371644,0.634331637564435,-1.60649545006356,-0.175302318012894,-0.835050429695571,0.596142702355098,0.34206197078845,1.77325510283912
40679443,2472423,4.93813150669166,0.643011279679046,-1.5856208076284,-0.153914065290863,-0.856598358016413,0.575108384321126,0.332514783699594,1.76422152603713
41417845,2514546,4.92415167871252,0.627492200519847,-1.60329879259143,-0.171078966527207,-0.839254264715464,0.59296556134876,0.346828503340475,1.7790483294047
42169650,2557301,4.8867934112186,0.588596260301083,-1.58111721102944,-0.148384827390263,-0.801087361113446,0.631645022525728,0.323838285670604,1.75657066930978
42935102,2600854,4.91767659179959,0.617943341943351,-1.57232898269638,-0.13908456607763,-0.783306825496425,0.649937591122322,0.266386341139651,1.6996307577584
43714448,2645131,4.88442490164755,0.58315712484878,-1.57598539162848,-0.142229466028889,-0.774618047248509,0.65913787835108,0.294605661975538,1.72836158757513
44507941,2690184,4.88765241606154,0.584851679552889,-1.54031459652651,-0.106047684356963,-0.801083702450455,0.633183209719095,0.282173007661527,1.71643991983108
45315836,2736185,4.87767432140356,0.573342192620129,-1.58971415920041,-0.154936782939268,-0.744786752100367,0.689990624160777,0.285253714643545,1.72003109090469
46138397,2782854,4.88128899764649,0.575427035987839,-1.59247015502547,-0.157182834472582,-0.695451360417451,0.739835960135434,0.235059642542524,1.67034696309541
46975888,2830305,4.89055707533259,0.583166841110373,-1.57966495393146,-0.143868209190715,-0.738336423671399,0.697460321069342,0.255871427016586,1.69166817175733
47828581,2878472,4.85668176410354,0.547764812629036,-1.56121898587651,-0.124913335385006,-0.752317925324519,0.683987725166983,0.285282271843471,1.72158792233497
48696753,2927435,4.85361100209957,0.543168883687462,-1.55633814166049,-0.119524102189787,-0.793945418160433,0.642868621310269,0.325099682467567,1.76191372193827
49580682,2977441,4.8733283313876,0.561362598348683,-1.56126764325245,-0.123945732239478,-0.797169984248399,0.640151926764573,0.313536420859577,1.75085833187255
50480657,3028199,4.91373723821869,0.60024943460145,-1.60445896989336,-0.166629702020946,-0.826292929161355,0.611536338711058,0.345441785582693,1.78327105345511
51396968,3079872,4.87966729567756,0.564658964547515,-1.57191148436243,-0.133575373985748,-0.794704406802452,0.64363170357423,0.315375720233533,1.75371183061022
52329911,3132349,4.9046872745746,0.588159956715317,-1.56296500358542,-0.124122564298991,-0.765522169137398,0.673320270149029,0.252227022894544,1.69106946218097
53279789,3185800,4.92600478704765,0.607960018346865,-1.53125824721633,-0.091909990982735,-0.762877036424356,0.676471219809237,0.196557621339593,1.63590587757319
54246909,3239988,4.95710817790666,0.637547491795859,-1.56020602908143,-0.120352467044494,-0.800954231821379,0.638899330215555,0.232479207742585,1.67233276977952
55231584,3295251,4.96565584074551,0.644580767521685,-1.51758826318655,-0.0772299054452776,-0.823699318042486,0.61665903969879,0.204058865229513,1.64441722297079
56234133,3351550,4.96990221128556,0.647314277646808,-1.48624142599044,-0.0453787814441931,-0.824286667314482,0.616575977231768,0.16905300676558,1.60991565131183
57254879,3408741,5.05360391457361,0.729504646283941,-1.54156773243449,-0.100201309671263,-0.827584049482425,0.613782373280799,0.143974992089625,1.58534141485285
58294153,3466822,5.04261423123251,0.717005149933446,-1.54284509105548,-0.10097539728913,-0.833399806583429,0.608469887182924,0.162057791152506,1.60392748491886
59352293,3525947,5.0494741949816,0.722356816860044,-1.56554066878641,-0.12316820941256,-0.799430126510401,0.64294233286345,0.143923725061541,1.58629618443539
60429639,3586147,5.01658620328465,0.687962044948232,-1.56348068543537,-0.120605965989894,-0.794957183963447,0.647917535482024,0.170278790860607,1.61315351030608
61526541,3647271,5.04427813275754,0.714148705842534,-1.55689117145448,-0.113514695816146,-0.816067162870468,0.627309312767868,0.157107326313508,1.60048380195184
62643354,3709417,5.06633485405052,0.734701667144926,-1.59055134742539,-0.146673618456857,-0.807199572145464,0.636678156823068,0.159843190266542,1.60372091923507
63780438,3772774,5.08912221783942,0.755986778383052,-1.57732692428056,-0.132948444461767,-0.822722909732533,0.621655570086255,0.13935474091943,1.58373322073822
64938163,3837111,5.06527439438037,0.730638204117048,-1.54223072300761,-0.097351992919833,-0.852003508279495,0.592875221808278,0.157386961652492,1.60226569174026
66116903,3902653,5.04172668031651,0.705591238877637,-1.56458233573562,-0.119203855255996,-0.833574383591667,0.611804096887959,0.184857163756533,1.63023564423616
67317038,3969411,5.05993449456855,0.722301300407312,-1.58148028471965,-0.135602553332566,-0.829766980827571,0.616110750559508,0.179739895724424,1.6256176271115
68538958,4037147,5.03674109771828,0.697611644251676,-1.57025692338971,-0.12388043890084,-0.828872141641796,0.617504342847071,0.190815092058301,1.63719157654717
69783058,4106144,5.05269873693646,0.712074515144841,-1.57926066938762,-0.132385928790415,-0.875476592151472,0.571398148445736,0.230465649348389,1.6773403899456
71049741,4176090,5.03962644951662,0.697508946952818,-1.57952306931156,-0.132150568456963,-0.831877115539555,0.615495385315045,0.200200860080486,1.64757336093509
72339416,4247595,5.04495845446058,0.70134915679212,-1.60617094882355,-0.158301182934059,-0.81345318843546,0.634416577454028,0.203092807544408,1.6509625734339
73652501,4320048,5.05429401361744,0.709194402802432,-1.63268131388236,-0.184314776944023,-0.840524331786355,0.60784220515198,0.24733875679749,1.69570529373582
74989421,4393729,5.04472086430565,0.698132419292528,-1.64179085338628,-0.19292803838191,-0.850657001242325,0.598205813762047,0.27615411506963,1.725016930074
76350608,4468818,5.04937401128245,0.701298208796151,-1.65956847867756,-0.21020987784879,-0.857399871057623,0.591958729771143,0.296021463198485,1.74538006402725
77736503,4545054,5.02329877076136,0.673737084041251,-1.6449161970786,-0.195062301505232,-0.855197811866674,0.594656083706695,0.305242362929448,1.75509625850282
79147554,4622607,5.03718306886867,0.686136968756148,-1.61101061578347,-0.160661915745963,-0.865199061791373,0.585149638246135,0.267453733452612,1.71780243349012
80584219,4701511,5.06047799962448,0.707948952631973,-1.62579929316348,-0.174956277499312,-0.877707707499439,0.57313530816473,0.271456125784653,1.72229914144882
82046961,4782035,5.05174772206942,0.697737193794433,-1.63967272616651,-0.18833588340818,-0.8856348690706,0.56570197368773,0.301986997913446,1.75332384067178
83536255,4863574,5.02358564572046,0.668095097201786,-1.67057281566758,-0.218742632828026,-0.84752373721949,0.604306445620068,0.322938031912599,1.77476821475216
85052582,4946532,4.99643053529144,0.639461425645035,-1.65893887664856,-0.206615840099762,-0.86132945033637,0.590993586212431,0.352264916439481,1.80458795298828
86596432,5031122,5.00089719738253,0.642450983500829,-1.63411346727344,-0.181298062646204,-0.865389572605409,0.587425832021824,0.327032967242531,1.77984837186976
88168307,5117074,4.98472965749238,0.624807791127182,-1.6244593541835,-0.171152065395101,-0.87730322387165,0.57600406491675,0.3454600453083,1.7987673340967
89768713,5204364,5.01027155459519,0.648875487160289,-1.57429910471274,-0.120500415567768,-0.912978064996651,0.540820624148317,0.30543273985927,1.75923142900424
91398170,5293442,5.01595439274047,0.653085570866018,-1.6048305181555,-0.150540910864012,-0.879539285619558,0.574750321671926,0.29684253578057,1.75113214307205
93057204,5383761,5.01222247317628,0.64788234184797,-1.58798988283957,-0.133209839063462,-0.88582931146766,0.568950732308444,0.290023845876249,1.74480388965235
94746353,5475797,5.02010933585348,0.654299336239472,-1.58758714479836,-0.132317144927028,-0.874310040798491,0.580959959072844,0.270214974489591,1.72548497436093
96466162,5569481,4.96762157024637,0.600343142100872,-1.6189569333776,-0.163197457329106,-0.836969799781627,0.61878967626687,0.316732287658397,1.77249176370689
98217189,5664717,4.96611350637431,0.597368085386981,-1.62338786975374,-0.167139396091298,-0.829768954613655,0.626479519048789,0.31547044273816,1.7717189164006
100000000,5761455,4.9823820445954,0.612171064203709,-1.62396628333659,-0.16722928987269,-0.832763728368491,0.623973265095405,0.302775091855437,1.75951208531933
101815172,5859909,5.00254130141843,0.630866192204445,-1.65634443253771,-0.199119396133045,-0.8262944061496,0.630930630255062,0.308524662014406,1.76574969841907
103663293,5960167,4.99519908533853,0.622061274627463,-1.69165057018949,-0.23393796661914,-0.803615968657368,0.654096634912986,0.328494578254549,1.7862071818249
105544960,6062173,5.0028026855573,0.628203598739542,-1.6676353699786,-0.209435674372679,-0.80650661295067,0.651693082655249,0.299766422117273,1.75796611772319
107460783,6165863,5.02540926776032,0.649350326618441,-1.67745930261549,-0.218772988901528,-0.820954913251626,0.637731400462335,0.301432072852322,1.76011838656628
109411381,6271407,5.04351329717156,0.665995921470724,-1.68556591442848,-0.226393455861535,-0.844364070976553,0.614808387590391,0.314843812979461,1.77401627154641
111397386,6378633,5.0338486610633,0.654874267234895,-1.64962447888456,-0.189966347608426,-0.846099958016566,0.61355817325957,0.290302900583356,1.74996103185949
113419440,6487719,4.99125663453242,0.610826636764247,-1.59039115855558,-0.130247825966185,-0.836926956663547,0.623216375925844,0.264488605432462,1.72463193802185
115478198,6598379,5.03721346823545,0.655329277508796,-1.62535548868459,-0.164727425109039,-0.8685378408004,0.592090222775151,0.285106985995526,1.74573504957108
117574327,6711311,5.02421695092653,0.640879974974499,-1.61948830900951,-0.158375983692169,-0.810529423617481,0.650582901699862,0.234227906446449,1.69534023176379
119708503,6825909,5.00382422347843,0.619035868916757,-1.58631291626557,-0.124716798078345,-0.821963998705542,0.639632119481683,0.232879816238437,1.69447593442566
121881418,6942650,5.03997283388253,0.653734503660898,-1.63279584519364,-0.17071640178643,-0.819267462077505,0.642811981329706,0.240517598134375,1.70259704154159
124093776,7061479,4.99852379690242,0.610836890729525,-1.60177017150568,-0.139207869448046,-0.810439340433732,0.6521229616239,0.242112839782294,1.70467514183993
126346292,7182407,4.99750874495453,0.608374660468456,-1.60470365512151,-0.14165896029282,-0.785115107525598,0.677929587303093,0.220737142438338,1.68378183726703
128639694,7305294,4.94065859803936,0.550078730766405,-1.59913939522448,-0.135612772800164,-0.752493019928579,0.71103360249574,0.239400941859458,1.70292756428378
130974726,7430347,4.95135266850139,0.559328410123554,-1.61375946273461,-0.149751376608662,-0.777134276834659,0.686873809291285,0.26796819581341,1.73197628193935
133352143,7557402,4.94769136971445,0.554224109648882,-1.63514890913757,-0.170659822449048,-0.808521781233594,0.655967305454928,0.324406445402246,1.78889553209077
135772714,7686652,4.93859352749951,0.543684652708743,-1.59357251867254,-0.12860289374229,-0.810502937360525,0.65446668756973,0.293909053279322,1.75887867820958
138237223,7818096,4.99306142914861,0.596712323533187,-1.60409827512353,-0.138648573251725,-0.811950830255455,0.653498871616353,0.25141480097659,1.7168645028484
140746466,7951939,4.99060373684642,0.592815782542467,-1.57425578628158,-0.108326468180264,-0.843867980205687,0.622061337895632,0.255947154386376,1.7218764724877
143301257,8088149,4.99480381722128,0.595578392578105,-1.56073557734271,-0.0943271024616528,-0.826943677454665,0.639464797426394,0.221302562321171,1.68771103720223
145902422,8226558,4.96689956757837,0.566238048748527,-1.55502622542963,-0.0881390524863488,-0.831448906165633,0.635438266777647,0.248002688762426,1.71488986170571
148550802,8367469,5.0274658840583,0.625369644976772,-1.55370365137765,-0.0863382383504694,-0.886569783129517,0.58079562989766,0.241234675194391,1.70860008822157
151247255,8510573,5.03433634631551,0.630806757770274,-1.60734975510445,-0.139506558922705,-0.850964663672585,0.616878532509162,0.252405197207509,1.72024839338925
153992653,8656169,5.02567112757833,0.620709558060746,-1.6032148081697,-0.134894284997166,-0.819579960325655,0.648740562846875,0.225550765662319,1.69387128883485
156787884,8804437,4.97572007108738,0.56932788669445,-1.62482935441653,-0.15603195961889,-0.77948013169248,0.689317263105163,0.257016539767392,1.72581393456504
159633854,8954979,4.99188366626163,0.584062229755081,-1.59092605339447,-0.12165224122562,-0.761535813186356,0.707737998982493,0.189005325065636,1.65827913723449
162531484,9108322,4.97705873656741,0.567809408128261,-1.62319306158861,-0.153443285442224,-0.728510651268607,0.741239124877777,0.203072101035559,1.67282187718194
165481710,9264321,5.01288724907567,0.602211387133963,-1.64101914042021,-0.170793853106308,-0.780134133316324,0.69009115399758,0.236693149407756,1.70691843672166
168485488,9423047,5.01116668828445,0.599065648064461,-1.69475746184753,-0.224057115107535,-0.724821011967379,0.745879334772617,0.236838910276447,1.70753925701644
171543790,9584701,5.00455935629157,0.591034490478437,-1.70836978232046,-0.237194827049418,-0.713148414620491,0.758026540650552,0.245385965395599,1.71656092066664
174657605,9748739,4.99752731056151,0.582579969597955,-1.68056916831461,-0.208920054660087,-0.723446469226701,0.748202644427817,0.234915451725328,1.70656456537985
177827941,9915892,5.03638876767127,0.62002029928118,-1.68690850937674,-0.214785686580039,-0.743491679284716,0.72863114351198,0.222438545735258,1.69456136853195
181055824,10085759,5.01760170640841,0.599813455742444,-1.65739647344367,-0.184800389888345,-0.757845625775644,0.714750457779679,0.22606751755643,1.69866360111175
184342299,10258247,5.01420680683054,0.595000116313667,-1.68747890056557,-0.214410003726607,-0.76287542238947,0.710193474449488,0.264574640870478,1.73764353770944
187688429,10434160,5.00224154938542,0.581617759140828,-1.67630247467855,-0.202761211263688,-0.748452613570407,0.725088649844456,0.250940663609526,1.72448192702439
191095297,10612813,5.03150503860138,0.609465486154313,-1.70835263275853,-0.234339448609511,-0.768745992342474,0.705267191806549,0.274020711245385,1.74803389539441
194564006,10794601,5.0824126070454,0.658958627196085,-1.69855669171443,-0.224072031764659,-0.804094730186534,0.670389929763237,0.248665939601551,1.72315059955132
198095678,10979233,5.08945396805439,0.664586893301593,-1.71001437624955,-0.235058684665282,-0.796657266817647,0.678298424766617,0.245644799758338,1.7206004913426
201691455,11167409,5.07584251268531,0.649563673363857,-1.66581445288261,-0.190388173108796,-0.808753363418646,0.666672916355173,0.227152428361478,1.7025787081353
205352503,11358851,5.08343175131768,0.655742474337577,-1.68896812256639,-0.213071696906361,-0.829315583586322,0.646580842073711,0.263279079581707,1.73917550524174
209080004,11553411,5.10902857485553,0.679930185695618,-1.70900167321247,-0.232635543492499,-0.808187691420471,0.668178438299499,0.236587914523398,1.71295404424337
212875166,11751383,5.10713941369545,0.676633234680265,-1.65785777153656,-0.181022378531494,-0.859892227460477,0.616943165544584,0.239037710047342,1.7158731030524
216739217,11952850,5.02416409489956,0.592251445938861,-1.63695105625652,-0.159646839936288,-0.848719370056415,0.628584846263818,0.289933456159588,1.76723767247982
220673407,12157539,5.05080427184362,0.617486470538511,-1.63100794742036,-0.153235346985322,-0.845620506976502,0.632152093458533,0.254251307299455,1.73202390773449
224679009,12366203,5.03553541855649,0.600813780089346,-1.63645094754361,-0.158210401387893,-0.811576162403526,0.66666438375219,0.2409188161364,1.71915936229212
228757320,12578039,5.04290537172642,0.606781208560831,-1.66906348224552,-0.19035542785699,-0.81282152676954,0.66588652761899,0.267406762034398,1.74611481642293
232909659,12793758,5.02952192007956,0.59199654249768,-1.64837564326444,-0.169200517403817,-0.792367959236344,0.686807166624283,0.239648807167669,1.7188239330283
237137371,13013016,5.05337088801934,0.614445603438412,-1.64455502854867,-0.164913267021689,-0.824028765580579,0.655612995946399,0.243640030855431,1.72328179238241
241441822,13236395,5.03434551718851,0.594021631290404,-1.68582133212749,-0.205713370161453,-0.806582281523561,0.673525680442476,0.286485221208522,1.76659318317456
245824407,13463333,5.07180200918947,0.630080824559641,-1.66913804087858,-0.188564312668637,-0.829551788102663,0.65102194010728,0.255314944537304,1.73588867274725
250286543,13694099,5.10524524380935,0.662128061010599,-1.73505807245465,-0.254019011521732,-0.82176821026269,0.659270850670227,0.280008163653292,1.76104722458621
254829675,13928952,5.13979298622826,0.695281103091706,-1.72626458564764,-0.244760624602124,-0.836707765779693,0.644796195265825,0.251606489944379,1.7331104509899
259455272,14167859,5.09898143431042,0.653076146625223,-1.66825372124163,-0.186285292013228,-0.851636800405686,0.630331628822712,0.249336212082426,1.73130464131082
264164832,14410707,5.07408623377842,0.626788834593801,-1.62683663983353,-0.144404173438655,-0.88670597773762,0.595726488657252,0.267883508538489,1.75031597493336
268959879,14657951,5.06743427430251,0.618746054295663,-1.58276000143746,-0.099863928101847,-0.911659883185621,0.571236190149996,0.255412735066557,1.73830880840217
273841963,14909066,5.11617108646419,0.666093334414517,-1.57936796667582,-0.0960087159925929,-0.94208162261566,0.541277628067565,0.233705627572135,1.71706487825536
278812667,15164962,5.1164877078163,0.665021709238083,-1.59527047061988,-0.111448471093806,-0.925394784075706,0.558427215450367,0.232604671624131,1.7164266711502
283873596,15425212,5.11855523138047,0.66570227040751,-1.62093136628346,-0.136647045959138,-0.904274290251351,0.580010030072969,0.235077549900552,1.71936187022487
289026391,15689623,5.12775974471538,0.673521102221981,-1.61159897037669,-0.126852756212225,-0.947889288516762,0.536856925647703,0.260155638923379,1.74490185308784
294272718,15958882,5.13232224052945,0.676699195438462,-1.5943143754946,-0.10910669379761,-0.942245321862629,0.542962359834366,0.232664581573545,1.71787226327054
299614274,16232516,5.15124335595965,0.694237185031064,-1.6128466596283,-0.127177935985441,-0.92509206084037,0.560576662802492,0.215122489255691,1.70079121289855
305052789,16511151,5.09532658363014,0.636938560903531,-1.59332618023768,-0.107196839328813,-0.925333587093746,0.560795753815123,0.251760308446137,1.73788964935501
310590022,16794596,5.0822086868593,0.622440084274506,-1.58172259870048,-0.0951330645055479,-0.890191231816516,0.596398302378417,0.218132268403451,1.70472180259838
316227766,17082666,5.08899860357769,0.627850690465435,-1.5850285032102,-0.0979791988394436,-0.904977885890276,0.582071418480477,0.229434910269902,1.71648421464065
321967844,17375584,5.12575340925969,0.663227452968844,-1.59443508152026,-0.106926429423312,-0.924698959416219,0.562809692680729,0.221807756423914,1.70931640852086
327812115,17673880,5.15655421513247,0.6926514803377,-1.60030515223161,-0.112337573966688,-0.926424154187316,0.561543424077608,0.198602216032668,1.68656979429759
333762469,17977029,5.12924549247373,0.6639672418299,-1.57741137065432,-0.0889852871063745,-0.933787024618596,0.554639058929347,0.210380027545398,1.69880611109334
339820833,18285514,5.09721235927191,0.630559852798362,-1.59656739156026,-0.107683222735742,-0.892788978176213,0.596095190648302,0.220571135211685,1.7094553040362
345989166,18599630,5.08490198532672,0.616876481088589,-1.62186664189358,-0.132524807147531,-0.877094296561154,0.612247538184891,0.242486077874673,1.73182791262072
352269465,18918663,5.12137619936857,0.651978952935044,-1.65607433595505,-0.166275253810546,-0.874235709587083,0.615563372557425,0.23736097092069,1.7271600530652
358663762,19243474,5.12993061226962,0.659162876996427,-1.64834666892648,-0.158090757168748,-0.860355251626515,0.629900660131215,0.207198433029589,1.69745434478732
365174127,19573706,5.1030930400716,0.630956066870242,-1.62951824674838,-0.138805922347923,-0.870389529752629,0.620322794647823,0.225241861175618,1.71595418557607
371802666,19909615,5.13777607442944,0.664271112104114,-1.61173200531039,-0.120563684535278,-0.8695275252785,0.621640795496609,0.17191058090566,1.66307890168077
378551525,20252081,5.12961283690174,0.654741131790148,-1.65630891089859,-0.164685009194723,-0.865607136506242,0.626016765197623,0.220730335249755,1.71235423695362
385422887,20599825,5.1470947891753,0.670857585550253,-1.6626851770643,-0.170606109189289,-0.849695993204477,0.642383074670538,0.193713505839696,1.68579257371471
392418976,20953499,5.14969317875966,0.672091718558187,-1.65268864839618,-0.16015482832902,-0.885168728096232,0.607365091970926,0.216591322479871,1.70912514254703
399542056,21313039,5.1488554976504,0.669891020553969,-1.62654011215363,-0.13355195312149,-0.895772043961642,0.597216115070502,0.201883783210178,1.69487194224232
406794432,21679101,5.13542056677579,0.65509431023414,-1.58496181220835,-0.0915197266944643,-0.906270022436274,0.58717206307761,0.184238392615953,1.67768047812984
414178451,22051445,5.14785512527169,0.666168324478589,-1.60411918705631,-0.110223586791946,-0.907800346296426,0.586095253967941,0.192491532827717,1.68638713309208
421696503,22429967,5.14352163710237,0.660475524931061,-1.61521840888145,-0.120869704824345,-0.907048533305442,0.58730017075166,0.20717242983028,1.70152113388738
429351021,22815364,5.13392317348371,0.649518980564888,-1.62199092499623,-0.127189527356619,-0.859578618476007,0.6352227791636,0.176073494735647,1.67087489237525
437144481,23207085,5.19452961191291,0.708768566842017,-1.64684476942693,-0.151591087736636,-0.879317099822856,0.615936581867442,0.16005938208491,1.65531306377521
445079406,23605969,5.14914142590669,0.6620247548911,-1.66778779271363,-0.172082235708428,-0.880506523905296,0.6151990330999,0.227580015458443,1.72328557246364
453158364,24011476,5.18104729247534,0.692576219482146,-1.69238208526849,-0.196225060937426,-0.913862778472321,0.582294245858744,0.253624696011684,1.74978172034275
461383968,24423925,5.20792769404943,0.718103441075915,-1.66888469313062,-0.172276608806116,-0.933215884490892,0.563392199833614,0.222600008317386,1.71920809264189
469758882,24843673,5.20830897383257,0.717132760327827,-1.67887778355953,-0.181819045724613,-0.893972239343384,0.603086498491531,0.192968173816553,1.69002691165147
478285814,25270547,5.20264154046072,0.710114584034717,-1.68830233611516,-0.190793350639823,-0.886166107811277,0.611342877664056,0.200254028212839,1.69776301368817
486967525,25704825,5.19793586806054,0.704059383877781,-1.6683661324596,-0.170407304398676,-0.86167652757149,0.63628230048943,0.160533916716759,1.65849274477768
495806824,26146449,5.21243519628479,0.717210397404417,-1.6789233438235,-0.180515077530042,-0.868881272711405,0.629526993582051,0.163796544996785,1.66220481129024
504806572,26595315,5.22476060587678,0.728188703104016,-1.70754714406712,-0.208689843142866,-0.851899820839208,0.646957480085047,0.163113483776669,1.66197078470092
513969680,27051960,5.15445933128694,0.656541533464333,-1.6426351678133,-0.143329235205759,-0.87347439799305,0.625831534614487,0.190077359266979,1.68938329187452
523299115,27517001,5.13614693688669,0.636884450436821,-1.6370477910491,-0.137293628899143,-0.849179536149222,0.650574626000734,0.178507515058755,1.67826167720871
532797895,27989935,5.13072530237196,0.630119331717721,-1.67298592123234,-0.17278393101426,-0.840624017428127,0.659577972789952,0.211311761035631,1.71151375125371
542469094,28471085,5.1298304200036,0.627882167397434,-1.63709616352844,-0.136446745993052,-0.861083565396257,0.639565852139132,0.196776433667765,1.69742585120315
552315842,28960675,5.14381413748288,0.64052480298615,-1.65463587660906,-0.153539431776821,-0.87015454615721,0.630941898675033,0.209403410030973,1.71049985486322
562341325,29458442,5.1352141139846,0.630584895583585,-1.6207303685992,-0.119187295798858,-0.868397320295117,0.633145752505223,0.182340699656834,1.68388377245717
572548788,29964746,5.09795351346884,0.591985606924713,-1.62638262747123,-0.124393325289855,-0.829882218927196,0.672107083254179,0.186738457676711,1.68872775985809
582941535,30480007,5.0504322513857,0.543126850232719,-1.60528086706245,-0.102845733344787,-0.805454014674524,0.696981119043137,0.188729755097484,1.69116488881514
593522927,31003999,5.02924038470155,0.520598680630115,-1.61188290825839,-0.109002340234582,-0.778868196386156,0.724012371637656,0.189937844689666,1.69281841271348
604296390,31537695,5.04476688879686,0.534790071153129,-1.63404324395515,-0.130717638073905,-0.78740458957509,0.715921016306153,0.205108069480957,1.7084336753622
615265410,32079823,5.06292140782261,0.55161066389028,-1.6413604091772,-0.137590161199751,-0.800242788461219,0.703527459516226,0.207108914562468,1.71087916253991
626433537,32630933,5.10164699169445,0.589003506611929,-1.67280263767771,-0.168588142650198,-0.780986190189651,0.723228304837856,0.180568960918663,1.68478345594617
637804384,33192247,5.08119493420963,0.56721989114461,-1.67535217618661,-0.170693828498266,-0.77719278358245,0.727465564105891,0.199777150305636,1.70443549799398
649381632,33762943,5.09649098681939,0.581185566691634,-1.66651031678066,-0.161408510071407,-0.809676602516902,0.69542520419235,0.208123057223474,1.71322486393273
661169026,34343829,5.10522750705286,0.588592888862833,-1.68078554615522,-0.175240673425212,-0.780126828407447,0.725418044322562,0.184111992256931,1.68965686498694
673170382,34934453,5.12785040171457,0.609887762207917,-1.66128840746524,-0.155300860963019,-0.800399949541315,0.705587596960902,0.162265080038651,1.66825262654087
685389584,35534830,5.09611323632271,0.576823750141498,-1.64426326478133,-0.13783343605426,-0.807402696397276,0.699027132329794,0.183979849602565,1.69040967832963
697830585,36146432,5.14721889016982,0.626603730017832,-1.6809881694744,-0.174116449423739,-0.832017885362347,0.674853834688317,0.194214289413594,1.70108600946426
710497411,36768262,5.15264537653775,0.630705713049085,-1.66793568006233,-0.16062245889944,-0.852919798794119,0.654393422368769,0.196637227065821,1.70395044822871
723394163,37400722,5.09802529366925,0.574762295218433,-1.64915948679072,-0.141405153973782,-0.808423128770755,0.699331204046185,0.187984446637529,1.69573877945447
736525012,38043637,5.16366673265475,0.639081565816038,-1.69040886163702,-0.182213806024122,-0.842327188292984,0.665867867319919,0.197496442022839,1.70569149763574
749894209,38697994,5.18822081078679,0.662314639905176,-1.71413733342933,-0.205501943135464,-0.831530107613162,0.677105282680709,0.185873755002831,1.6945091452967
763506080,39363763,5.16375108264356,0.636525070057743,-1.68593105076843,-0.176855713239827,-0.85889214252029,0.650183195008315,0.209499235391831,1.71857457292044
777365030,40040790,5.15352057406017,0.624975880060751,-1.65322238581575,-0.143707487815947,-0.871147742235735,0.63836715576407,0.199276678736169,1.70879157673597
791475544,40730343,5.1456938663905,0.615831649221774,-1.63620232012545,-0.126248247735873,-0.881422532989291,0.628531539400285,0.20035811147045,1.71031218386003
805842188,41431301,5.17823468211964,0.647056098022667,-1.64760657900433,-0.137213717638676,-0.911882609684199,0.598510251681458,0.209681631315561,1.72007449268122
820469611,42144351,5.20007592624188,0.667582129447574,-1.67519077390625,-0.16435950830815,-0.91892077581042,0.591910489787682,0.222462748221915,1.73329401382002
835362547,42869628,5.14539344516652,0.611585587846392,-1.66893402890946,-0.157664743136086,-0.901621499517205,0.609647786256171,0.253589208006815,1.76485849378019
850525815,43607446,5.14283752519168,0.607716757545039,-1.6823985912165,-0.170691668667617,-0.868807129060315,0.642899793488566,0.236795319831799,1.74850224238068
865964323,44357695,5.1585969602861,0.622164430414288,-1.66453240903002,-0.152388232406078,-0.867534328033798,0.64460984859014,0.201896901526197,1.71404107815014
881683067,45120921,5.13945986615454,0.601716720160984,-1.68488957604131,-0.172308527376796,-0.852205999965463,0.660375048699055,0.226062834598451,1.73864388326297
897687132,45897155,5.18457486853322,0.645522250664939,-1.70891664513874,-0.195899105849316,-0.893553545370651,0.619463993918776,0.246322446721479,1.7593399860109
913981699,46687655,5.16326562664972,0.622904679000179,-1.64414774023862,-0.13069409102211,-0.918826003622598,0.594627645593915,0.228135241957716,1.74158889117423
930572041,47491184,5.12396642029762,0.582298282980357,-1.65581500063035,-0.141925621524601,-0.882133968406379,0.631755410699375,0.242409673485781,1.75629905259154
947463526,48308785,5.11854896281329,0.575574774021255,-1.6537135849826,-0.139388855385251,-0.897642870018444,0.616681859578902,0.261234616933507,1.77555934653085
964661620,49140880,5.13290846789687,0.588629363861742,-1.6784213819833,-0.163661680638256,-0.924661766343434,0.590097935001609,0.298601805176531,1.81336150652157
982171889,49986380,5.14595203040517,0.600369145343707,-1.68173470777083,-0.166540412750342,-0.928778950850756,0.586415344169732,0.292988752961264,1.80818304798175
1000000000,50847534,5.10074871427514,0.553863180398879,-1.67632283813282,-0.160694326840731,-0.874486551589143,0.641141959702944,0.278487800194853,1.79411631148694
1018151722,51723345,5.11419166345468,0.566004611038561,-1.67806414122924,-0.162001790423871,-0.875398781089189,0.640663569716183,0.267698383610877,1.78376073441625
1036632928,52613792,5.14782521807319,0.598337775509128,-1.67084759390264,-0.154351779714614,-0.890972264218817,0.625523549969205,0.242421764793107,1.75891757898113
1055449601,53519735,5.17544621115803,0.62465950472338,-1.70368569320226,-0.186756791057376,-0.920143476830162,0.596785425314722,0.276810083621967,1.79373898576685
1074607828,54441688,5.19384228055878,0.641757434739359,-1.74158146978925,-0.224219854516112,-0.883647026609196,0.633714588663945,0.259813340586788,1.77717495585993
1094113811,55379640,5.18053146700731,0.62714960419644,-1.78449891734863,-0.266704963078337,-0.882133332396734,0.635660621873557,0.314527907483352,1.83232186175364
1113973860,56333602,5.20332437522347,0.648646616031219,-1.77941773621251,-0.261191816481757,-0.862287336792633,0.655938582938118,0.266807822527426,1.78503374225818
1134194404,57303167,5.24997932366978,0.694006786636099,-1.75340912696993,-0.234751614625368,-0.927583333641905,0.591074178702654,0.259440261690088,1.77809777403465
1154781985,58289769,5.22052534956447,0.663259151402015,-1.76404417741151,-0.244955444690688,-0.897439308827416,0.621649423893402,0.269385261420666,1.78847399414148
1175743266,59294236,5.22873844421656,0.670179699672372,-1.73283292429505,-0.213313342780324,-0.877242450415451,0.642277131099278,0.209764055240612,1.72928363675534
1197085030,60315068,5.20086680285158,0.641016624771003,-1.7313184038203,-0.211368344460104,-0.825206946068192,0.694743113292,0.184085671783578,1.70403573114377
1218814185,61354166,5.1881043674739,0.626963866694116,-1.73064120505023,-0.210261038123639,-0.828028863882082,0.692351303044512,0.198992826205995,1.71937299313259
1240937761,62410740,5.12794910876346,0.565519394319544,-1.72685862206845,-0.20604871725381,-0.803152202048295,0.717657702766343,0.230488840099497,1.75129874491414
1263462918,63486255,5.13879223107324,0.575074410061456,-1.72687057816302,-0.205631304492422,-0.829185591158875,0.692053682511719,0.245691062997139,1.76693033666773
1286396945,64580342,5.16923321763443,0.604228395272759,-1.72377225271339,-0.202103978592832,-0.844851377869418,0.676816896251138,0.227817537694591,1.74948581181515
1309747264,65693203,5.22013835649068,0.653847636084736,-1.75996480340928,-0.237867896607294,-0.85862420966123,0.663472697140752,0.226877781326948,1.74897468812893
1333521432,66824841,5.20849627471443,0.640920757648411,-1.74104214600538,-0.218516973650043,-0.882708444809396,0.639816727545945,0.243681440846558,1.7662066132019
1357727142,67977131,5.23852184172665,0.669662627531567,-1.72898622359344,-0.206033152195076,-0.886090141205386,0.636862930192975,0.20498164781884,1.7279347192172
1382372227,69148179,5.2570594374456,0.686917623783845,-1.71155327578663,-0.188172671232708,-0.896884065118684,0.626496539435236,0.179805028205465,1.70318563275938
1407464663,70339539,5.26861674590737,0.697193428535476,-1.73464317345633,-0.210835400999037,-0.875686166088599,0.648121606368698,0.17013971838378,1.69394749084108
1433012570,71552016,5.27288624960647,0.700182522420293,-1.75785726199319,-0.233622686264468,-0.904680161153465,0.619554414575262,0.218078298286855,1.74231287401558
1459024216,72785090,5.25666651874644,0.682683473755722,-1.73285796985374,-0.208196954856833,-0.877747154613644,0.646913860383263,0.182365730466699,1.70702674546361
1485508017,74039773,5.2627704108163,0.687509138249991,-1.70086673730384,-0.175779646448404,-0.905164417103606,0.619922673751831,0.171687868336448,1.69677495919189
1512472545,75316364,5.22120578534577,0.644667373500451,-1.71216484497381,-0.186652041025372,-0.8856949684141,0.639817835534341,0.205081152786079,1.73059395673452
1539926526,76614902,5.20615050802644,0.628336043348813,-1.69348271749368,-0.167544562601138,-0.874996683814061,0.650941471078482,0.19075601802615,1.71669417291869
1567878844,77935411,5.2020431424462,0.622953709555459,-1.66464158103372,-0.138278436736806,-0.911498740073512,0.614864404223402,0.20252430340588,1.72888744770279
1596338544,79279110,5.20472090714611,0.624357588849073,-1.65415051533364,-0.127362742567961,-0.896939848454167,0.629847924311512,0.174796581386545,1.70158435415222
1625314837,80645622,5.23164822395574,0.650012101170751,-1.67541234940381,-0.148200308475483,-0.875680255243424,0.651531785684907,0.147871505436342,1.67508354636467
1654817100,82035799,5.26493863820724,0.682030790022741,-1.64555938903322,-0.117923439638391,-0.918248654793388,0.609387294601446,0.127296530366948,1.65493247976178
1684854879,83450352,5.21951445411651,0.63533595784622,-1.65303214072355,-0.124972641966791,-0.879062804963723,0.648996693793039,0.141007616316529,1.66906711507329
1715437896,84889489,5.19370364949646,0.608255580568983,-1.6705883449431,-0.142105655300607,-0.863470324063201,0.66501236557929,0.168782144256511,1.697264833899
1746576048,86353206,5.18137179047699,0.594655222503263,-1.63350584272303,-0.104600320065117,-0.861232728083451,0.667672794574457,0.141793905077066,1.67069942773497
1778279410,87842213,5.20698911263753,0.619005117480636,-1.59109807160257,-0.0617700732169424,-0.897134877041935,0.632193121343696,0.109670960757285,1.63899895914292
1810558243,89357744,5.18903965190657,0.599789299561268,-1.62320289805393,-0.0934527806054988,-0.854732168893861,0.675017948554573,0.117322539786073,1.64707265723451
1843422992,90898436,5.22407626932636,0.633560628012949,-1.62322832971404,-0.0930564492762347,-0.880347691353563,0.64982418908424,0.10792687648609,1.63809875692389
1876884294,92465613,5.23042260505736,0.638642741134484,-1.58772509258233,-0.0571318046080413,-0.902978625942524,0.627614662031767,0.088708238217805,1.6193015261921
1910952975,94060365,5.23969796406709,0.646654942189612,-1.60058775257312,-0.0695734119472931,-0.90045953261324,0.630554808012586,0.0897764458668462,1.62079078649267
1945640062,95682322,5.24934065131674,0.655035534273235,-1.60118433376374,-0.0697492947492375,-0.905906579003386,0.625528460011117,0.0861773861970505,1.61761242521155
1980956779,97333317,5.25705284347714,0.661486692310365,-1.61815554424265,-0.0863001605203957,-0.882300758003112,0.649554625719147,0.0718305835171122,1.60368596723937
2016914555,99013082,5.25696161468659,0.660135488651769,-1.62687521511361,-0.0945998397686745,-0.896981958153447,0.635293417191493,0.0953226833271401,1.62759805867208
2053525026,100720648,5.26409348184734,0.666008438432462,-1.59891412491288,-0.0662191104412548,-0.929033409192925,0.6036616052787,0.0922811770069529,1.62497619147858
2090800041,102458060,5.25632484554626,0.656981940416196,-1.60808149365403,-0.0749671919440049,-0.952475562813561,0.580638738896461,0.132659335666176,1.6657736373762
2128751662,104225934,5.27030599225691,0.669706279328899,-1.61551229482302,-0.0819790571803503,-0.96732826974312,0.566204967899549,0.140961697056809,1.67449493469948
2167392170,106023915,5.31436479088643,0.71250932233161,-1.64952204359361,-0.115570220742,-0.977731246794065,0.556220576057542,0.14131562424609,1.6752674470977
2206734069,107852793,5.27812690003611,0.675016726280412,-1.6698019784435,-0.135431920524935,-0.968718514123793,0.565651543794774,0.18882071727603,1.7231907751946
2246790092,109713981,5.29598608325614,0.691622252920863,-1.69041631186337,-0.155628368418281,-0.956612816303277,0.578175127141815,0.17947016965627,1.71425811310136
2287573200,111608195,5.27334213986705,0.667725699871142,-1.68116230333362,-0.145956823334984,-0.948504427413354,0.586701052585283,0.184751715626589,1.71995719562523
2329096592,113533909,5.25355229379693,0.646684289276902,-1.71003447700332,-0.174411808829976,-0.923074183643621,0.612548484529722,0.207983491596679,1.74360615977002
2371373706,115492859,5.22731233528702,0.619193809620465,-1.71986578187261,-0.183826273317093,-0.905646799713395,0.630392708842125,0.226627371046561,1.76266687960208
2414418221,117485506,5.20283909476711,0.593471089662011,-1.69613204943289,-0.159676047731189,-0.895888898673547,0.640567103028154,0.217608978086901,1.7540649797886
2458244069,119513357,5.23269346359666,0.622077018959171,-1.70105572048305,-0.164183572270558,-0.914643397923101,0.622228750289396,0.211432779557072,1.74830492776957
2502865431,121575461,5.2495737325562,0.63770988660651,-1.69010613044338,-0.152818181793485,-0.928641738363694,0.608646210286202,0.197601260996635,1.73488920964653
2548296748,123674859,5.24103952937639,0.627929318580176,-1.67050327022298,-0.13279986662424,-0.911555033782861,0.626148369815879,0.169445899377024,1.70714930297576
2594552721,125810759,5.25206857307694,0.637713032208074,-1.68643065284323,-0.148312139220273,-0.905902071483069,0.632216442139886,0.168691275996935,1.70680978961989
2641648320,127981849,5.25399721967642,0.638397381763323,-1.66729501980353,-0.128761740499166,-0.936846564203734,0.601686715100633,0.178571489076603,1.71710476838097
2689598786,130191163,5.26886089190612,0.652017788256394,-1.718107241094,-0.17915953987743,-0.91806760817326,0.620880093043314,0.195741082105997,1.73468878332257
2738419634,132438178,5.23762795376661,0.61954261403862,-1.69496066023294,-0.155598880323609,-0.893053561112538,0.64630821879679,0.178813392327356,1.71817517223668
2788126665,134724568,5.22653143044681,0.607204882542335,-1.69982235767293,-0.16004684170477,-0.896646778993272,0.643128736974887,0.198364830966966,1.73814034693513
2838735965,137050750,5.2654225834267,0.644855853542153,-1.68479750989354,-0.144608599932027,-0.926258789173517,0.613930120787998,0.174060840387028,1.71424975034854
2890263910,139417375,5.26201120036603,0.640205313044421,-1.6794463359538,-0.138844373513261,-0.935056256073949,0.605545706366588,0.180918516405654,1.72152047884619
2942727176,141824696,5.24174217444761,0.618698152516104,-1.69122249823249,-0.150207824255323,-0.912833584392502,0.628181089584667,0.19074103292769,1.73175570690486
2996142741,144273358,5.22749340513656,0.603212269728073,-1.69341587278268,-0.151988827646519,-0.92222218218285,0.619204862953311,0.216571774576551,1.75799881971271
3050527890,146763860,5.2278599036872,0.602342674271543,-1.66274966655328,-0.120910590081395,-0.901176464472883,0.640662611999004,0.164493352086538,1.70633242855842
3105900224,149298009,5.23010233501736,0.60335002935459,-1.69201799630264,-0.149767227748381,-0.887314832622906,0.654935935931352,0.177657618657577,1.71990838721183
3162277660,151876932,5.2518930458773,0.623906680099271,-1.68377677036278,-0.141114648436775,-0.918011153762563,0.624650968163445,0.178322002997447,1.72098412492346
3219678444,154499924,5.28224720716662,0.65302779569817,-1.66635666407365,-0.123283526917497,-0.945492491713594,0.597580645442556,0.158029073366379,1.70110221052253
3278121151,157167671,5.26564750278703,0.635196058397979,-1.68321470149294,-0.139730886696592,-0.956433857052616,0.587049957743735,0.202428180507013,1.74591199530336
3337624694,159882838,5.27542320383691,0.643740737628478,-1.68188574916348,-0.137991593760674,-0.92697198692349,0.61692216847932,0.161861656996734,1.70575581239954
3398208329,162643573,5.28388413879657,0.650971660211949,-1.65825691512327,-0.113952755595069,-0.957806636643909,0.586497522884297,0.160606537716376,1.70491069724458
3459891661,165453326,5.30632133771633,0.672179854555194,-1.67949796796347,-0.134784140243093,-0.909028895162919,0.635684932557458,0.110632650156731,1.65534647787711
3522694651,168312345,5.28070897973703,0.645339498156373,-1.67080810454354,-0.125684944016654,-0.900965139383516,0.644158021143369,0.119491388936694,1.66461454946358
3586637624,171220186,5.27159591286545,0.634999437351399,-1.68639522557442,-0.140863067069732,-0.902253268894128,0.643278889610555,0.145479706346123,1.69101186485081
3651741273,174178694,5.31615205239632,0.678329585786979,-1.71604157428374,-0.170100752080622,-0.919483127683634,0.62645769451948,0.147799774315899,1.69374059651901
3718026664,177187539,5.29586445791665,0.656817001454336,-1.74335509556386,-0.197005943409752,-0.884171227443403,0.662177924710702,0.160088989836368,1.70643814199047
3785515249,180249673,5.29320780286616,0.652936356134067,-1.72307979369361,-0.176322644782915,-0.904927957813925,0.641829191096774,0.163227073386224,1.70998422229692
3854228869,183363516,5.30186227701688,0.660367837951361,-1.74550866134268,-0.198343848320843,-0.902161535823325,0.645003277198515,0.174235044896704,1.72139985791854
3924189758,186531169,5.31752312967637,0.674806694631618,-1.73284074696312,-0.185268601948202,-0.925694836603725,0.621877308411193,0.169439578636229,1.71701172365115
3995420559,189754312,5.29689733455689,0.652959898214477,-1.76024604812392,-0.212266902676447,-0.915636974803419,0.632342170644051,0.207412813116207,1.75539195856368
4067944321,193033439,5.31010866484667,0.664951220305848,-1.76635557071313,-0.217969755866191,-0.926598922193079,0.62178689265386,0.211272952807121,1.75965876765406
4141784514,196368942,5.29723005103733,0.650853589774103,-1.75706217004245,-0.208270016288036,-0.925293640242671,0.623498513511738,0.213552883997181,1.76234503775159
4216965034,199762210,5.34237024320737,0.694775755079251,-1.75599727611279,-0.206799113403421,-0.937363067832848,0.611835094876525,0.179417225486759,1.72861538819613
4293510210,203214731,5.30524843393687,0.656436907199158,-1.71236600330303,-0.162762161057129,-0.933213062902723,0.61639077934318,0.168757757017374,1.71836159926328
4371444813,206727637,5.31789249767735,0.667864918980829,-1.7016649260031,-0.151655733104265,-0.95921099932275,0.59079819357609,0.171410552396992,1.72141974529583
4450794062,210300024,5.30415477141742,0.652912125837192,-1.70355785438278,-0.153143639189372,-0.936266165303095,0.614148049890312,0.164096373016946,1.71451058821035
4531583638,213935006,5.30335894337713,0.650902214352229,-1.7439687417027,-0.193149832027733,-0.90177100638266,0.649047903292308,0.170807929456714,1.72162683913168
4613839683,217633136,5.31956528329647,0.665895452711332,-1.75579490886321,-0.204571632001496,-0.899861678663001,0.651361598198712,0.164518428976407,1.71574170583812
4697588817,221395819,5.31025356007649,0.655371608212961,-1.75519679028275,-0.20356947299491,-0.88920965068337,0.662417666604473,0.16258000563721,1.71420732292505
4782858142,225222660,5.302835489686,0.646742395244911,-1.79660240383419,-0.244571372353821,-0.840430273873608,0.711600757606756,0.162624312766638,1.714655344247
4869675252,229115570,5.2769694026174,0.619666142721551,-1.77357175894304,-0.221137338977753,-0.855287462022716,0.697146957942566,0.180316943096841,1.73275136306212
4958068242,233077131,5.28836382273676,0.629851372933063,-1.79902654482339,-0.246189061555494,-0.866969914342917,0.68586756892498,0.20605976117713,1.75889724444503
5048065717,237106511,5.29334413976721,0.633623474030148,-1.77633102915297,-0.223090807240615,-0.888281046112752,0.664959175799604,0.199695060246995,1.75293528215935
5139696801,241205986,5.26860701499663,0.607679105735076,-1.76752380696325,-0.213881170542735,-0.890930450163069,0.66271218625745,0.218274366877267,1.77191700329779
5232991147,245376886,5.26772751052704,0.605593328583472,-1.80216664511318,-0.248121917798653,-0.858713764513595,0.695330962800927,0.2215800238464,1.77562475116092
5327978946,249619707,5.3050707371267,0.641731251784289,-1.8255746244331,-0.271128129318966,-0.8713940418329,0.683052453281236,0.220325053886882,1.77477154900102
5424690937,253935811,5.29120750613674,0.626663685123278,-1.81186929798332,-0.257021357645499,-0.849942176503646,0.704905763834176,0.199031093096892,1.75387903343471
5523158417,258326874,5.32894597945688,0.663198788948032,-1.81825707102325,-0.263008007520306,-0.89095461618308,0.664294447319868,0.208692832497036,1.76394189599998
5623413252,262795354,5.30483565932627,0.637886063938558,-1.75918717487366,-0.203537309744421,-0.911743496073541,0.643906369055697,0.194522136365777,1.75017200149501
5725487884,267340783,5.29103979257707,0.622888755400371,-1.74139440774343,-0.185344062017863,-0.925793454222912,0.630256891502653,0.204575194136851,1.76062553986242
5829415347,271963731,5.28098475400748,0.611633236572006,-1.73863511903255,-0.182184613220728,-0.908041649952793,0.648408855859031,0.194119139727263,1.75056964553909
5935229272,276667469,5.26772391807663,0.597172880387086,-1.7383446567228,-0.181494310826289,-0.882366126043053,0.674484219853461,0.181413989436805,1.73826433533332
6042963902,281452603,5.2515030039267,0.579753404448329,-1.72547085891347,-0.168220992420678,-0.908678430953842,0.648571435538949,0.211073410686367,1.76832327717916
6152654101,286321974,5.24855196995668,0.575604765625373,-1.73007687080371,-0.172427802693278,-0.891620438403152,0.666028629707284,0.201572463996854,1.75922153210729
6264335367,291274739,5.23397512440624,0.55983127061986,-1.68739489483323,-0.129346943571105,-0.925143417673098,0.63290453358903,0.206990312846756,1.76503826410888
6378043839,296313309,5.23967993395672,0.564340384614265,-1.66853387568335,-0.110087359235866,-0.952853314042841,0.605593202404645,0.210134380517047,1.76858089696453
6493816316,301437524,5.23246809465672,0.555933802119569,-1.68473791770339,-0.125893153524335,-0.921031024663534,0.637813739515517,0.201727972456865,1.76057273663592
6611690262,306654300,5.24502105740703,0.567292972533313,-1.67069442771299,-0.111451732755082,-0.933708670872875,0.625534024085031,0.18780916592641,1.74705186088432
6731703824,311959807,5.2813893263974,0.602468398515743,-1.68127598416322,-0.121635674869335,-0.954885594243024,0.604754715050863,0.183199376757329,1.74283968605122
6853895839,317356750,5.28866126283629,0.608548439773875,-1.70663166660324,-0.146594058915773,-0.90558695960317,0.6544506480843,0.151984488116796,1.71202209580427
6978305849,322846792,5.28836229312674,0.607058521212139,-1.69608627819343,-0.135651687555234,-0.949348681593619,0.61108590904458,0.185499791406983,1.74593438204518
7104974114,328434318,5.28721610331559,0.604722327379671,-1.70713575764421,-0.146304498998905,-0.943762903003517,0.617068355641788,0.192109682076989,1.75294094072229
7233941627,334115759,5.30957371928707,0.625890882646177,-1.73591658991245,-0.174688977698817,-0.926362856433116,0.634864755780516,0.181132851806979,1.74236046402061
7365250123,339897878,5.26456502424844,0.579694068727617,-1.68451994023235,-0.122896288392074,-0.916923825752747,0.644699826087528,0.165305866488779,1.72692951832905
7498942093,345780330,5.28023061124622,0.594172477196368,-1.71195602191438,-0.149936643897756,-0.879788150834429,0.68223122718219,0.139940686245609,1.70196006426223
7635060803,351762697,5.27350630575711,0.58626193202548,-1.71911174552224,-0.156696954278365,-0.857553424082653,0.704861367161224,0.13158598859809,1.69400077984197
7773650302,357849827,5.27394031245603,0.585510636410629,-1.71490454066407,-0.15209464864893,-0.832876877464514,0.729933014550621,0.102268230415575,1.66507812243071
7914755439,364044118,5.27654958827588,0.586935545805086,-1.70580222616445,-0.142597545340852,-0.858066256605525,0.705138424218074,0.115746019235303,1.6789507000589
8058421878,370345401,5.26870469418645,0.577907219695046,-1.70336424129346,-0.139765083129654,-0.871476795733543,0.69212236243026,0.134563467587213,1.69816262575102
8204696109,376755735,5.31236181976601,0.620381846202122,-1.70757914107344,-0.143585816552142,-0.898791601994162,0.665201722527134,0.122436048046438,1.68642937256773
8353625470,383278145,5.3131214304758,0.619959889301025,-1.70807906952359,-0.143691889131999,-0.902741557643822,0.661645622747771,0.126126321436459,1.69051350182805
8505258154,389912546,5.28869148771628,0.594349308942983,-1.70783103404392,-0.143050307786155,-0.915932818363217,0.648847907894548,0.163499489437527,1.72828021569529
8659643234,396662434,5.30538980960591,0.60986792176028,-1.72941449435348,-0.164240531738267,-0.890472739754841,0.674701222860369,0.142924549245436,1.70809851186065
8816830668,403528309,5.33194207086854,0.635241401038103,-1.75112250401253,-0.185555614069051,-0.913518082532391,0.652048807411086,0.161125640428509,1.72669253037199
8976871324,410513954,5.32636493723658,0.628486411049355,-1.72134224448382,-0.155382735754748,-0.930169545283206,0.635789963445867,0.153573977277119,1.71953348600619
9139816995,417621524,5.3220803518052,0.623024893421431,-1.72395345727455,-0.157601637813291,-0.91739873579354,0.648953083667715,0.147698966005919,1.71405078546717
9305720409,424852288,5.34741521131764,0.647183743470114,-1.70030738880268,-0.133563566186843,-0.942817758323145,0.623926064292697,0.124137060558496,1.69088088317434
9474635257,432208151,5.32759190688739,0.626185350843,-1.66651476967309,-0.0993792509916214,-0.937237185153208,0.629898333528256,0.104587172687388,1.67172269136885
9646616199,439691664,5.34592489054739,0.643344166149424,-1.66550055953303,-0.0979736514003726,-0.92264123165296,0.644885676479696,0.0706440253870824,1.63817093351974
9821718892,447306601,5.37236450044657,0.668610526084999,-1.68715203679494,-0.119234045341086,-0.933358593994853,0.634559397459002,0.0765732550862595,1.64449124654011
10000000000,455052511,5.36493753238756,0.660011225024555,-1.67529336833286,-0.106984599211859,-0.93521542225244,0.63309334686856,0.073998382946229,1.64230715206723
10181517217,462931984,5.35451516011744,0.648417435280997,-1.68668369044281,-0.117984448830657,-0.958483486561818,0.610215755050331,0.119079141637485,1.68777838324963
10366329284,470948207,5.3430497270474,0.635781498836336,-1.68131401259234,-0.11222460318865,-0.969923972672404,0.599165436731284,0.136615382967648,1.70570479237134
10554496009,479101465,5.34624517491648,0.637807355999195,-1.66065593504391,-0.0911766620714789,-0.971546688082526,0.597932584889901,0.114384572956624,1.68386384592905
10746078283,487400504,5.38466366018474,0.675057161818662,-1.7047514514943,-0.13488261870561,-0.989789981455033,0.58007885133366,0.138304897505805,1.7081737302945
10941138106,495842905,5.40887264737648,0.698098379388643,-1.69895213602467,-0.128694046695392,-0.995019148023857,0.575238941305423,0.113525761416895,1.68378385074618
11139738600,504430840,5.39905350094705,0.68711237175789,-1.68914630557265,-0.118499262509596,-0.978250143773039,0.592396899290014,0.0967700731471268,1.66741711621018
11341944035,513166719,5.41888962214762,0.705782538761077,-1.71827242289328,-0.147236728431098,-0.996300829572647,0.574734864889533,0.124110755066795,1.69514644952897
11547819847,522056150,5.39969108930745,0.685418957317905,-1.73011315101394,-0.158689107017423,-0.972779781093777,0.598644262902739,0.131628967546931,1.70305301154345
11757432659,531100738,5.40512859792761,0.689692321527465,-1.71470178139316,-0.142889689259777,-0.962613069512372,0.609199022621011,0.100613377726404,1.67242546985979
11970850305,540299656,5.42058721729518,0.703987699268863,-1.72029341450434,-0.148093575162235,-0.955850108824961,0.616349730517144,0.0839834307753335,1.65618327011744
12188141848,549660192,5.41859145216768,0.700829593907445,-1.73980770071284,-0.167220414626101,-0.986571052631916,0.586016233454827,0.136214425927392,1.70880171201414
12409377608,559182306,5.41958708028687,0.700663781778035,-1.7621052668328,-0.189130833996525,-0.978523828473044,0.594450604363236,0.149469139765642,1.72244357260192
12634629177,568871253,5.41888809361808,0.698804253465461,-1.75925875878238,-0.185897478731507,-0.979189720221257,0.594171559829616,0.147987510137682,1.72134879018855
12863969449,578727386,5.39874660749592,0.677503122913999,-1.7402777678235,-0.166529939629525,-0.975571390225014,0.598176437968961,0.14552967529562,1.71927750348959
13097472643,588754816,5.38394779070768,0.661545557514744,-1.77358492669191,-0.199450848960932,-0.949867952012937,0.624266125718042,0.167932212747473,1.74206629047845
13335214322,598955995,5.39442900082577,0.670868913463159,-1.79416860893434,-0.219648579813473,-0.959070235934632,0.615449793186237,0.187236968786237,1.76175699790711
13577271421,609334065,5.40307766110709,0.678360612640162,-1.76095542513394,-0.186049742311634,-0.950410919453134,0.624494763369176,0.136715808226654,1.71162149104896
13823722274,619893636,5.39669481368765,0.670821695797128,-1.74809487007224,-0.172803830775397,-0.952111873553804,0.623179165743035,0.131939054686882,1.70723009398372
14074646633,630634164,5.40715098304645,0.680122686049859,-1.75735519495356,-0.181679095954698,-0.942932732354166,0.632743366644698,0.121564069006126,1.69724016800499
14330125702,641563827,5.44094568877699,0.712763101611697,-1.76639825398343,-0.190337391594993,-0.983331605782951,0.592729256605481,0.13721129573787,1.7132721581263
14590242156,652682229,5.43522476677754,0.705888777017614,-1.74071671158163,-0.164271381661652,-1.0177245622217,0.558720767698273,0.151643631777915,1.72808896169789
14855080172,663995290,5.41665605042726,0.68616754428081,-1.73447983245205,-0.157650330403235,-0.981088354172243,0.595741147876575,0.127339260947338,1.70416876299616
15124725453,675503173,5.4153410853869,0.683700947707573,-1.72881239509297,-0.151599015866531,-0.990065285812307,0.587148093414135,0.131963720266867,1.70917709949331
15399265261,687211768,5.42667513852575,0.693884252801665,-1.72926623767489,-0.151669275766863,-0.987247664874303,0.590349297033726,0.118265888766473,1.6958628506745
15678788438,699124581,5.40304360934715,0.669102857720551,-1.7063638714535,-0.128383620911305,-0.979153096692244,0.598827153849956,0.110900483547084,1.68888073408928
15963385443,711241650,5.42902791892629,0.69393818217874,-1.73223983423304,-0.153876588650523,-0.990987350312935,0.587375895269584,0.122626390366349,1.70098963594887
16253148373,723570519,5.40221845846645,0.665980616038075,-1.75639124693225,-0.177645299456128,-0.953416254573312,0.625329692902812,0.136016167787602,1.71476211526373
16548170999,736112674,5.41214093375675,0.674755863740185,-1.78125318016464,-0.202124823492453,-0.920537002843048,0.658591353829139,0.118076373995791,1.69720473066798
16848548794,748874963,5.40872004925768,0.670188628401679,-1.78891453438155,-0.20940406076288,-0.946838094621853,0.632672378996814,0.155459704497844,1.73497017811651
17154378963,761857230,5.37479916879602,0.635122272512303,-1.72366500924363,-0.143772710482394,-0.979592162202607,0.60030013655863,0.15688512739689,1.73677742615813
17465760477,775064354,5.38125907797803,0.640437580338592,-1.7215048779417,-0.141231045395218,-0.982067832981556,0.598205999564923,0.150740757697349,1.73101459024383
17782794100,788502185,5.35839840348672,0.616433177239548,-1.72288270143326,-0.142227626017541,-0.948099961673506,0.632555113742217,0.14101138436672,1.72166645978244
18105582430,802173735,5.35158463294647,0.608476549500718,-1.70887349285294,-0.127837465037695,-0.972756991013739,0.608279036801511,0.158472975666882,1.73950900348213
18434229924,816081105,5.34306954750537,0.598819476946337,-1.68597701873477,-0.104560328548432,-0.981692301653311,0.599724388533032,0.15302689762575,1.73444358781209
18768842936,830230952,5.33244779457709,0.587056605665984,-1.68081006702414,-0.0990130040537704,-1.01188411386283,0.569912949107536,0.18867351105655,1.77047057402692
19109529750,844627673,5.3106339436672,0.564102503845817,-1.7165927057722,-0.134415559165073,-0.946855679012515,0.635321467594612,0.181241565867822,1.76341871247495
19456400616,859276488,5.31720058946667,0.569529764858866,-1.72169300529276,-0.139136063756831,-0.942228415013233,0.6403285265227,0.175147955587818,1.75770489712375
19809567786,874176143,5.33659332708521,0.587783982497438,-1.75077964515367,-0.167843196957746,-0.928879007993601,0.654057440202324,0.17149245080509,1.75442889900101
20169145547,889336344,5.31424985172634,0.564302850658816,-1.74839611571406,-0.165080448691549,-0.918969610713248,0.664346056309262,0.18154299944581,1.76485866646832
20535250265,904761351,5.38096898137701,0.629885186012558,-1.75366147094428,-0.169966872489463,-0.936139453304349,0.647555145150468,0.137259067616469,1.72095366607129
20908000413,920453517,5.36262713251563,0.610407403738988,-1.70929181856445,-0.125218575638906,-0.944989957364669,0.639083285560877,0.120081768154705,1.70415501108025
21287516618,936419626,5.38652565088705,0.633170848276989,-1.71905739475187,-0.134605793881851,-0.967226811711953,0.617224789158068,0.128185680327078,1.7126372811971
21673921696,952662180,5.39427636040455,0.639787342238687,-1.72144591451433,-0.13661624179238,-0.965840598395516,0.618989074326437,0.121437277244695,1.70626694996665
22067340691,969186282,5.36726129304589,0.611638916307507,-1.68240439699366,-0.0971969380808684,-0.944097348114155,0.641110110798637,0.0876675768067798,1.67287503571957
22467900918,985996589,5.34849602494614,0.591741145323506,-1.68835897297322,-0.102774013099007,-0.932791510373136,0.652793449501077,0.101081583146879,1.68666654302109
22875732003,1003101808,5.34066110294771,0.582774574836992,-1.69894266081246,-0.112980484775558,-0.92134821673244,0.664613959304465,0.108056899349322,1.69401907538623
23290965925,1020500705,5.35075229543509,0.591734971943202,-1.69804239548466,-0.111703287654035,-0.917358698523458,0.66898040930717,0.0930759233160643,1.67941503114669
23713737057,1038206698,5.36231714376663,0.602169876718539,-1.72798964747381,-0.141273891791108,-0.943268975834144,0.643446779848553,0.137368604286166,1.72408435996886
24144182213,1056219356,5.37535136188671,0.614075001823212,-1.71483886667374,-0.127746746652577,-0.970670903114296,0.616421216906871,0.138585532646175,1.72567765266734
24582440689,1074541418,5.38863245132779,0.626227847512102,-1.74388849887328,-0.156420297601378,-0.952712519472698,0.6347556817992,0.136395691766666,1.72386389303856
25028654312,1093184350,5.35397753750658,0.590445537920769,-1.71490063277452,-0.127056632912579,-0.936485688973335,0.651358310888602,0.125835908986119,1.71367990884806
25482967480,1112150187,5.37271851063633,0.608059961992815,-1.68955494536385,-0.101335429149347,-0.966485882043344,0.621733634171162,0.111749441517532,1.69996895773204
25945527214,1131446170,5.39117118882677,0.625386936566301,-1.72119930733243,-0.132604556578935,-0.926945278892163,0.661649471861329,0.0854005221481202,1.67399527290161
26416483204,1151080594,5.40653728979669,0.639628178090497,-1.74882501136381,-0.159855307461742,-0.950773627882882,0.638196076019182,0.121488474196667,1.71045817809873
26895987856,1171054280,5.40873531480611,0.640702186561496,-1.78000532347323,-0.190660947391696,-0.938181788073052,0.651162588008485,0.137878921486845,1.72722329756838
27384196343,1191376326,5.43890161965646,0.669745316518256,-1.79053643138286,-0.200817663670126,-0.974329235503319,0.615389532209417,0.154391171976386,1.74410993968912
27881266654,1212051148,5.42442879336704,0.654150155721913,-1.79070182519354,-0.200608945978494,-0.957419656633647,0.632673222581396,0.152119813206809,1.74221269242185
28387359648,1233084381,5.4010846499059,0.629684516880223,-1.77875415829294,-0.188287447284383,-0.941634892013099,0.648831818995459,0.14773152514681,1.73819823615537
28902639100,1254486049,5.37462306611633,0.602102275587545,-1.7848154588828,-0.193975195373209,-0.922071764682187,0.668768498827408,0.160691282197149,1.75153154570674
29427271762,1276256814,5.41894244168543,0.645301830275684,-1.78057240055387,-0.189358863417283,-0.929355743513952,0.66185779362263,0.119412827125416,1.710626364262
29961427410,1298407671,5.43027201775476,0.655512420839825,-1.8007275465643,-0.209141014259325,-0.937898917445636,0.653687614859342,0.136781570994572,1.72836810329955
30505278903,1320943514,5.40837403669684,0.632496288406221,-1.79071268942243,-0.198753439992228,-0.961419314982777,0.63053993444743,0.172185092456857,1.76414434188706
31059002236,1343873070,5.4100599878675,0.633064921090629,-1.8035260868528,-0.211194397927175,-0.931119885013686,0.661211803911937,0.153013108747473,1.7453447976731
31622776602,1367199811,5.39240721795613,0.614295664338363,-1.80471311640395,-0.212009265198022,-0.897464556723207,0.695239294482716,0.138197579917687,1.73090143112361
32196784443,1390932668,5.40640550864555,0.627178298598195,-1.80685030643326,-0.213774569750811,-0.9222444169136,0.670831319768851,0.151116339446162,1.74419207612861
32781211514,1415079596,5.39318309031296,0.612841053013319,-1.77895136460575,-0.185504018839199,-0.902054967406002,0.691392378360545,0.116250366434542,1.70969771220109
33376246943,1439645011,5.37672897546508,0.595272938856883,-1.79531712429525,-0.201498445425852,-0.88657819389482,0.70724048497458,0.13359346746438,1.72741214633378
33982083289,1464635962,5.35446402112575,0.571894811925638,-1.78066727283294,-0.186477536432906,-0.883781493554125,0.710408242845913,0.138411870007985,1.73260160640802
34598916609,1490065019,5.38382147102311,0.600139914718432,-1.7748966408144,-0.180336122046178,-0.881020559216267,0.713539959551959,0.100522853743314,1.69508337251154
35226946515,1515935673,5.36961780406273,0.584824724921035,-1.78159998105548,-0.186668954674915,-0.891155585377419,0.703775441003145,0.131564887102286,1.72649591348285
35866376245,1542257463,5.33178716513794,0.545883386204871,-1.79105168790193,-0.195750428257571,-0.849676300102146,0.74562495954221,0.13736794761644,1.7326692072608
36517412725,1569036591,5.3256427040651,0.538629047169048,-1.76937422465562,-0.17370300569027,-0.861036761772993,0.734634457192358,0.133195407106541,1.72886662607189
37180266639,1596280196,5.35212409731321,0.564001383064758,-1.79473554972719,-0.198694644977709,-0.855212201324321,0.740828703425163,0.126250778474059,1.72229168322354
37855152493,1623998889,5.37053583487432,0.581304882672806,-1.81581267536603,-0.219402357965529,-0.857435989644728,0.738974327755776,0.131139954875835,1.72755027227634
38542288686,1652200262,5.37999597835369,0.589657606390849,-1.80651465884512,-0.20973520152417,-0.880535865046113,0.716243592274834,0.135481670273293,1.73226112759424
39241897585,1680888529,5.40203756561095,0.610592590867692,-1.78172027162873,-0.184571946714308,-0.883472451787384,0.713675873127037,0.0915822825336363,1.68873060744806
39954205589,1710079102,5.41539448137337,0.622843719629325,-1.76800742758496,-0.170490507003614,-0.934683318067982,0.662833602513366,0.115723389011691,1.71324030959304
40679443211,1739777688,5.39824714402494,0.604591409854209,-1.75556243605388,-0.157677191330303,-0.944446809335204,0.653438435388371,0.130189226107177,1.72807447083075
41417845144,1769990789,5.43932916337508,0.644569270155327,-1.78292906134448,-0.184675763604559,-0.968784184507967,0.629469113231949,0.140811207213119,1.73906450495304
42169650343,1800734954,5.45762894478321,0.661765704695349,-1.79622864345947,-0.197607563430185,-0.984191663857928,0.614429416171359,0.151218487262668,1.74983956729195
42935102101,1832009510,5.47588433906276,0.678918563092816,-1.75319431401658,-0.154205722026601,-1.03673410553529,0.562254486454693,0.142471205224865,1.74145979721485
43714448126,1863828497,5.47418084977471,0.676113347718172,-1.75894221898488,-0.159586384966038,-1.02370925546711,0.575646578551736,0.136897749413038,1.73625358343188
44507940624,1896203992,5.45272167540679,0.65355325586888,-1.74888683899189,-0.149164032479256,-1.00028842319443,0.599434383318204,0.124880711526203,1.72460351803884
45315836376,1929143216,5.44271026842398,0.642441738826371,-1.76536335593846,-0.165273846072592,-1.00838273725822,0.591706772607653,0.159462949501176,1.75955245936705
46138396827,1962652710,5.44948269849556,0.648114865074899,-1.77573412078345,-0.175278176309901,-0.984023624023393,0.616432320450159,0.138702171054319,1.73915811552787
46975888167,1996748211,5.44833037682474,0.645864044636216,-1.74299799285291,-0.142175882123398,-1.00271337621234,0.598108734517168,0.125808116987173,1.72663022771668
47828581417,2031432849,5.41940530698412,0.615841279905096,-1.72908775345422,-0.127899744427883,-1.00143047953316,0.599757529493185,0.139540050746291,1.74072805977263
48696752517,2066722928,5.4265269672178,0.621866047951027,-1.72521080482329,-0.123657165067701,-1.01936223454322,0.582191405212367,0.146473196895386,1.74802683665098
49580682417,2102631122,5.45534536151536,0.649588351589986,-1.74859143792492,-0.146672434616459,-0.993893168324576,0.608025834983881,0.115566369477165,1.71748537278562
50480657167,2139159931,5.48666822050291,0.67981592027675,-1.76427535165567,-0.161991251580284,-0.976761988215003,0.625522111860382,0.0827962441035197,1.68508034417891
51396968008,2176329030,5.49951045752823,0.691563666191914,-1.77558783503264,-0.172938904587199,-0.996165008313255,0.606483922132184,0.100669510567968,1.70331844101341
52329911468,2214142121,5.49716942202213,0.688128937601045,-1.78299467829856,-0.179981183491538,-0.974866881777416,0.628146613029611,0.089119262782333,1.69213275758936
53279789459,2252619387,5.49542615671817,0.685292776073311,-1.75916913112451,-0.155791337576223,-0.981760011003644,0.621617782544642,0.0739301101566525,1.67730790370494
54246909370,2291759777,5.46762848467552,0.656403003509692,-1.75106903892447,-0.147327211869196,-0.986118109005474,0.6176237180498,0.0979857879938208,1.7017276150491
55231584173,2331584863,5.47279081627494,0.6604740291315,-1.74551638524645,-0.141410789531967,-1.01061490324355,0.59349069247093,0.111767596954451,1.71587319266893
56234132519,2372102733,5.48118619728484,0.667778897552438,-1.76988681719376,-0.165417717282963,-1.01190469511494,0.592564404795866,0.129032439766888,1.73350153967769
57254878844,2413325521,5.50418923820325,0.689692218117322,-1.74789940343544,-0.143067063406797,-1.03929126855655,0.56554107147209,0.111428558524494,1.71626089855314
58294153471,2455264226,5.49206442184732,0.676478472494777,-1.74232588255472,-0.137130566103877,-1.02503840659483,0.580156909856016,0.103726992045267,1.70892230849611
59352292723,2497934188,5.5077092685824,0.691035179899911,-1.75057346673566,-0.145015437174829,-1.02595181105789,0.579606218502937,0.097243133943266,1.7028011635041
60429639024,2541348533,5.50482574393754,0.687064304717975,-1.76251768950533,-0.156597209765473,-1.03902604390532,0.566894435834533,0.125145114216139,1.731065593956
61526541015,2585516373,5.50539250604561,0.686544503939069,-1.77408724827546,-0.167804580906617,-1.01994293263488,0.58633973473397,0.117064799604123,1.72334746697297
62643353666,2630453766,5.49260415637764,0.672670377893407,-1.76049789238095,-0.153853299552877,-1.02201444110324,0.584630151724839,0.11833530185686,1.72497989468494
63780438389,2676177330,5.45739997287455,0.636381203384836,-1.74176903240732,-0.134762775910746,-1.00619107044622,0.600815186050352,0.118987254714739,1.72599351121131
64938163158,2722692862,5.4556639439943,0.633560967735014,-1.73031172076662,-0.122944062013528,-1.00928737800496,0.598080280748138,0.112362279516674,1.71972993826977
66116902624,2770019761,5.44339544396644,0.620209044041906,-1.7429555269955,-0.135226727020658,-0.997912459912186,0.609816340062658,0.125899667687918,1.73362846766276
67317038241,2818170958,5.42225740075446,0.597988359137583,-1.74784385092426,-0.139754170385296,-0.96902182460326,0.639067855935699,0.123035399516084,1.73112508005504
68538958387,2867163205,5.43564473460356,0.610293832138364,-1.76016905503639,-0.151718754214655,-0.982145138634223,0.626305162187508,0.135096583802806,1.74354688462454
69783058486,2917012020,5.43638059854857,0.609948614955923,-1.74170543053333,-0.132894769335781,-0.998775575932086,0.610035085265462,0.132527532667154,1.7413381938647
71049741144,2967722738,5.45576075370627,0.628248467582475,-1.74782958841388,-0.138658826372613,-0.991485004491551,0.617685757549715,0.111980963945825,1.72115172598709
72339416274,3019317789,5.47749685330928,0.648905042129386,-1.75097875693245,-0.141448153205824,-1.02767006105205,0.581860542674581,0.129579089429171,1.7391096931558
73652501227,3071812102,5.49049691316395,0.66082635328638,-1.72798074863385,-0.118090562007997,-1.03584293415406,0.574047252471796,0.101753894363355,1.71164408098921
74989420933,3125219581,5.45706873024392,0.626320196910059,-1.73839990563647,-0.128150394525184,-1.01461875575842,0.595630755352867,0.124377055883087,1.73462656699437
76350608034,3179560821,5.48003480869374,0.648209076031398,-1.75438629550627,-0.143777717952149,-1.0076941156658,0.602914461888316,0.110472727214074,1.72108130476819
77736503024,3234849607,5.47396090130496,0.641058742331657,-1.74282266877708,-0.131855282452645,-1.00009426957695,0.610873116747487,0.0973831617848191,1.70835054810925
79147554394,3291099942,5.50764621055714,0.673668397181518,-1.74672347472006,-0.135397536928182,-1.0031796757612,0.608146262030671,0.070684064678062,1.68201000246994
80584218776,3348326707,5.49146621894397,0.656413521968095,-1.76625608049653,-0.154571848171241,-0.997572949014284,0.614111283311008,0.100789935306238,1.71247416763153
82046961090,3406550286,5.5075902814533,0.671463470575535,-1.76838108166703,-0.156338811374441,-1.01176550418677,0.60027676610582,0.100983429132611,1.7130256994252
83536254696,3465796056,5.49690688665214,0.659706730468844,-1.75125337686768,-0.138853324806582,-0.985379697111057,0.627020354950042,0.0681533120514359,1.68055336411253
85052581544,3526068270,5.50503562323138,0.666762889240929,-1.76399135608517,-0.151233778088354,-0.979661201527051,0.633096376469765,0.0670440591129591,1.67980163710978
86596432336,3587388702,5.50480605269331,0.665461507295783,-1.79285291522683,-0.179738066760988,-0.949444633988605,0.663670214477238,0.0659186212506029,1.67903346971645
88168306678,3649779522,5.49458018071527,0.654164589216958,-1.79253362464806,-0.179061760815286,-0.969944900327391,0.643526963505381,0.0963254689922906,1.70979733282506
89768713245,3713261384,5.48099832016305,0.639512446778564,-1.73333509271833,-0.119506468256838,-0.970386462158785,0.643442162302711,0.0511503594425449,1.66497898390404
91398169947,3777845513,5.50834446897716,0.665789076830665,-1.77319087778233,-0.159005747066829,-0.955589895023877,0.65859523569162,0.0488634285757144,1.66304855929121
93057204093,3843556570,5.47693078172233,0.633306632851168,-1.7723463286784,-0.157804945721341,-0.918245050157566,0.696296332799488,0.0420877218421083,1.65662910479916
94746352566,3910414062,5.48124523823572,0.636553093591148,-1.78865812760341,-0.173760746055223,-0.919665239685855,0.695232141862334,0.0555052537965821,1.67040263534477
96466161991,3978434336,5.50818993459325,0.662430554044898,-1.800213010687,-0.184959883837553,-0.938871601327264,0.676381525522186,0.0593218021531356,1.67457492900259
98217188919,4047644315,5.51568634995419,0.668860492289983,-1.76595052664561,-0.150341907424207,-0.973032025365683,0.642576593855721,0.0517233267964912,1.66733194601789
100000000000,4118054813,5.49212200615511,0.644230429085624,-1.70196230440706,-0.085998445383898,-0.984212750725419,0.631751108297744,0.0224801737131202,1.63844403273628
101815172172,4189699199,5.45931511867093,0.610358578830295,-1.70735364908614,-0.0910348024725998,-0.952082671527023,0.664236175086521,0.0285483266707161,1.64486717328426
103663292844,4262583158,5.48391820349207,0.633897456441106,-1.706330943387,-0.0896573610366818,-0.963910453305289,0.652763129045031,0.0147503179323394,1.63142390028266
105544960088,4336739964,5.4704231419455,0.619338942173695,-1.7179357678142,-0.100907701223594,-0.952777790935215,0.664250275655387,0.0287175415433012,1.6457456081339
107460782832,4412185595,5.48889738758589,0.636750488513677,-1.73069017053422,-0.113307870843478,-0.939536618254351,0.677845681436388,0.0097565259457042,1.62713882563644
109411381058,4488950675,5.47220305610608,0.618994210086631,-1.75206151941529,-0.134325237408809,-0.936253750453034,0.68148253155345,0.0445393385052739,1.66227562051176
111397385999,4567056321,5.4817057997243,0.627435758047265,-1.77000118479555,-0.151911170903203,-0.939769706434163,0.678320307458181,0.0564922162448056,1.67458223013715
113419440350,4646523761,5.47569780072445,0.620367313616075,-1.76703108867514,-0.148587592972349,-0.94046720663755,0.677976289065241,0.0602276193239959,1.67867111502679
115478198469,4727380065,5.48316231250283,0.626772129129794,-1.76873246833566,-0.149935740544645,-0.941645351136685,0.677151376654326,0.0556426317016303,1.67443935949264
117574326592,4809642519,5.49295310636444,0.635503974835946,-1.76659569719777,-0.147445986688274,-0.975511349515727,0.64363836099377,0.0775810650848143,1.69673077559431
119708503050,4893334975,5.48580299254536,0.627295659914532,-1.77809897985571,-0.158596535645437,-0.963124275294831,0.656378168915445,0.0838473873445764,1.70334983155485
121881418484,4978490229,5.46060509414383,0.601040306411368,-1.76538701497702,-0.145532085732869,-0.963648747176194,0.65620618206796,0.0968577927451406,1.71671272198929
124093776075,5065132590,5.47879049284529,0.618168994959905,-1.77129391891503,-0.151086752953239,-0.953717744836467,0.666489421125328,0.074648295645602,1.6948554616074
126346291765,5153279251,5.4816449654063,0.619967501268352,-1.77347083847053,-0.152911683757879,-0.974553605792607,0.646005548920043,0.0948066036071396,1.71536575831979
128639694494,5242965456,5.47079623417812,0.608063546640699,-1.74087716310169,-0.119966267255878,-0.990355956422718,0.63055493942309,0.0888640100965858,1.70977490594239
130974726430,5334221546,5.4529924757735,0.589205306646239,-1.75973163954404,-0.138469249834956,-0.990549064466904,0.630713325242182,0.125715352973202,1.74697774268229
133352143216,5427061644,5.47138993568296,0.60654902573272,-1.77198566211518,-0.150372025465104,-1.01864168319662,0.602971953453461,0.147664534364594,1.76927817101468
135772714211,5521517139,5.49205983563297,0.62616592458613,-1.78239236248555,-0.160427725469938,-1.02904273440799,0.59292190260762,0.147802385992691,1.7697670230083
138237222736,5617622039,5.50928763561751,0.642341462163553,-1.77931289762273,-0.156997506471411,-1.03939454754072,0.582920843610596,0.137846934296249,1.76016232544757
140746466334,5715406787,5.48654799349606,0.618550295288291,-1.80947484686112,-0.186808947458532,-1.01525286406104,0.60741303534155,0.166606842176407,1.789272741579
143301257024,5814895333,5.50023078572485,0.631182299382926,-1.80760378851483,-0.18458762640085,-1.01195000751613,0.611066154597841,0.147750135045499,1.77076629715947
145902421563,5916121284,5.50696618289294,0.636867644005652,-1.79173956078375,-0.168373381154658,-1.02861685970493,0.59474931992417,0.141817362335132,1.76518354196423
148550801717,6019116247,5.51798788028827,0.646840023414946,-1.81321966835094,-0.18950371605983,-1.01800856451155,0.605707387779563,0.141667477328156,1.76538342961927
151247254531,6123895409,5.54966545742354,0.677469016096383,-1.79536023613764,-0.171294755695253,-1.03839422549936,0.585671254943027,0.112516128938296,1.73658160938068
153992652606,6230500473,5.52485958911711,0.6516152958437,-1.81151161404705,-0.187096849622578,-1.013708834922,0.610705929502472,0.128787984598603,1.75320274902307
156787884383,6338978778,5.52009011554765,0.645798701812768,-1.84168234444951,-0.216918539871217,-0.992566856533813,0.63219694804448,0.14258621018962,1.76735001476791
159633854429,6449341433,5.51291564136773,0.637577837635795,-1.83570729319763,-0.210594691953652,-0.998533898477035,0.626578702766942,0.149752675046329,1.77486527629031
162531483731,6561627631,5.49017453598208,0.613791071699055,-1.81004163153557,-0.184580476774561,-0.990482297216658,0.634978857544349,0.138776517502265,1.76423767226327
165481709994,6675871074,5.51148557127453,0.634057174869883,-1.82683492260549,-0.201025457137268,-0.9704900604047,0.655319405063517,0.114266536475043,1.74007600194326
168485487944,6792114390,5.49574629332346,0.617273692212275,-1.85011124911398,-0.22395371541025,-0.964803125432809,0.661354408270921,0.147595205962716,1.77375273966645
171543789634,6910384379,5.49790221119474,0.618386131780843,-1.82030359608325,-0.193798236278617,-0.979375159928168,0.647130199876465,0.130203669556067,1.7567090293607
174657604766,7030714746,5.48752372252056,0.606964890197074,-1.84045571871684,-0.213602774609009,-0.980780724836222,0.646072219271608,0.162139845764614,1.78899278987244
177827941004,7153145913,5.5100701870615,0.628469326213889,-1.84548470289883,-0.218284415949626,-0.986431559816992,0.640768727132212,0.150273200379161,1.77747348732836
181055824303,7277708393,5.48715555238596,0.604513386394074,-1.82344570445275,-0.195898315788791,-0.954711592610693,0.672835796053268,0.119428869431431,1.74697625809539
184342299241,7404447385,5.49128079754155,0.607598048781671,-1.84043005137937,-0.212535801792746,-0.937504376575816,0.690389873010809,0.115080755145755,1.74297500473238
187688429358,7533397676,5.47754484477628,0.592822234622846,-1.85115841826337,-0.222917548212223,-0.953789193146804,0.67445167690434,0.155829891373287,1.78407076142443
191095297497,7664591629,5.45148287699703,0.565721125825382,-1.85071204688575,-0.222124796495196,-0.915677709403099,0.712909540987452,0.143334004038479,1.77192125442903
194564006159,7798085099,5.46186078838218,0.575060615569836,-1.78474979137536,-0.155816400437912,-0.980785921135976,0.648147469801474,0.132102048868546,1.761035439806
198095677855,7933903495,5.47333973601053,0.585501859939967,-1.76333537802566,-0.134056086002137,-1.01785915510845,0.611420136915067,0.136281921855698,1.76556121387922
201691455473,8072099030,5.46467405930161,0.57579919736189,-1.76145764334069,-0.131832689360783,-1.00239270502061,0.627232248959297,0.127603413777251,1.75722836775716
205352502646,8212690221,5.51074884398258,0.620837712571502,-1.77157544325746,-0.141605066120434,-0.999781714657729,0.630188662479298,0.0890354386574472,1.71900581579447
209080004128,8355743143,5.50898030630924,0.618033620835674,-1.77799461536779,-0.147679053543266,-1.01009347440413,0.620222087420393,0.107534908194793,1.73785047001932
212875166180,8501287633,5.51406224004313,0.622080714928595,-1.77630775795842,-0.145647249586909,-0.995047153039195,0.635613355332317,0.0857197956866003,1.71638030405811
216739216957,8649380621,5.533307269121,0.640291617802164,-1.78345499228453,-0.152449775178255,-1.01142241644266,0.619582800663621,0.0899972643601359,1.72100248146641
220673406908,8800049006,5.51605919178837,0.622010126718871,-1.76684178349387,-0.135492095137373,-1.00300114377023,0.628348544586266,0.0822108602296794,1.71356054858618
224679009181,8953349037,5.5424536969731,0.647371929625233,-1.79417729966372,-0.162483377214427,-0.99953828942671,0.632155633022579,0.0796890168567188,1.71138293930601
228757320032,9109331029,5.5130359931718,0.616922234039053,-1.82531215283234,-0.193274233121424,-0.974203875026433,0.657834044684482,0.114907159411814,1.74694507912273
232909659246,9268018187,5.56160501108388,0.664459969683,-1.84468296491832,-0.212301284451359,-0.977035401716421,0.65534627875054,0.0885404802829726,1.72092216074993
237137370566,9429495614,5.53925936888118,0.641083753753761,-1.82177114152,-0.189045936477531,-0.984379603120033,0.648345601922439,0.0953185004836996,1.72804370552617
241441822126,9593788175,5.54714282208442,0.64793734079903,-1.84826487231476,-0.215196378552959,-0.978002555515559,0.655065938246239,0.107551730485284,1.74062022424708
245824406892,9760934933,5.54998464808159,0.649750007236181,-1.86204734911735,-0.228635802168877,-0.970533782317943,0.662877764630526,0.11102360807854,1.74443515502701
250286543117,9930997770,5.55063260458701,0.649369509810427,-1.84922971461492,-0.215475349689394,-0.971851495414739,0.661902869510788,0.0988757301893202,1.73263009511485
254829674798,10104042870,5.5217017138857,0.619410869839609,-1.82730533371068,-0.193208385695318,-0.978474796509545,0.65562215150582,0.112505541088467,1.74660248910383
259455272140,10280096614,5.53670452498773,0.633386635369257,-1.83187744581664,-0.197438149277155,-0.969201500214695,0.665237796324795,0.0928015457830043,1.72724084232249
264164832039,10459232726,5.5317530889879,0.627408856530719,-1.82076201621385,-0.185980605394789,-0.968292031815508,0.666489379003551,0.0857280837881262,1.72050949460719
268959878558,10641488022,5.54200448608754,0.636634612564736,-1.81958128751285,-0.18445799633858,-0.987091946713917,0.648031344460349,0.0930958728858968,1.72821916406016
273841963426,10826932875,5.53513867928268,0.62874386550838,-1.80071557631891,-0.16525063839414,-0.957899372719112,0.677565565205656,0.0519033944874536,1.68736833241222
278812666541,11015610302,5.51918335098162,0.611764296812425,-1.77360841381596,-0.137802062426232,-0.981664377817651,0.654141973572081,0.0645165653841104,1.70032291677384
283873596476,11207584247,5.51178172258369,0.603339126921263,-1.78643677061336,-0.150289238725887,-0.968611115815293,0.667536416072184,0.0716932885843562,1.70784082047183
289026391002,11402903099,5.53621731339081,0.626751874183875,-1.77615574580705,-0.139667266071402,-1.00149670660903,0.634991773126612,0.0698622637864901,1.70635074352213
294272717621,11601636073,5.55390062428341,0.643413038529202,-1.80105343291507,-0.164224237663664,-0.983300788917404,0.653528406334,0.0588807222884498,1.69570991753985
299614274100,11803842908,5.54090924427874,0.629400208025496,-1.79348593731993,-0.156316258568848,-0.989035145321395,0.648134533429685,0.070038963080151,1.70720864183123
305052789027,12009576644,5.56380484587862,0.651275054226885,-1.78528264052147,-0.147772709970894,-0.997555697715143,0.639954232835436,0.0474606170828338,1.68497054763341
310590022362,12218900001,5.60768813598406,0.694138283089485,-1.8006162464153,-0.162766295450443,-1.02449526961573,0.613354681349132,0.0458505047790823,1.68370045574394
316227766017,12431880460,5.58115010059555,0.666580879669782,-1.77581456780899,-0.137624827500404,-1.00701687541005,0.631172864898545,0.0301084673919831,1.66829820770057
321967844425,12648585059,5.59487029408774,0.679282397401312,-1.78708697991533,-0.148557681019853,-0.986924120712501,0.651605178182975,0.00756793128675781,1.64609723018223
327812115139,12869068728,5.601739080892,0.685133199775631,-1.77451631030999,-0.135647683271201,-1.00697709790984,0.631891529128951,0.00818145208904753,1.64705007912784
333762469429,13093405847,5.59867215948179,0.68104898432844,-1.7567687873161,-0.117561062264987,-1.04119994091889,0.598007784132231,0.0277236934853136,1.66693141853643
339820832894,13321649629,5.58687437987828,0.66823460014519,-1.75646563051851,-0.116919037274141,-1.03426346772176,0.605283125522607,0.0322818430795451,1.67182843632391
345989166087,13553879942,5.57298893798725,0.653333242197669,-1.76391960161709,-0.12403436968723,-1.02619213601429,0.613693095915572,0.045549924383522,1.68543515631338
352269465147,13790179868,5.58673407838069,0.666063154126007,-1.76697512881947,-0.126751487401241,-1.02681923162163,0.613404409796596,0.0354874067779747,1.6757110481962
358663762448,14030585183,5.59331734028819,0.671631874229562,-1.75880556651828,-0.118243744498732,-1.03239831411338,0.608163507906165,0.0263136650828528,1.6668754871024
365174127255,14275201419,5.60263618988392,0.67993686775415,-1.76167498731957,-0.120775213276308,-1.02366297051776,0.617236803525496,0.0111288926782436,1.6520286667215
371802666391,14524094027,5.59949224548473,0.675779752090587,-1.78849995611381,-0.147262458315764,-1.00211554291309,0.639121954884958,0.0195503782815649,1.66078787607961
378551524926,14777321376,5.58491451649024,0.660189535713667,-1.7852680611104,-0.143693067518208,-1.00724240350974,0.634332590082457,0.036023072891112,1.6775980664833
385422886862,15034975430,5.5649391000843,0.639202314884941,-1.80894724471727,-0.167034982984154,-0.996340713914833,0.645571547818287,0.0687759832871961,1.71068824502032
392418975848,15297132108,5.55485199968825,0.628104092104821,-1.75328650111624,-0.111037198588425,-1.01684724071674,0.625402061811068,0.043708866884117,1.68595816941193
399542055895,15563864415,5.55928752128966,0.631529172441952,-1.76875783871219,-0.12617172242962,-1.0145480399151,0.628038076367472,0.0524454820842948,1.69503159836686
406794432108,15835265555,5.55418908278807,0.625420972879048,-1.76849360081542,-0.125570897512411,-1.01498866481415,0.627934038488853,0.0577203075881698,1.70064301089118
414178451436,16111399082,5.55170084858401,0.621923656901324,-1.77187023501756,-0.128611171123332,-1.01387617181899,0.629382892075234,0.0624726829846622,1.70573174687889
421696503429,16392359455,5.54869476238673,0.617909167304612,-1.78419800481061,-0.140602806449899,-1.01370889481041,0.6298863035503,0.0776392619882245,1.72123446034893
429351021008,16678220629,5.55504948968883,0.623256168670351,-1.77157606951369,-0.127644962507526,-1.01962103631377,0.624310070692393,0.0645747408852912,1.70850584789145
437144481261,16969091486,5.56843218758877,0.635631817187018,-1.76525681201019,-0.120990021876276,-1.03651502761204,0.607751762521877,0.0617667767874082,1.70603356692133
445079406236,17265030810,5.54615281627775,0.612346072138088,-1.75025436971919,-0.105652121672632,-1.02962705891696,0.614975189129597,0.0621557370832306,1.70675798512979
453158363760,17566142565,5.54105676918698,0.606244326048923,-1.77292719521211,-0.127989714166086,-1.02008041761292,0.624857063433102,0.0803779683919856,1.725315449438
461383968273,17872512912,5.53013346528314,0.594315996981888,-1.80135037992295,-0.1560778904892,-1.00106048151792,0.644212007915827,0.100704520882573,1.74597701031632
469758881671,18184232275,5.5137793736867,0.576957553155009,-1.80741019831476,-0.161802924804191,-0.98699701991427,0.658610253596295,0.109054969288991,1.75466224279956
478285814165,18501396101,5.49553820408619,0.557712703356544,-1.78757398111338,-0.141632147536835,-0.992745713512704,0.653196120063844,0.113208615286567,1.75915044886311
486967525166,18824104270,5.52641424648755,0.58758573669339,-1.79689499551023,-0.150618825578843,-1.02496535670798,0.621310813223406,0.123873230491881,1.77014940042327
495806824168,19152458269,5.56158691227756,0.621756063655664,-1.76915922451735,-0.122548941643386,-1.04591493331827,0.600695349555694,0.0819143702829024,1.72852465315687
504806571667,19486539945,5.58172554558405,0.640893027475767,-1.77591749641579,-0.128973323713026,-1.02916367241414,0.617780500288618,0.0517827479852713,1.69872692068803
513969680077,19826463641,5.56233086618886,0.620497347042471,-1.75484139181208,-0.107563552096616,-1.01927970020915,0.627998139506309,0.0402173505863175,1.68749519030178
523299114681,20172320893,5.55749039648799,0.614656543860085,-1.75917952711461,-0.111568242905309,-1.02498552711768,0.622625757091624,0.055101782483689,1.70271306669299
532797894587,20524237520,5.57865318687982,0.634819667437073,-1.75783357671753,-0.109889070236615,-1.05817086271418,0.589773643766738,0.0657783772840048,1.71372288376492
542469093701,20882294442,5.59403947718965,0.649206956711039,-1.7912703388065,-0.142992831980294,-1.04543269921123,0.602844807614972,0.0710906855892972,1.7193681924155
552315841731,21246600833,5.59829034718132,0.65245949055932,-1.79326705601852,-0.144656770477855,-1.04010685082176,0.608503434718909,0.0635106843838003,1.71212096992447
562341325190,21617284223,5.62930583358684,0.682477304829689,-1.81892346280802,-0.169980619888965,-1.03827799761348,0.610664845305573,0.0563227515885956,1.70526559450765
572548788436,21994427870,5.63523042298038,0.687404885213397,-1.78077210981428,-0.131496930558617,-1.07224862701696,0.577026552238701,0.0462174385829712,1.69549261783863
582941534714,22378185106,5.63397818309022,0.685156298557917,-1.80402605450945,-0.154418759665349,-1.05549455131404,0.59411274353006,0.0539695474872133,1.70357684233131
593522927230,22768623233,5.61325084559212,0.663433275659841,-1.81367871200928,-0.163739522031851,-1.03061865281052,0.619320537166909,0.0594736439888948,1.70941283396632
604296390238,23165900690,5.60156654888124,0.650753954036889,-1.8136865387205,-0.163415673772388,-1.03621656551695,0.614054299431164,0.0767636800810578,1.72703454502917
615265410149,23570114414,5.60750701568759,0.65570005554331,-1.83504555271065,-0.184443232662561,-1.01945674190938,0.631145578138713,0.0754224036863889,1.72602472373448
626433536657,23981392281,5.60083394318644,0.648033276480471,-1.8277130536153,-0.17677949804664,-1.00844282321486,0.642490732353794,0.0637490583831095,1.71468261395177
637804383889,24399867839,5.6219792813863,0.668185565984704,-1.8114336454164,-0.160169073615868,-1.00811509701452,0.643149474786008,0.0259965857840143,1.67726115758455
649381631576,24825654063,5.61149592138099,0.656709814279285,-1.83144997701311,-0.179854607979205,-1.01523200901283,0.636363360021068,0.0636131893843412,1.71520855841824
661169026241,25258876715,5.60198188628419,0.646204043609192,-1.82330199291755,-0.171376045359216,-1.00687058531912,0.645055362239213,0.056617816684593,1.70854376424293
673170382414,25699679393,5.6099055192899,0.653136596301338,-1.8190921179048,-0.166835810241949,-1.02007308830798,0.632183219354871,0.0576868116913829,1.70994311935424
685389583865,26148181017,5.63127595579135,0.673516606883641,-1.78778804540343,-0.135201595767527,-1.03491825300443,0.617668196631469,0.0198574673995608,1.67244391703546
697830584860,26604529301,5.64859658559726,0.689847464301266,-1.80073418479878,-0.147817811033453,-1.04577550639806,0.607140867367273,0.0263402303971816,1.67925660416251
710497411443,27068848990,5.64913456159411,0.689396320578779,-1.83576173280017,-0.182515652461722,-1.03846070839791,0.614785371940537,0.0535150044015609,1.70676108474
723394162737,27541285899,5.6621627741988,0.70143606527291,-1.84713971261226,-0.193564142970296,-1.04180941500817,0.611766154633791,0.0552134781901259,1.70878904783209
736525012271,28021987280,5.64631890269811,0.684604376811962,-1.85395641370269,-0.20005157174064,-1.03827877610456,0.615626065857488,0.0743434118921869,1.72824825385424
749894209332,28511099520,5.64368439959071,0.680982706837754,-1.84521866121213,-0.19098476362781,-1.04922627001361,0.605007627570714,0.0791876563889673,1.73342155397329
763506080338,29008749369,5.66637699329294,0.702688782911519,-1.83381387031113,-0.179251133517325,-1.06483907230722,0.589723664486585,0.0607030740939081,1.71526581088772
777365030239,29515104927,5.65068654480274,0.686012465177768,-1.86826273521001,-0.21337137533502,-1.03827578799974,0.616615571875253,0.084279103190056,1.73917046306505
791475543941,30030302620,5.61957824548881,0.653918944153568,-1.83903950970853,-0.18381974259678,-1.03600693930639,0.619212827805358,0.0838953282946022,1.73911509540635
805842187761,30554512082,5.61784113699105,0.651197260628684,-1.84890174461179,-0.19335378582434,-1.02791827861802,0.627629680169437,0.0874060109927086,1.74295396978016
820469610902,31087901529,5.59476192170405,0.627134116149306,-1.85712593949575,-0.201250004310831,-1.012405454705,0.643470480479911,0.103196597308852,1.75907253249377
835362546958,31630594347,5.60705060120381,0.638439511444687,-1.84812370079453,-0.191920004208157,-1.025409854803,0.630793841783373,0.0949100792058744,1.75111377579225
850525815444,32182787786,5.59648378139536,0.626890051574907,-1.82698706821247,-0.170455824938989,-1.03116281820985,0.625368425063635,0.0900932297954569,1.74662447306894
865964323360,32744633043,5.5798968692834,0.6093211427012,-1.84191689791624,-0.185058322388834,-1.02441038671532,0.632448188812084,0.114857540087542,1.77171611561494
881683066776,33316304717,5.59798161141225,0.626424530526124,-1.85909185100172,-0.201906157373013,-1.0103695118014,0.646816181827309,0.099906876203022,1.75709256983173
897687132447,33897959016,5.58188747809618,0.609349684523967,-1.86970981230843,-0.212197214451025,-1.00197086270782,0.655541735149582,0.11822032170312,1.77573291956052
913981699465,34489798356,5.59067875999608,0.617160894517076,-1.87385308599914,-0.216013797506143,-1.0120786960033,0.645760592489701,0.123680146789411,1.78151943528241
930572040930,35091989114,5.58130259288009,0.606805295436762,-1.88440873271611,-0.226242966901667,-0.993407167916303,0.664758597898141,0.124940432491712,1.78310619830616
947463525655,35704717918,5.58131475349364,0.605838663193436,-1.85275832330808,-0.194266293208011,-0.981739915296203,0.676752114803867,0.0816106098936871,1.74010263999376
964661619911,36328147671,5.60263531689998,0.626181072016678,-1.85065162229876,-0.191833540670989,-0.977837705504498,0.680980376123268,0.0542811357008759,1.71309921732864
982171889188,36962478878,5.58380965329707,0.606377891272615,-1.85272552230163,-0.193581601626808,-0.941285376306041,0.717858544368776,0.0386283700936474,1.69777229076846
1000000000000,37607912018,5.60312805959256,0.62471941703863,-1.84806840239617,-0.188598854878188,-0.963582244003192,0.695887303514786,0.0369497116043931,1.69641925912237
1018151721718,38264624845,5.58886677908595,0.609481891785555,-1.80559694051044,-0.145801978076977,-0.981696782910149,0.678098179523315,0.0268540690885857,1.68664903152205
1036632928438,38932816263,5.57184873739607,0.591488240305159,-1.83825148140022,-0.178131315703251,-0.966169520994299,0.69395064470267,0.0609993897960521,1.72111955549302
1055449600879,39612713211,5.5647755018872,0.583440029136351,-1.83569146931404,-0.175246311730427,-0.953094208525727,0.707350949057889,0.0524373006774113,1.71288245826103
1074607828321,40304505632,5.55075612898509,0.568446313881081,-1.84801801582216,-0.187248077454161,-0.960650646622526,0.700119291745476,0.0863396581844427,1.74710959655244
1094113810577,41008386852,5.55276419168513,0.569480666712455,-1.84956074631191,-0.188466237987684,-0.970479715513648,0.690614792810577,0.0957033948798198,1.75679790320404
1113973859995,41724576462,5.56164254339819,0.577385940220763,-1.83461580140283,-0.173196933677023,-0.989305124210659,0.672113743515151,0.0907055069983471,1.75212437472416
1134194403503,42453293474,5.5847205582977,0.599491507760443,-1.85473528690636,-0.192992270060608,-0.9874847625033,0.674258254342454,0.0859266158950049,1.74766963274076
1154781984689,43194775497,5.60409218900895,0.617891321139384,-1.8360048737959,-0.173937917839378,-0.996267524998984,0.665799430957539,0.056607334598084,1.71867429055461
1175743265921,43949219661,5.58671439359023,0.599542337599938,-1.82728769560345,-0.164897010273348,-0.985833000799175,0.676557684530921,0.0548334275954403,1.71722411292554
1197085030496,44716839189,5.57410096918466,0.585958353471085,-1.82740338440635,-0.164689179168495,-0.976147147608572,0.686567057629285,0.057876687598764,1.72059089283662
1218814184842,45497913655,5.57652422398678,0.587411676134686,-1.81718646601075,-0.154148950060055,-1.00016194241471,0.662875573535991,0.069251309192623,1.73228882514332
1240937760752,46292637552,5.57721976238827,0.587137909171238,-1.81910582441196,-0.155745206672953,-0.999105472001247,0.664255145737763,0.0694186587934382,1.73277927653245
1263462917654,47101274782,5.60953026439529,0.618479731777498,-1.81957033199433,-0.155886821121731,-1.02140614160453,0.642277369268067,0.0598733340011677,1.72355684487376
1286396944937,47924047772,5.57570278437925,0.583684197516798,-1.79984857841919,-0.135842382798371,-0.988044364421512,0.675961831199304,0.0406172831717413,1.70462347879256
1309747264301,48761206627,5.57247410669515,0.57948808993782,-1.75967282691272,-0.0953441546602753,-1.00106929850881,0.663259373743635,0.0166951434948714,1.68102381574732
1333521432163,49613024665,5.55374851218949,0.559795689082245,-1.7784272662102,-0.113776325174454,-1.00655912821821,0.658091812817533,0.0596650069783209,1.72431594801407
1357727142105,50479739014,5.55508983228356,0.560170825568025,-1.77373838132189,-0.108765379083381,-1.00193197092449,0.663041031314022,0.0490076446731109,1.71398064691162
1382372227358,51361655053,5.56635497100069,0.570470402616791,-1.76317202979408,-0.0978771736661104,-1.00055614979647,0.664738706331501,0.0258003334020032,1.69109518952997
1407464663340,52258957555,5.56151650719403,0.564666998281512,-1.76839633160853,-0.10277982863769,-1.0036697628093,0.661946740161543,0.0389767119922908,1.70459321496313
1433012570237,53171983687,5.57704695340362,0.579233124303609,-1.77144598419545,-0.105508041162114,-1.04939591899165,0.616542024041689,0.0722220746101812,1.73816001764352
1459024215631,54100978082,5.62274879179313,0.623971262049607,-1.77985998500662,-0.11360080842545,-1.06487017461041,0.601389001970769,0.0504084925923962,1.71666766917357
1485508017173,55046218317,5.60358587848896,0.603845266850401,-1.76773189190135,-0.10115168802183,-1.06044795190974,0.606132251969782,0.0530210900906241,1.71960129397014
1512472545311,56008012794,5.60766680988309,0.606963734303899,-1.79753099651134,-0.130629971318279,-1.06121560931206,0.605685415881005,0.0795069206942571,1.74640794588732
1539926526059,56986627065,5.63514354669314,0.633478624335279,-1.80348302730999,-0.136261386524039,-1.07158099451044,0.595640646275514,0.0683475998957874,1.73556924068174
1567878843827,57982381878,5.63694676708838,0.634320614322718,-1.79213263370912,-0.12459058278723,-1.07290192891378,0.594640122008106,0.0565149202884641,1.72405697121035
1596338544288,58995534746,5.64926639568876,0.645679628096799,-1.81193079710647,-0.144068541242484,-1.08344145311275,0.584420802751231,0.0745329792989651,1.74239523516295
1625314837312,60026424984,5.68423850748513,0.679691739860406,-1.81960802050889,-0.151425764633986,-1.0908720025036,0.577310253371307,0.0546686402958585,1.72285089617077
1654817099943,61075361433,5.67529787869717,0.669791725046778,-1.83261368330568,-0.164111632088885,-1.05721618889947,0.611285862317321,0.0429591182910372,1.71146116950783
1684854879436,62142664981,5.67257312480069,0.666108198346799,-1.83229668920103,-0.163475047049732,-1.05294689199945,0.615874750151844,0.0410975811973913,1.70991922334869
1715437896343,63228646315,5.66002606289112,0.652602976072486,-1.84027460509969,-0.171133576160149,-1.04283744230634,0.626303586633209,0.0515131092979573,1.7206541382375
1746576047662,64333621303,5.67305230288184,0.664671667355306,-1.83673821871344,-0.167278006871257,-1.02281522391422,0.646644987927957,0.0149282644852065,1.68438847632739
1778279410039,65457955727,5.68289274399285,0.673555170634812,-1.85031088400865,-0.180531692889303,-1.02508464040875,0.644694550710597,0.0209299051930429,1.69070909631239
1810558243027,66601977870,5.70312986600038,0.692835964908328,-1.86240176959836,-0.19230380256768,-1.05253909040766,0.617558876623021,0.0402381187886931,1.71033608581938
1843422992409,67766011251,5.71461258818454,0.703362968678501,-1.8548384286114,-0.184421888776056,-1.06385970501287,0.606556834822471,0.0325126701791305,1.70292921001448
1876884293576,68950409539,5.70138351510104,0.689178785725109,-1.83519534929655,-0.164460439504577,-1.06121606650413,0.609518843287848,0.0234550254972419,1.69418993528922
1910952974970,70155526587,5.65628693760664,0.643127706130414,-1.84883864800213,-0.177785570843388,-1.05015620720224,0.620896869956506,0.0711350423953263,1.74218811955407
1945640061589,71381753591,5.63865820869978,0.624545082119846,-1.82061728970439,-0.149246247511076,-1.03458721570496,0.636783826488352,0.0449734214926139,1.71634446368593
1980956778550,72629439006,5.63968072859279,0.624614313134272,-1.83502290020988,-0.163334095057038,-1.0263882894069,0.645300515745945,0.0501575857924763,1.72184639094532
2016914554730,73898997329,5.65145865669183,0.63543955780973,-1.8226420017163,-0.15063563542227,-1.02018577490526,0.651820591388775,0.0197962446836755,1.69180261097771
2053525026457,75190756452,5.65047345690255,0.633502279283305,-1.83037005709775,-0.158046331224672,-1.01001952349907,0.662304202374012,0.0183432485064259,1.69066697437951
2090800041279,76505126608,5.6620098741987,0.64408722176163,-1.83269091859984,-0.160050034454147,-1.04069595740293,0.631944926742759,0.0398041266016662,1.71244501074736
2128751661796,77842490672,5.68684056827624,0.66796704417501,-1.84377606652561,-0.17081822515853,-1.03817462851293,0.634783212854142,0.0235372514871415,1.69649509285422
2167392169568,79203278539,5.68000043700158,0.66017664362562,-1.83558467340481,-0.162310075612823,-1.04362291819416,0.629651679597827,0.027634279394988,1.70090887718697
2206734069085,80587879961,5.69178396808275,0.671010507058709,-1.84022425991134,-0.166633106236659,-1.02749999192019,0.646091161754484,0.00436740848817863,1.67795856216286
2246790091813,81996742035,5.69111976178829,0.669397233981561,-1.849402388616,-0.175494879347091,-1.0547168598132,0.619190649455711,0.0414266113803023,1.71533412064921
2287573200318,83430268707,5.70699537388282,0.684324379398921,-1.82868358731503,-0.154459922487061,-1.06932320891065,0.60490045591732,0.0194385470822453,1.69366221191021
2329096592461,84888874992,5.68980692719924,0.666188065385207,-1.83860297279898,-0.164063352194302,-1.05097877720254,0.623560843402134,0.0282019475998823,1.70274156820456
2371373705662,86373037724,5.68490940748597,0.660343276931902,-1.83909238052729,-0.164237003675933,-1.03754830571415,0.637307071137204,0.0201584034803091,1.69501378033167
2414418221257,87883203704,5.64938674379664,0.623873942337053,-1.8180294433987,-0.142858509578838,-1.0249520669895,0.650218866830363,0.0220218914037105,1.69719282522357
2458244068920,89419790629,5.65846547458204,0.632006599297351,-1.83588895780849,-0.160402666046928,-1.03873869300878,0.636747598752783,0.0445893009891734,1.72007559275074
2502865431175,90983285584,5.68429545097752,0.656891098195386,-1.84207344103197,-0.166271990104594,-1.04529906742391,0.630502383503465,0.0315041821741033,1.70730563310148
2548296747979,92574169640,5.70690544089302,0.678556206189902,-1.86606870590185,-0.189952294334145,-1.03710231470177,0.639014096865938,0.0246927044936456,1.70080911606135
2594552721404,94192888452,5.73886687398772,0.709573352190136,-1.84709186920372,-0.170660695271196,-1.07586479361635,0.60056638031618,0.0125169135862961,1.68894808751882
2641648320386,95839956923,5.7324333969882,0.702196182174277,-1.84934598700784,-0.172600248736529,-1.08395411941456,0.592791618856751,0.0292938341881381,1.70603957245945
2689598785575,97515889061,5.73777384519053,0.706593530691344,-1.84465362640913,-0.167593521576064,-1.07645284560567,0.60060725922739,0.0117597515927628,1.68881985642583
2738419634264,99221149545,5.72216634558572,0.690043523986726,-1.82958017081546,-0.15220589694913,-1.08607865561498,0.591295618251348,0.0219196055841167,1.69929387945045
2788126665413,100956296512,5.70955657609738,0.676491839239805,-1.82198442590015,-0.144296180280962,-1.0986232219002,0.579065023718995,0.0394781965005677,1.71716644211976
2838735964759,102721798407,5.70188527619757,0.66787921517982,-1.80777600540023,-0.129773985060977,-1.09961847259547,0.578383547743785,0.0339363265957218,1.71193834693497
2890263910022,104518244359,5.70323762879707,0.668290833976152,-1.83428929440561,-0.155973696131968,-1.06438426200475,0.613931336268888,0.0238630523963366,1.70217865066998
2942727176209,106346139585,5.69747091789031,0.661583978883179,-1.8285444957146,-0.149915516045551,-1.04974801170465,0.628880967964394,0.00924871428287588,1.68787769395192
2996142741004,108206044907,5.67573451559292,0.638908021277901,-1.82824760880612,-0.14930544403445,-1.0542384776054,0.624703687166278,0.0351786955870921,1.71412086035877
3050527890267,110098530314,5.67965900298441,0.641893541502571,-1.80132250743918,-0.122067353611902,-1.07134847901762,0.607906674809664,0.0214391081826761,1.70069426200996
3105900223625,112024183136,5.68356475638575,0.644860915142305,-1.77800481399754,-0.0984368669163926,-1.09910982279689,0.580458124284257,0.0219770051771775,1.70154495225833
3162277660168,113983535775,5.66812107959413,0.628479445259819,-1.81192082798225,-0.132040283204145,-1.06974475239986,0.610135792378247,0.0419716256146785,1.72185217039278
3219678444251,115977229036,5.6681578423013,0.627579000813724,-1.78975213569356,-0.109559188531037,-1.09631776809692,0.583875179065601,0.0463391863158904,1.72653213347841
3278121151393,118005832119,5.68085143269855,0.639335969263588,-1.79839224609896,-0.117887091620637,-1.0979326008819,0.582572553596415,0.0439005391090177,1.72440569358734
3337624694292,120069972084,5.68658268116997,0.64413118026313,-1.832161362021,-0.151344195052052,-1.06170017961995,0.619116987348998,0.0357059851812664,1.71652315215021
3398208328943,122170254785,5.67907472158549,0.635687766953289,-1.82737599761458,-0.14624701273718,-1.05192613240797,0.629202852469431,0.0286545332055539,1.70978351808296
3459891660870,124307345476,5.66714863810921,0.622826812770528,-1.81393472428317,-0.132494115836944,-1.04722188308369,0.634218725362534,0.0224350941134617,1.70387570255969
3522694651473,126481875235,5.69024862130755,0.64499250755498,-1.83922755191452,-0.157475513996996,-1.04342255470692,0.638329483210601,0.0208286101114936,1.70258064802902
3586637624485,128694493409,5.68975910160225,0.643569281003469,-1.84538947438705,-0.163326200854121,-1.04917274438776,0.632890529145166,0.0332302420283668,1.71529351556129
3651741272548,130945853288,5.67204731010133,0.624924363500464,-1.84654153470183,-0.164167219168204,-1.0373947590997,0.644979556433926,0.040316108497791,1.72269042403141
3718026663914,133236650804,5.65979496680666,0.611739474325582,-1.82955884438707,-0.146873680226707,-1.04302070281119,0.639664461349168,0.0412117051891983,1.72389686934956
3785515249259,135567584393,5.6815592245257,0.632571765565423,-1.83186179748736,-0.148865977833938,-1.05961320910137,0.623382610552054,0.0383429069188423,1.72133872657227
3854228868623,137939396910,5.65036553249229,0.600446685734319,-1.81170162468334,-0.128395342430681,-1.05715911070001,0.626147171552643,0.0469223277177662,1.73022860997042
3924189758485,140352742834,5.65515034898999,0.604300692397617,-1.82992405942059,-0.146307507223133,-1.02492511461605,0.658691437581405,0.0281259497860447,1.7117425019835
3995420558950,142808389869,5.65502064587781,0.603240756697489,-1.79708401134121,-0.113157381614438,-1.04285534692463,0.641071282802149,0.0133458370692097,1.69727246679598
4067944321083,145307004791,5.68446008660248,0.631750541365136,-1.83159047539812,-0.147353960319,-1.03290269779973,0.651333817279389,0.00846021139295772,1.69269672647207
4141784514364,147849442325,5.66653827618575,0.612899650708109,-1.82967592540081,-0.145129716908261,-1.0225494626211,0.661996745871446,0.0141142365755513,1.6986604450681
4216965034286,150436402135,5.67882849150919,0.624261360895122,-1.81227754807333,-0.127421837868635,-1.05941418808652,0.62544152211817,0.0212903695064597,1.70614607971115
4293510210083,153068718113,5.68782203720184,0.632326975843678,-1.83226114639547,-0.147096125942746,-1.05836493161041,0.626800088842308,0.0312311656016391,1.71639618605436
4371444812611,155747149018,5.70667406040593,0.650251641985768,-1.86501150199911,-0.179537362525719,-1.04126670237747,0.644207437095917,0.0280312687973492,1.71350540827074
4450794062356,158472541052,5.67494931057445,0.617600108065488,-1.84370885422686,-0.157925786723874,-1.04729917700752,0.63848389049547,0.044485845399322,1.73026891290231
4531583637601,161245632034,5.66785024528508,0.609574830952926,-1.83319752110401,-0.147105716326627,-1.06303586511058,0.623055939666807,0.0568102656689007,1.74290207044629
4613839682733,164067332973,5.69041391799692,0.631212863400901,-1.8170944043959,-0.130694052863896,-1.0822750919906,0.604125259541411,0.0373827032162808,1.72378305474829
4697588816706,166938515010,5.71195211919257,0.651825995187035,-1.84137581041432,-0.154667102412473,-1.07819036240107,0.608518345600773,0.036041178391315,1.72274988639316
4782858141654,169859972756,5.70803246257128,0.646981839306885,-1.84456752741244,-0.157550652990971,-1.07550292700762,0.611513947413846,0.040465116588166,1.72748199100963
4869675251659,172832654392,5.71472903821268,0.652754485137734,-1.87143941738759,-0.184114566362609,-1.06613202899462,0.621192822030366,0.0512695329962298,1.73859438402121
4958068241685,175857418195,5.7116074548976,0.648709540759334,-1.86530266550835,-0.177670027462263,-1.05715088109719,0.630481756948903,0.0392732165055349,1.72690585455162
5048065716667,178935200073,5.70915460248943,0.645333895335297,-1.86178297913284,-0.173842743414795,-1.05730031791609,0.630639917801958,0.0383558192697819,1.72629605498783
5139696800772,182066929270,5.68585421179887,0.6211112789778,-1.83746349220746,-0.149215847933772,-1.04600360742188,0.642244036851809,0.026040012598969,1.71428765687266
5232991146815,185253536112,5.65463693090715,0.588972339070908,-1.83683864187333,-0.148283777927916,-1.00256935629295,0.68598550765246,0.0131981921149418,1.70175305606035
5327978945866,188495991821,5.64006503910059,0.573479354205012,-1.84403515048325,-0.155173255518058,-0.986402102105785,0.702459792859408,0.0187993383151479,1.70766123328034
5424690937011,191795233860,5.66071400418878,0.593207791495059,-1.85257987500518,-0.163411137440604,-0.987712061032653,0.701456676531919,0.00800505658844486,1.69717379415302
5523158417307,195152365228,5.64784620798309,0.579420032059065,-1.8579928104009,-0.168517418426225,-0.995299822796369,0.694175569178307,0.0338735499826726,1.72334894195735
5623413251903,198568288816,5.66984490878531,0.600499333506725,-1.88541319800424,-0.19563133957805,-0.991568145604106,0.698213712822088,0.0355635595915373,1.72534541801773
5725487884358,202044138213,5.64781437598867,0.577549964540471,-1.86443197043263,-0.174343833283233,-0.981911198818125,0.708176938331276,0.0269559179723728,1.71704405512177
5829415347136,205580875890,5.64929506072076,0.578112375598331,-1.85924579770654,-0.168851569332392,-1.00298775648116,0.687406471892982,0.0413656182936393,1.73175984666778
5935229272297,209179642830,5.65787860608543,0.585778209095894,-1.85556309871026,-0.164862966380417,-1.01292952272343,0.677770609606421,0.0390411400876474,1.72974127241749
6042963902381,212841447205,5.66162198869279,0.588604440956242,-1.87487702208455,-0.183871172839033,-1.01232727410388,0.678678575141633,0.0540094322932418,1.74501528153876
6152654101490,216567491270,5.64413667508052,0.57020253703131,-1.87675432651304,-0.185442947163301,-0.995809389307396,0.695501990042339,0.056854165479308,1.74816554482904
6264335366569,220358835593,5.65309906969196,0.57824890107993,-1.8722980702878,-0.18068134741712,-1.00427501750528,0.687341705365398,0.0519011428987142,1.74351786576939
6378043838892,224216626051,5.66573125307332,0.589965612965067,-1.86300841011689,-0.171086530080807,-0.99878102412913,0.693140855906954,0.0244853058829904,1.71640718591907
6493816315762,228142093848,5.66565676269238,0.588976209472506,-1.85551995050628,-0.163293099432986,-1.01243797168718,0.679788879386114,0.0307282842986751,1.72295513537197
6611690262415,232136360035,5.68635620200075,0.608761293373107,-1.87523260520538,-0.182700968996168,-1.0014239384036,0.691107697805611,0.018727466405835,1.71125910261505
6731703824145,236200642525,5.69811959285289,0.619610885841822,-1.89046966392198,-0.19763342825162,-1.01909851352684,0.673737722143514,0.039875709277112,1.73271194494747
6853895838650,240336155554,5.71085157367634,0.631429624627927,-1.88051027472829,-0.187369625045491,-1.0233202643285,0.669820385354299,0.0214060900907498,1.71454673977355
6978305848599,244544161702,5.6899990165839,0.6096643811672,-1.87364604781033,-0.180201169338093,-0.993527705024462,0.69991717344777,0.00560186099028215,1.69904673946251
7104974114427,248826006170,5.74148274239269,0.660235975600973,-1.86741725678439,-0.173668334520487,-1.03907641320257,0.654672509061341,-0.00656194760813378,1.68718697465577
7233941627367,253182915628,5.72291547441273,0.640757130564698,-1.87835039518541,-0.18429761390273,-1.00956572560244,0.684487055680235,-0.00657222879817709,1.6874805524845
7365250122712,257616141249,5.73666930649779,0.653599939238822,-1.87446915070177,-0.180112694948782,-1.03514635268948,0.659210103063508,0.0013733216910623,1.69572977744405
7498942093325,262127157562,5.7502842785907,0.666304440894062,-1.89670091459993,-0.202040968701054,-1.03337356541306,0.661286380485821,0.0082173261907883,1.70287727208967
7635060803383,266717249830,5.74741688658833,0.662527130756422,-1.88855981381494,-0.193596561870968,-1.06184853019658,0.633114721747383,0.0314185821916908,1.72638183413566
7773650302388,271387870707,5.736494535784,0.650695413449555,-1.87821897302638,-0.182952598914895,-1.03656467981637,0.658701694295118,0.00671624176902696,1.70198261588051
7914755439411,276140381729,5.76843301570625,0.681725077833551,-1.88729871390387,-0.191729401279641,-1.07064507188625,0.624924240737986,0.017937894910574,1.71350720753481
8058421877615,280976205833,5.78228744480293,0.694671241689038,-1.89345260040136,-0.197580532696729,-1.10612234039581,0.589749727308817,0.0457146207918413,1.74158668849647
8204696109025,285896812700,5.76515601837309,0.676632099649046,-1.86474033002742,-0.168565690452735,-1.09557087204303,0.600603767531655,0.0235823083785363,1.71975694795322
8353625469578,290903712248,5.74578398748417,0.656352902116213,-1.8950603789126,-0.198583350456616,-1.08367166851531,0.612805359940679,0.0613751846831292,1.75785221313912
8505258154440,295998429508,5.74302701556007,0.652689311850821,-1.89727660283097,-0.20049736826122,-1.06758330721641,0.629195927353341,0.0502600191684905,1.74703925373824
8659643233601,301182484452,5.71876534080366,0.627521566393339,-1.87463305878919,-0.177551800652414,-1.08056991000194,0.616511348134831,0.0648647528141737,1.76194601095095
8816830667756,306457457933,5.73016442271182,0.63801512457947,-1.87882827129215,-0.181445171914699,-1.09813991611009,0.599243183267366,0.0752308894880116,1.77261398886546
8976871324473,311824932623,5.76209487539018,0.669040599854808,-1.88751189940376,-0.189827140891973,-1.13114963500993,0.566535123501856,0.0849937837920152,1.7826785423038
9139816994655,317286549079,5.73653689050116,0.642578183222981,-1.85167744191131,-0.153691206151914,-1.15215930269915,0.545826933060245,0.095726978906896,1.79371321466629
9305720409297,322843975350,5.74053899588762,0.645676401869227,-1.83989677252248,-0.141609241183015,-1.15003204531968,0.548255486019787,0.0778169466939289,1.77610447803339
9474635256554,328498856640,5.72749218999525,0.631726253582794,-1.84738015840412,-0.148791512933304,-1.14272379441536,0.555864851055457,0.091038887592731,1.78962753306355
9646616199112,334252885762,5.72436654558987,0.627697810474276,-1.85737183719175,-0.158482258819883,-1.10122331840103,0.59766625997084,0.0626557348005008,1.76154531317237
9821718891880,340107843269,5.75328523668577,0.655714245903872,-1.86658178371727,-0.167391453456633,-1.09971037969808,0.599479950562552,0.0414340514980722,1.7406243817587
10000000000000,346065536839,5.75281158578582,0.654338881721582,-1.86120012181345,-0.161709220458707,-1.0800050322141,0.619485869140643,0.0168206929811276,1.71631159433587
10181517217182,352127640224,5.74231094229617,0.642937066681847,-1.83002374690841,-0.130232455036968,-1.09725692210486,0.60253436976658,0.0133968514855951,1.71318814335704
10366329284377,358296160860,5.76248331757961,0.662208811496918,-1.84655197680695,-0.146460474779387,-1.10895395281841,0.591137549209153,0.0214497367851436,1.72154123881271
10554496008786,364572853213,5.73568816506304,0.63451356894434,-1.83826806812431,-0.137876536084741,-1.09665328252595,0.603738249513617,0.0276603102684021,1.72805184230797
10746078283213,370959666365,5.74589542558533,0.643821279214786,-1.84394549040007,-0.143254108276559,-1.09553004681948,0.605161335304039,0.0220072364027146,1.72269861852623
10941138105772,377458514975,5.72840803558938,0.625434878104121,-1.82277513440931,-0.121784081914225,-1.08685596322175,0.614135089273336,0.00965018678107299,1.71064123927616
11139738599948,384071370705,5.73678057268262,0.63290894257391,-1.83060313170427,-0.129312588334695,-1.0734022356919,0.627888307677668,-0.00434808051795699,1.69694246285161
11341944035028,390800251173,5.759404945391,0.654635380505397,-1.83302773861215,-0.131437883650278,-1.09672571459669,0.60486414036518,-0.00122436741366982,1.7003654875482
11547819846895,397647119429,5.75053699788987,0.644870035430387,-1.84189105892438,-0.140002071437882,-1.0845216345333,0.61736735295319,0.00430282027809881,1.70619180776459
11757432659207,404614130781,5.75263513138634,0.646071307913598,-1.83340605220292,-0.131218111045337,-1.08096618621494,0.621221754942644,-0.00983576819999143,1.69235217295759
11970850304957,411703313972,5.75187714700587,0.644416998439233,-1.84735763020581,-0.144870914016927,-1.06257741741138,0.639909298777503,-0.0135149745910894,1.68897174159779
12188141848423,418916961004,5.7412972705788,0.632941332197539,-1.84440384744084,-0.141618534647092,-1.05369480422814,0.649090508565609,-0.0147714942286257,1.68801381856513
12409377607517,426257057172,5.7424787429045,0.633227549348946,-1.84291049910826,-0.139826767923074,-1.07358520990238,0.629498521282807,0.00244409090373665,1.70552782208892
12634629176545,433725947596,5.74866334040416,0.638517425676842,-1.8233441284101,-0.119962156834325,-1.06818269280484,0.635199278770935,-0.0287093943916261,1.67467257718415
12863969449370,441325905516,5.74786299059633,0.636822888063096,-1.84398385661189,-0.14030382243414,-1.05206259421539,0.65161743996236,-0.0233894150005654,1.68029061917718
13097472643006,449059243413,5.72949774109293,0.617563983484108,-1.83721400369541,-0.133236084492468,-1.0508356889186,0.653142230284344,-0.0130209237104282,1.69095699549251
13335214321633,456928188674,5.72084570900188,0.608018828413414,-1.85088993058889,-0.14661430372607,-1.06016422421089,0.644111402651928,0.0186355705955066,1.72291119745833
13577271421052,464935316623,5.73555779521121,0.621838323105775,-1.86101782956393,-0.156444672195457,-1.07449771638494,0.630075440983537,0.028384875622578,1.73295803299106
13823722273579,473082840010,5.71077911718749,0.596167584395637,-1.87813545239624,-0.17326494146562,-1.02907705924008,0.675793451690536,0.0248605191591196,1.72973103008974
14074646633398,481373323907,5.74208904785337,0.626585984574653,-1.87514579575509,-0.169978107995516,-1.04567141091684,0.659496276842733,0.0071552834706381,1.71232297123021
14330125702370,489809304409,5.74212409666507,0.625730032469148,-1.90587545774179,-0.20041076967648,-1.03752809134312,0.667936596722186,0.02970657707192,1.73517126513723
14590242156306,498393354478,5.73689272603951,0.619608189867312,-1.88311419432284,-0.177352682265442,-1.04021029593423,0.665551216123171,0.0148588888696395,1.72062040092704
14855080171728,507128046063,5.73488382610958,0.616709346274371,-1.87700779311126,-0.170949633166191,-1.04539563308936,0.660662526855714,0.015946724859532,1.7220048848046
15124725453106,516015946270,5.76497613283573,0.645912237024268,-1.84687932033557,-0.140524688398421,-1.06260613875929,0.643748493177861,-0.0270635491469875,1.67929108279017
15399265260595,525059867820,5.75566623709165,0.635713452365284,-1.8025015121093,-0.0958505838671813,-1.06869231211022,0.637958616131905,-0.0560452881036326,1.65060564013849
15678788438270,534262451520,5.79494011739735,0.674098970193137,-1.827631957829,-0.120684908760929,-1.10135492344853,0.605592125619544,-0.0375261114095338,1.66942093765854
15963385442879,543626497875,5.78964189568069,0.667912911812502,-1.8394928771304,-0.132249882507668,-1.09068606351502,0.616556931107706,-0.0310358303249814,1.67620716429775
16253148373119,553154942409,5.78489125065971,0.662274955319333,-1.84117308614077,-0.133634321027311,-1.09482821251731,0.612710552596146,-0.0204628273495473,1.68707593776391
16548170999432,562850642510,5.78644254041137,0.66293945816961,-1.80430451122811,-0.0964701504808567,-1.10698551562382,0.600848845123435,-0.0467253887909465,1.66110897195631
16848548794358,572716457400,5.76954938936979,0.645160044177576,-1.80885997979203,-0.100730198061296,-1.10353521100478,0.604594570725954,-0.0287270738044754,1.67940270792626
17154378963429,582755397862,5.75701290619327,0.631737821382759,-1.83691186219221,-0.12848683392204,-1.07177795981988,0.636647068450286,-0.0198959594126791,1.68852906885749
17465760476621,592970557398,5.77213228400797,0.645971982293633,-1.84746903600171,-0.138748935430268,-1.06142324919347,0.647296851377977,-0.034812873986084,1.67390722658536
17782794100389,603365029986,5.76939531415701,0.642350317636729,-1.86052845302038,-0.151513454180286,-1.04896303539863,0.660051963441465,-0.0314767010277137,1.67753829781238
18105582430271,613941940611,5.75106509739999,0.623135927556141,-1.85415908100549,-0.144849357724209,-1.04075602738885,0.66855369589243,-0.0277228641789407,1.68158685910234
18434229924091,624704469441,5.77202511799987,0.643212295700427,-1.83880900003714,-0.129204725937329,-1.05411820561858,0.655486068481237,-0.0506707876338623,1.65893348646595
18768842935762,635655856081,5.77055471029598,0.640858755795577,-1.84076675330289,-0.130868101802752,-1.06153940130025,0.648359250199884,-0.0398214308661409,1.67007722063399
19109529749704,646799555641,5.76795496721752,0.637376400158552,-1.83332749037072,-0.123134634684398,-1.05003773915814,0.66015511652818,-0.0561626127455384,1.65403024294078
19456400615886,658138798145,5.78936474211514,0.65790408152884,-1.85493642668007,-0.144449539817969,-1.05217325943522,0.658313627426878,-0.0538279310567304,1.65665895580537
19809567785503,669677103524,5.79222475196002,0.659882516267534,-1.86682417406701,-0.156043428836177,-1.06689682765864,0.64388391757219,-0.0300766256405041,1.68070411959032
20169145547303,681417918342,5.80236339225667,0.669140099270126,-1.84405295812758,-0.132978527132064,-1.09631020214874,0.61476422884677,-0.0335731073282659,1.67750132366725
20535250264571,693364935561,5.79717413487379,0.663070301797386,-1.85804579313844,-0.146677848779645,-1.10570452472894,0.605663419629864,-0.00499669235432521,1.70637125200447
20908000412787,705521604347,5.79451551474631,0.659531658177375,-1.86629232967971,-0.154631044156731,-1.10761271207593,0.604048573447044,0.00781665195245296,1.71947793747543
21287516617964,717891693494,5.79372476018034,0.657861396110395,-1.8485126158339,-0.136558161143916,-1.11088986584218,0.601064588847799,-0.00589515385217965,1.7060593008378
21673921695684,730478942747,5.8248634392512,0.688121083067035,-1.86438440316124,-0.152136951099849,-1.11816186638316,0.594085585678228,-0.0138900447636843,1.69835740729771
22067340690846,743287088342,5.81488312780857,0.67726229429329,-1.87028723140247,-0.157746953564045,-1.09724809299223,0.615292184846196,-0.0189206785871647,1.69361959925126
22467900918126,756320144191,5.7957655666396,0.657266769973709,-1.88182148657506,-0.168988554353099,-1.08269471494714,0.630138217274826,-0.00282224017428234,1.71001069204768
22875732003184,769582041963,5.78910713794176,0.649730891704189,-1.85387761407765,-0.140752198665124,-1.10530932765687,0.607816087755653,-0.00149307126412168,1.7116323441484
23290965924605,783076746274,5.79054457606981,0.650291393239009,-1.86566149111604,-0.152243763505777,-1.09917038073763,0.614247346872633,0.00271442043595016,1.71613214804622
23713737056617,796808377212,5.78429858759046,0.643168980545417,-1.87691821082262,-0.16320834180761,-1.08109701040667,0.632612858608348,0.00214375834912062,1.71585362736413
24144182212566,810781082389,5.79049446305726,0.64848894357857,-1.91492423292948,-0.20092239310325,-1.08337464614306,0.630627193683173,0.0362315406673588,1.75023338049359
24582440689202,824999197473,5.78911180456635,0.64623088383725,-1.9201546566328,-0.205861016389771,-1.07289853983093,0.641395100412101,0.0323685166076757,1.74666215685071
25028654311746,839466876497,5.77637837361544,0.632622562222875,-1.89979764237069,-0.185212371906496,-1.07472796877846,0.639857301685728,0.0265743624186143,1.7411596328828
25482967479793,854188591124,5.79125946393469,0.646629271870325,-1.92079878249206,-0.205922051803934,-1.05167201487347,0.663204715814648,0.00963845831574872,1.72451518900387
25945527214040,869168849342,5.76395500206854,0.618450938729821,-1.89636614633491,-0.181198125222006,-1.0524660651572,0.662701955955702,0.0133043340756558,1.72847235518856
26416483203861,884412018553,5.76308552041883,0.616708094610018,-1.86864601401612,-0.153186872079852,-1.07663070759736,0.63882843433891,0.0106183260213584,1.72607746795763
26895987855750,899922952386,5.74671600671718,0.599465726650398,-1.87849211168941,-0.162742018333818,-1.06416650884785,0.651583584507746,0.0243697387049906,1.74011983206058
27384196342644,915706247570,5.75602434418397,0.607901717480214,-1.88447035901481,-0.168429483446894,-1.06668361421907,0.649357261348846,0.0235567537602037,1.73959762932812
27881266654131,931766644554,5.73653400468174,0.587539538371927,-1.88002277252963,-0.163691283759689,-1.07937024533749,0.636961243432453,0.0512861378956586,1.7676176266656
28387359647588,948109109075,5.73800998006482,0.588144180590794,-1.88165719032986,-0.165035257171853,-1.07114687230205,0.645475060855956,0.0432212072773837,1.75984314043539
28902639100225,964738535395,5.74689819599735,0.596161569212943,-1.90815463202307,-0.191242423094936,-1.06225763598923,0.654654572938908,0.0519411967834458,1.76885340571158
29427271762093,981660048146,5.74687384354183,0.595266894713869,-1.90883308765478,-0.191630771378796,-1.06057673529722,0.656625580978771,0.0509631042950787,1.76816542057107
29961427410044,998878669819,5.74813086265931,0.595654096468611,-1.90654694614932,-0.18905469075242,-1.06016731372802,0.657324941668884,0.0470105218701065,1.76450277726701
30505278902670,1016399717908,5.75557538412977,0.602229304672202,-1.91126569709741,-0.19348367061155,-1.0535494411015,0.664232585384361,0.0376668788958341,1.75544890538169
31059002236247,1034228365446,5.75971206126269,0.605497172050163,-1.90058401989518,-0.182512390157669,-1.05961686669616,0.658454763041348,0.0289159500971437,1.74698757983465
31622776601684,1052370166553,5.76720021263463,0.612117016596125,-1.89995017298497,-0.181589107638803,-1.07805273256963,0.640308332776539,0.0392298178048804,1.75759088315105
32196784442514,1070830671240,5.78047438769136,0.624523387173912,-1.91336340992711,-0.1947130764213,-1.08946406911127,0.629186264394542,0.0507802161155269,1.76943054962134
32781211513935,1089615330911,5.78107293171342,0.624254628483179,-1.91297513828613,-0.194035703876047,-1.07176894583972,0.64717048857036,0.0320982773555443,1.75103771176563
33376246942920,1108729905287,5.7640916442615,0.606406539504677,-1.90008131414652,-0.180852945894245,-1.07852829335025,0.640700074902028,0.0429450878873467,1.76217345613962
33982083289426,1128180200987,5.78029267222155,0.621741266545469,-1.90161205577897,-0.182094920553609,-1.08887050382327,0.630646631402087,0.0386170122073963,1.75813414743276
34598916608699,1147972138480,5.77720588818192,0.617788681616008,-1.89747635583626,-0.177670620314289,-1.09355202381266,0.626253711709309,0.042249616177287,1.76205535169926
35226946514731,1168111671106,5.7643160042353,0.604033496232058,-1.87504843977513,-0.154954270440715,-1.07792908378178,0.64216508555263,0.0170886442065239,1.73718281354094
35866376244848,1188604963918,5.77726668620016,0.616119375636217,-1.86064925382379,-0.140266816969145,-1.11165623780107,0.608726199053578,0.023465930193197,1.74384836704785
36517412725484,1209458299907,5.76794533524662,0.605933720423671,-1.86485575675033,-0.144185218476013,-1.08468223677482,0.635988301499492,0.0100197832216509,1.73069032149597
37180266639145,1230677945107,5.77292502921773,0.610049607863566,-1.88148614676902,-0.160527672984299,-1.09519111877307,0.625767355011649,0.0321793612092733,1.753137834994
37855152492586,1252270287433,5.78294725518208,0.619208524451566,-1.8886100887903,-0.167363845213463,-1.06740932882531,0.653836914751532,0.00149928720202297,1.72274553077886
38542288686231,1274241854669,5.77325054217363,0.608648998649695,-1.89453942584805,-0.173005578006741,-1.05901307379827,0.662520774043042,0.00872908218298107,1.73026293002429
39241897584845,1296599482186,5.78274288220564,0.617279021900269,-1.86657086980995,-0.144749583041491,-1.0738339498057,0.647987336962754,-0.0139109378214926,1.70791034894696
39954205589499,1319349801621,5.80579156818567,0.639465886540877,-1.87917700380785,-0.15706844325959,-1.09288359980565,0.629224960742618,-0.00530383980367333,1.71680472074459
40679443210830,1342499808039,5.83158875419758,0.664401746086403,-1.90404054179089,-0.181644872420498,-1.09805417776806,0.62434149160233,-0.00106690981192514,1.72132875955847
41417845143644,1366056416815,5.8100097082206,0.641961867948066,-1.90576593979495,-0.183083326370767,-1.07316947978688,0.649513133637296,-0.00264716381207108,1.72003544961211
42169650342858,1390027011336,5.79937602317659,0.630467844480697,-1.89043256483274,-0.167463171934104,-1.06077208480565,0.662197308092983,-0.0197442488279194,1.70322514407071
42935102100835,1414418623655,5.80773523019161,0.637967206244312,-1.88456637383206,-0.161310365849625,-1.07569347781828,0.647562530164156,-0.019048253830988,1.70420775415145
43714448126111,1439238786801,5.79359348322032,0.622966106628491,-1.89728073676815,-0.173738277904209,-1.07988592475886,0.643656534105088,0.0120003032498062,1.73554276211375
44507940623560,1464495014366,5.80146517418325,0.629978936989657,-1.89910632983083,-0.175277584099631,-1.07520474982448,0.648623995906718,0.0012730301823467,1.72510177591354
45315836376008,1490194890360,5.81969552824739,0.647350921931665,-1.91182404372375,-0.187709174951845,-1.05517290777061,0.668941961001298,-0.0242714517517015,1.69984341702021
46138396827332,1516346295992,5.82812427217141,0.654921787650997,-1.91087306779809,-0.186472239624623,-1.08863103581825,0.635769792355218,-0.000193043844774365,1.7242077843287
46975888167065,1542957230128,5.81277395418147,0.638714081812618,-1.9341796017834,-0.209492977660449,-1.08159494982101,0.643091674301939,0.0314277221914381,1.75611434631439
47828581416538,1570035769640,5.81599190121051,0.641075130789224,-1.92516863479977,-0.200196377992679,-1.06822460680269,0.656747650004408,0.00582846521865577,1.73080072202575
48696752516586,1597590147386,5.83167347620474,0.655900296967729,-1.93912080780137,-0.213863081389036,-1.06824216380483,0.657015562607512,0.00411662022816017,1.7293743466405
49580682416847,1625628527013,5.8206289181835,0.643999818809141,-1.92137771780835,-0.195834684683568,-1.0785890018451,0.646954031279684,0.00776492618024349,1.73330795930503
50480657166675,1654159632783,5.79633049620315,0.618845964812454,-1.9079433757579,-0.182115198627662,-1.06649750377983,0.659330673350405,0.00653750821948051,1.73236568534971
51396968007715,1683192085610,5.80045639624586,0.622116920403407,-1.89617827977054,-0.170065121156386,-1.05236863979371,0.67374451882044,-0.0234823517967016,1.70263080681745
52329911468149,1712734632957,5.81062420614762,0.631430272862522,-1.90965339785907,-0.183255420097374,-1.05393645382719,0.672461523934509,-0.0186072298092768,1.70779074795242
53279789458656,1742796375509,5.8510478741955,0.670999969922348,-1.90131512179505,-0.174632487037333,-1.09722214977955,0.629460484978163,-0.0240834777941927,1.70259915696353
54246909370113,1773386250701,5.87139291316271,0.690491523802518,-1.89156487083528,-0.164597741048552,-1.08809907484101,0.638868054945719,-0.0633018428343348,1.6636652869524
55231584173071,1804513736777,5.85291383619187,0.671159447093029,-1.89848784776405,-0.171236384731096,-1.06638717179885,0.660864291234097,-0.0596116918022744,1.66763977123067
56234132519035,1836188237927,5.80077446816722,0.618167564126415,-1.87916259182384,-0.151626957143574,-1.06824247981422,0.659293154866052,-0.0249422718188725,1.7025933628614
57254878843584,1868419358507,5.80439799517626,0.620939060439442,-1.86604006477864,-0.138220419866372,-1.06449933280237,0.663320312109902,-0.0454314728267491,1.68238817208552
58294153471361,1901216889801,5.80413993116235,0.619829449425659,-1.85964784084354,-0.131544346931304,-1.04952323285397,0.67858026105826,-0.0665417328709736,1.66156176104126
59352292722970,1934590928283,5.80427539924858,0.619113853659268,-1.85249864077196,-0.124111458908851,-1.06054172874428,0.667845453118821,-0.0628079047892243,1.66557927707388
60429639023813,1968551382642,5.82438648317475,0.638374356332136,-1.86428064084612,-0.135609931898581,-1.09076240484137,0.637908304106167,-0.0409163128351793,1.68775439611236
61526541014904,2003108707015,5.81872800725978,0.631865781216175,-1.86149324872531,-0.132539173377442,-1.11320561671164,0.615748458636229,-0.0156020167050883,1.71335205864278
62643353665689,2038273377884,5.79751893028151,0.609807086543146,-1.84323582972866,-0.113998548482533,-1.09555811772589,0.633679163520236,-0.030297857709229,1.69893942353689
63780438388922,2074056076470,5.79188617505133,0.603325194579279,-1.83410655683838,-0.104586230014361,-1.10894010087941,0.620580225944609,-0.0204123929142952,1.70910793390972
64938163157621,2110467651032,5.80580135120545,0.616391714416554,-1.84106492483988,-0.11126171257692,-1.1192472447874,0.610555967475561,-0.0170620568096638,1.7127411554533
66116902624148,2147519275578,5.82367472921032,0.633416915978139,-1.85805465478916,-0.127968717045095,-1.10551917483099,0.624566762913074,-0.0316737748216838,1.69841216292238
67317038241450,2185222117394,5.80551837326493,0.614412862920611,-1.85127284680493,-0.120904343356825,-1.10381610272452,0.626552400723584,-0.0220022987341508,1.70836620471396
68538958386501,2223587615510,5.78825975221116,0.596307023544402,-1.86590757977683,-0.135256670221245,-1.07650543982163,0.654145469733955,-0.0174196078442037,1.71323130171138
69783058485987,2262627494214,5.80738979228772,0.614590323547675,-1.86662501981482,-0.135691863568137,-1.07369932380971,0.657233832436977,-0.0386383237782866,1.6922948324684
71049741144268,2302353524086,5.80832994717639,0.614684216072569,-1.86707561684307,-0.135860373141794,-1.08567807287909,0.645537170822182,-0.0271491329185665,1.70406611078271
72339416273667,2342777969763,5.80082033318467,0.60632881688788,-1.85541777079925,-0.123920598700318,-1.0839360387763,0.647561133322631,-0.0330393988406286,1.6984577732583
73652501227123,2383912740151,5.79874864418525,0.603411819328469,-1.85938089981209,-0.127601958193167,-1.10309668385889,0.628682257760034,-0.00784393586218357,1.72393500575674
74989420933246,2425770710702,5.81646234821528,0.620280690894601,-1.85099631978665,-0.118935767346418,-1.10959391179495,0.622466640645281,-0.0274449918651953,1.70461556057503
76350608033833,2468364544607,5.81899635319132,0.62197033896684,-1.86131450685207,-0.128972502110573,-1.08476795488968,0.64757404985181,-0.0444867669139057,1.68785523782759
77736503023878,2511707134987,5.86159574217163,0.663725846068347,-1.89478794974275,-0.162164651041655,-1.09303039382212,0.639592904878976,-0.0453502738382667,1.68727302486283
79147554394112,2555811585897,5.85247523512226,0.653761931630995,-1.88521755684633,-0.152313122349241,-1.08827658486553,0.644627849631562,-0.0505539688747376,1.68235046562235
80584218776148,2600691470531,5.84150148823392,0.641945251312212,-1.85993224370759,-0.126746831400355,-1.09421693976037,0.638968472546863,-0.0589251797646284,1.67426023254261
82046961090250,2646360285146,5.87517870916054,0.674780012233536,-1.87947166687809,-0.146005434569089,-1.08684583078139,0.646620401527615,-0.0804340868489817,1.65303214546002
83536254695783,2692831912371,5.84897776320577,0.647737079167126,-1.8713625408709,-0.137615646191358,-1.09188678080682,0.64186011387273,-0.0573013168759644,1.67644557780358
85052581544400,2740120503980,5.82706914423034,0.624986945443117,-1.85774369980209,-0.123716300206346,-1.09472492383793,0.63930247575781,-0.0461733958218247,1.68785400377391
86596432336007,2788240635260,5.83376074105036,0.630837499347916,-1.85539367096499,-0.121085923730839,-1.11908452690113,0.615223220333013,-0.0308554188814014,1.70345232835275
88168306677557,2837206686750,5.83573792211246,0.631974108799341,-1.8610544858966,-0.126466548125563,-1.12808592582587,0.606502011945167,-0.0181703858543187,1.71641755191672
89768713244731,2887033637929,5.84804686717689,0.643442953029716,-1.87887384882197,-0.144005877439576,-1.11739910091273,0.617468870469656,-0.0233467929065228,1.71152117847587
91398169946549,2937736691899,5.85420912818518,0.648765583453526,-1.88563287584111,-0.150485027597228,-1.12633386382367,0.608813984420209,-0.0138152638683096,1.72133258437557
93057204092970,2989331210974,5.84368590114173,0.637403195549028,-1.89871312689502,-0.163285558364119,-1.13116630283184,0.604261265699056,0.0146206531208009,1.7500482216517
94746352565538,3041832888457,5.83586699026637,0.628745593010781,-1.88933894573711,-0.15363181331858,-1.14080209366512,0.594905038753413,0.0227011742535979,1.75840830667213
96466161991120,3095257569168,5.8856072742492,0.677647654004486,-1.91624782176223,-0.180261281680657,-1.17635636182968,0.559630178251894,0.0354240342276171,1.77141057430919
98217188918804,3149621718382,5.90555344929453,0.696756074210954,-1.90442753478419,-0.168161743089665,-1.17877667874563,0.55748911294889,0.00607788923662156,1.74234368093115
100000000000000,3204941750802,5.89146798721049,0.681833324915669,-1.87228731287178,-0.135742425440169,-1.17795560881495,0.558589278616652,-0.0127979408716783,1.72374694655993
101815172171818,3261234506440,5.87465190526564,0.66418042286543,-1.87041887477972,-0.13359504731298,-1.16038170282263,0.576442124644103,-0.0154242027783766,1.72139962468836
103663292843770,3318517122720,5.88017846015282,0.6688706242322,-1.89267635985743,-0.155573747883893,-1.15618428774178,0.58091832423176,-0.00289068778511137,1.73421192418843
105544960087860,3376806983283,5.88103114126716,0.668887417891082,-1.86923372279853,-0.131852481673167,-1.16152900678571,0.575852234339646,-0.0218412867980078,1.71553995432735
107460782832132,3436122004826,5.87982616911177,0.66684702382604,-1.86107823881321,-0.123418523717965,-1.16459903889336,0.573060676201885,-0.0257217668695375,1.7119379482257
109411381057719,3496479880155,5.86919648619369,0.65538238402584,-1.86440717370715,-0.126469139651201,-1.15316165774129,0.584776376314656,-0.0232005297439173,1.71473750431203
111397385999480,3557899262954,5.86950668413192,0.654858089592064,-1.88730106386356,-0.149084865683609,-1.13201902376022,0.60619717441973,-0.0217594718560576,1.71645672632389
113419440350276,3620398728967,5.8776390372077,0.662156414289393,-1.88822523481213,-0.14973102717269,-1.12672801478766,0.611766192851777,-0.0342586627230048,1.70423554491643
115478198468946,3683997357774,5.87772198417224,0.661405796353348,-1.88722467981279,-0.148452617206491,-1.11954247183166,0.619229590774633,-0.0425277078757063,1.69624435473059
117574326592071,3748714452447,5.88532272318844,0.668173433431996,-1.89413342485204,-0.155083661599896,-1.12875496083871,0.610294802413442,-0.0340072128456086,1.70504255040654
119708503049573,3814569556284,5.87856843322515,0.660586503980222,-1.89850490679964,-0.159177597051333,-1.14037089468911,0.598956415059198,-0.0112655067350715,1.72806180301324
121881418484229,3881582817267,5.88761907513253,0.66880496833505,-1.9388235968072,-0.199218894541369,-1.11348422884475,0.626120473421073,-0.00688412482850254,1.73272057743733
124093776075172,3949774743961,5.88576654717326,0.6661207242469,-1.93976342491806,-0.199881483942602,-1.12039252882823,0.61948941214722,0.00281653110869229,1.74269847208415
126346291765447,4019166018263,5.87904491613153,0.658567837988554,-1.93502502387855,-0.194865997830892,-1.10373182385229,0.636427202195374,-0.011860943865031,1.72829808218263
128639694493697,4089777747337,5.86187037324999,0.640562500292081,-1.90026895073242,-0.15983299307979,-1.10405210673343,0.636383850919201,-0.0291221907828003,1.71131376686983
130974726430059,4161631392696,5.85792559420224,0.635787386321392,-1.89746432984248,-0.156751593882195,-1.10164144181181,0.639071294148476,-0.0303926977794617,1.71032003818082
133352143216332,4234748825938,5.87580785504542,0.652839771624732,-1.92566938488744,-0.184680023747212,-1.10109500889666,0.639894352243566,-0.0206163369584829,1.72037302418175
135772714210518,4309152350972,5.8658529932145,0.642055493129053,-1.92863397474866,-0.187368141386847,-1.08583525475115,0.655430578610671,-0.0229566387133673,1.71830919464845
138237222735790,4384864493469,5.88811114616692,0.663484687784606,-1.92893288983032,-0.187390737036216,-1.10068916587625,0.640852986917858,-0.0300619658082724,1.71148018698583
140746466333984,4461908561572,5.86463099322282,0.63917603440519,-1.91600640676916,-0.17418808716328,-1.08876865077764,0.653049668828238,-0.0314288107911125,1.71038950881476
143301257023696,4540307528279,5.86614072113298,0.639857719236084,-1.90326275082771,-0.161168416862076,-1.09909748286009,0.642996851105543,-0.0353533627931029,1.70674097117253
145902421563056,4620085497537,5.87471860321239,0.647608015087601,-1.90264792484231,-0.160277728800718,-1.087567364797,0.654802831244599,-0.0560761888045818,1.68629400723701
148550801717278,4701266803957,5.87034190515988,0.642404187154745,-1.90901214280166,-0.166366236799947,-1.08007502683904,0.66257087916267,-0.052827610867098,1.68981829513461
151247254531062,4783876276998,5.87066158920061,0.641897197159674,-1.89508790674154,-0.152166442727892,-1.08251958282199,0.660401881191657,-0.0646269747521728,1.67829448926147
153992652605949,4867939006224,5.86819970619399,0.638609095459625,-1.91161690582521,-0.168420035580424,-1.0768838818185,0.666312988426286,-0.051271793898195,1.69192507634659
156787884382697,4953480517147,5.86709897709079,0.636682602504026,-1.9200099388836,-0.17653781402134,-1.0702954349108,0.673176689951451,-0.0483664788771421,1.69510564598511
159633854428794,5040526673811,5.88445445417892,0.653212770080278,-1.91471192578319,-0.170964697750313,-1.10783678188454,0.635910446148338,-0.0334786218591034,1.71026860617378
162531483731186,5129104116860,5.89253076119348,0.660464221423792,-1.93538583884947,-0.19136365892624,-1.11815667082556,0.625865509097675,-0.0105611268663779,1.73346105305685
165481709994318,5219239996895,5.8604660051642,0.627575063065429,-1.93775087886024,-0.193453898160653,-1.08468333084602,0.659613649853571,-0.00960467080585659,1.73469230989373
168485487943584,5310961585577,5.87585948116612,0.642144589582197,-1.94447831483558,-0.199906684307605,-1.08889111480676,0.655680515721217,-0.0140629268717021,1.73050870365627
171543789634288,5404296555932,5.85375565721188,0.619217268489514,-1.93735705083236,-0.19251092125824,-1.06981369887944,0.675032430694678,-0.0181577828479931,1.72668834672613
174657604766212,5499273883761,5.84038857126143,0.605027137250926,-1.95707890880294,-0.211958430799441,-1.05849585670512,0.686624621298379,0.00361331924796104,1.74873379725146
177827941003892,5595921989102,5.81914711522404,0.582963087280118,-1.95266724878456,-0.207272572803257,-1.04966291273013,0.69573176325118,0.0116101711755618,1.75700484715687
181055824302712,5694270455642,5.80578054313082,0.568774372113427,-1.93078861676622,-0.185119893093757,-1.05708792875521,0.688580794917256,0.0105231271591038,1.75619185083157
184342299240911,5794349324839,5.83108851616271,0.59326065243783,-1.91520990792196,-0.169267286680336,-1.07448274781927,0.671459873422352,-0.0129687358858064,1.73297388535582
187688429357622,5896188990400,5.82882495527156,0.590175848712039,-1.91401882073842,-0.167802451885247,-1.07628790475428,0.669928464098892,-0.0100911047775298,1.73612526407564
191095297497044,5999820404449,5.8171288940357,0.577658994022054,-1.9219461819157,-0.175456215244483,-1.06037188589107,0.686118080780145,-0.00638370192609727,1.74010626474512
194564006158864,6105275375019,5.81051635125186,0.570226106673056,-1.92587906878907,-0.17911565392947,-1.05743066477589,0.689332750083709,0.00122050719801337,1.74798392205762
198095677855034,6212585767784,5.81659668218344,0.575486541437736,-1.9085827578092,-0.161546044227297,-1.08786531782243,0.659171395759469,0.00827851821668446,1.75531523179859
201691455473033,6321784307958,5.81743926822674,0.575509679222461,-1.88500328781083,-0.137693424809407,-1.07802572776563,0.66928413523579,-0.0259831277653575,1.72132673523607
205352502645715,6432904362865,5.81049404211808,0.567745452274458,-1.88967729383148,-0.142094430550275,-1.07751530583482,0.670067557446385,-0.0148743179161102,1.7327085453651
209080004127872,6545979512109,5.81961017125286,0.576043027500796,-1.89917332481127,-0.15131761022725,-1.06813281273935,0.679722901844672,-0.0238769088173285,1.72397880576669
212875166179637,6661044599430,5.83035515912343,0.585969907906305,-1.91193482093513,-0.163806403862756,-1.06884348485619,0.679284932216186,-0.0211497289128602,1.72697868815951
216739216956842,6778134448680,5.84862681129016,0.603423898564646,-1.89240621274803,-0.144005241839524,-1.10227825271431,0.646122718194191,-0.0255152207100764,1.72288575019843
220673406908459,6897284640719,5.83897010819055,0.59294997942739,-1.88917996385135,-0.14050658759696,-1.09948595182505,0.649187424429342,-0.0218770678620785,1.72679630839231
224679009181264,7018531663255,5.8277420491213,0.580905149306101,-1.89057325082831,-0.141627617556579,-1.08333505492192,0.665610578349815,-0.0254066188354045,1.72353901443633
228757320031840,7141912341968,5.85881672229152,0.611163495925565,-1.89145543368068,-0.14223769155869,-1.09342084568925,0.655796896432733,-0.0455133176874369,1.70370442443455
232909659246055,7267463955932,5.86038620618638,0.611917097287387,-1.90050968981814,-0.151019986851807,-1.1012758257566,0.648213877209728,-0.0301735657267272,1.7193161372396
237137370566166,7395225497741,5.87526557012461,0.625981022227556,-1.90538337384351,-0.155621857877821,-1.0939926658757,0.655768850089982,-0.0474624058697373,1.70229911009595
241441822125664,7525235322085,5.87394538510125,0.623845841259127,-1.89756815088913,-0.14753496960842,-1.10189255082514,0.648140630455567,-0.0460575588513166,1.70397562242939
245824406892020,7657533051369,5.86242692626547,0.611512829050085,-1.90485925774556,-0.154554558673761,-1.10280243773013,0.647502261341662,-0.0263381057884544,1.72396659328334
250286543117461,7792159155244,5.87654102221131,0.624812813714071,-1.89058436977211,-0.140008300273033,-1.1284816697007,0.622094399798376,-0.0290478577371687,1.72152821176191
254829674797935,7929154685268,5.85735034418758,0.604808466020263,-1.88344719982706,-0.132599907104621,-1.12412644375581,0.626720848966626,-0.0213495758362114,1.72949771688623
259455272140402,8068561030949,5.88702506525442,0.633669958549971,-1.89378500683233,-0.142666637930848,-1.15345005877316,0.597668310128323,-0.0113628747640178,1.73975549413747
264164832038609,8210421179092,5.89691716025118,0.642749265664474,-1.90876883966848,-0.157379541472914,-1.14553834777325,0.605850950422314,-0.0141828476916999,1.73720645050387
268959878557504,8354777956873,5.91859338106588,0.663613138774507,-1.89249526686035,-0.140835186096562,-1.15692573483102,0.594734345932769,-0.0407452548388392,1.71091482592495
273841963426436,8501675640549,5.92676200019196,0.670969849897005,-1.90848827175796,-0.156557554992976,-1.15336017590016,0.598570540864823,-0.0364864277653396,1.71544428899964
278812666541313,8651158663707,5.90337937534787,0.646775756274673,-1.89295186870731,-0.140750662349582,-1.13609995669685,0.616101249660879,-0.0459004247095436,1.70630078164819
283873596475876,8803272991947,5.92361702211201,0.666202373010948,-1.91734811780043,-0.164876568100075,-1.1398992696777,0.612572280022656,-0.0379425098653883,1.71452903983497
289026391002245,8958064699587,5.90887785819359,0.650652617340837,-1.9108248858247,-0.158083138873777,-1.13650681776926,0.616234929181659,-0.0331190298311412,1.71962271711978
294272717620928,9115581076745,5.88283070805483,0.62379531325313,-1.91515980777331,-0.162148009506075,-1.12272591586225,0.630285882404984,-0.0165178598836064,1.73649393838363
299614274100436,9275870117908,5.90220005717129,0.642354945750737,-1.91609645495191,-0.162814751145063,-1.14236695878208,0.610914745024772,-0.0153095189016312,1.73797218490522
305052789026703,9438980482792,5.89561534929089,0.634960958109684,-1.92583825485781,-0.172286791130739,-1.12755718687549,0.625994276851577,-0.0137927827890962,1.73975868093797
310590022362471,9604961962025,5.89494217513129,0.63347894057648,-1.92125215684064,-0.1674310786557,-1.11702542891726,0.636795649267678,-0.0282374648377299,1.72558361334721
316227766016838,9773865306521,5.88454434042796,0.622272698416237,-1.93284409958869,-0.17875355225145,-1.10257164365612,0.651518903681123,-0.0207014717161655,1.73338907562108
321967844425138,9945742138865,5.89118869928643,0.628109085264865,-1.91480082878843,-0.160440957447907,-1.11426843283698,0.640091438503543,-0.0336923126596957,1.72066755868083
327812115139346,10120644193844,5.8828930160962,0.619005865043021,-1.91941780387424,-0.164788753523178,-1.11500640772283,0.639622642628231,-0.0200416797306389,1.73458737062042
333762469429204,10298625395623,5.89350076322444,0.628806509649763,-1.92690685694106,-0.172008772416168,-1.10275634890422,0.652141735620669,-0.0354104328434914,1.7194876516814
339820832894256,10479739800382,5.90483279991895,0.639331877865571,-1.93255301215686,-0.177386038139066,-1.08088469994254,0.674282274075249,-0.0629679639823735,1.69219901003542
345989166086993,10664042676177,5.907526018098,0.641218861142113,-1.9275165819563,-0.172080862971002,-1.09935598587617,0.656079733109122,-0.0522263259626925,1.7032093930226
352269465147310,10851590026570,5.90385673311539,0.636743774367364,-1.92124954680912,-0.165545227226447,-1.08997114282101,0.665733176761661,-0.0642089189495891,1.69149540063309
358663762448477,11042439237243,5.92219646810554,0.654278140210649,-1.91338002774864,-0.157407251783681,-1.11256444780156,0.643408328163403,-0.0678248677868396,1.68814790817812
365174127254838,11236648683811,5.91948558599688,0.650762321136068,-1.91295447386801,-0.156713385581075,-1.10239622602239,0.653844862264545,-0.0757077620364726,1.68053332625047
371802666391447,11434277105534,5.92140731005929,0.651879539949912,-1.92142667807639,-0.164917421373259,-1.11052363389172,0.645985622811411,-0.0610298740211874,1.69547938268194
378551524925863,11635384937881,5.92368429899216,0.653352454888715,-1.91691642883234,-0.160139147464523,-1.11433013691567,0.642447144452145,-0.0640106089413166,1.6927666724265
385422886862311,11840033683758,5.92499508219771,0.653859594892618,-1.92820308194496,-0.171157919509927,-1.11767991795205,0.639365244482985,-0.0506849577650428,1.70636020466999
392418975848454,12048285422981,5.89553678710945,0.62359808693376,-1.92103418475017,-0.163721284691606,-1.12828874890693,0.629024151151638,-0.0177867289166898,1.73952617114187
399542055894989,12260203791178,5.89703885721974,0.624297374043888,-1.91651327884756,-0.158932784455609,-1.13307586289011,0.624504631501841,-0.0190225907135755,1.73855790367838
406794432108305,12475853405025,5.91528844018467,0.641744603419212,-1.90827313973568,-0.150425194147198,-1.14785797591321,0.609989969675274,-0.0307301997672766,1.72711774582121
414178451436441,12695300041395,5.91568991332315,0.641344151919506,-1.92031027469784,-0.162195020896626,-1.13623161474243,0.621883639058786,-0.030720898648724,1.72739435515249
421696503428582,12918610636569,5.90983895724639,0.634691699697579,-1.92199475481175,-0.163612335628811,-1.11648559872992,0.641896820453015,-0.0429314789362252,1.71545094024671
429351021008348,13145853436643,5.90038355835713,0.624435232698493,-1.91342081362382,-0.154771371737602,-1.11634987359866,0.642299568287549,-0.0421857456676662,1.71646369621855
437144481261109,13377097511911,5.9103722460568,0.633623279866736,-1.90281122596934,-0.143894903905991,-1.12482748203911,0.634088840024244,-0.0543064139783382,1.70460990808501
445079406235600,13612413424017,5.93245358718559,0.654904407586317,-1.9200281528756,-0.160845093009177,-1.11856689676642,0.640616163100001,-0.0654314127750695,1.69375164709136
453158363760082,13851872990380,5.94648007629439,0.668131109952629,-1.92112789559178,-0.161678240144526,-1.14254469168372,0.61690496376353,-0.0543803637847304,1.70506929166252
461383968273321,14095549187273,5.95552186015993,0.676373533287662,-1.93391891987994,-0.174202810922519,-1.15265289181843,0.60706321713899,-0.0405229236930609,1.71919318526436
469758881670649,14343516402402,5.97993898205459,0.699991720409771,-1.93294932995923,-0.172966909410955,-1.15525037399493,0.604732046553342,-0.0633121537975967,1.69667026675068
478285814165379,14595850038290,5.96595866605639,0.685212894943689,-1.91806026990525,-0.157811679534352,-1.15632947790436,0.603919112466538,-0.0631417939439416,1.69710679642696
486967525165863,14852627465838,5.97623937111348,0.694695515384979,-1.92694195290096,-0.166427334324794,-1.16589777683839,0.594616841737775,-0.0549725168384612,1.70554210173771
495806824168466,15113927133207,5.98755226610228,0.705210750158231,-1.91894560982473,-0.158165104510047,-1.17063182173297,0.590148683581716,-0.0695477097760886,1.6912327955386
504806571666747,15379828112973,5.97339461813681,0.690255865926312,-1.9246753458865,-0.163629095149667,-1.17227964987978,0.588766600857048,-0.0480124978348613,1.71303375290197
513969680077151,15650412007570,5.97406138316728,0.690125818189046,-1.9089089166373,-0.147597061644556,-1.17306599672884,0.588245858263908,-0.0636593447998166,1.69765251019293
523299114681495,15925760983141,5.96474873134866,0.680016776651692,-1.90816780063324,-0.146590482400913,-1.18341156071983,0.578165757512491,-0.0447422445286065,1.71683507370372
532797894586564,16205959381065,5.96922100614756,0.683693084331889,-1.91336588189006,-0.151523241284834,-1.17536453390494,0.586478106700285,-0.0520634658169001,1.70977917478832
542469093701133,16491092532372,5.95002386905253,0.663700402269917,-1.90548085886985,-0.14337303660898,-1.15350577491336,0.608602047347515,-0.0626101107336581,1.69949771152721
552315841730710,16781247544091,5.94421947235242,0.657100882307082,-1.91177519154735,-0.149402328198905,-1.12682392355055,0.635548939797898,-0.0771932315547019,1.68517963179374
562341325190349,17076512571495,5.96240374422632,0.674490452175644,-1.89802201185375,-0.135384247836862,-1.14802263188176,0.614615132135134,-0.0879319757223129,1.67470578829458
572548788435838,17376978215911,5.97716491529718,0.688457342052408,-1.89621057268232,-0.133308048267397,-1.15131544484757,0.611587079567355,-0.101211772765964,1.66169075164896
582941534713607,17682735859633,5.95533123821951,0.665829804146474,-1.91647942573763,-0.153312281046621,-1.13978680572473,0.623380338966288,-0.0706378817558289,1.69252926293518
593522927229699,17993879244688,5.96044886810705,0.670153993126856,-1.91509555187076,-0.151663926877365,-1.16707687592134,0.596354749072059,-0.0498493157792836,1.71358230921411
604296390238133,18310502763805,5.98524710419588,0.694159207785635,-1.93129845173098,-0.1676024862609,-1.15938387974165,0.604312085728427,-0.0661376477219164,1.69755831774816
615265410149037,18632702921112,5.95594404218718,0.664063543380692,-1.91499130195007,-0.151031135681237,-1.16986955399625,0.594090612272581,-0.0426560619380325,1.7213041043308
626433536656886,18960578450279,5.95409996528178,0.661427282670241,-1.90564454277046,-0.141420315233279,-1.17494214675389,0.589282080783289,-0.0450861507561058,1.71913807678108
637804383889218,19294228972656,5.92655868385918,0.633094235591886,-1.89029167196713,-0.125803522544701,-1.16696166805923,0.597526481363203,-0.0408782199956477,1.72360992942679
649381631576211,19633756840400,5.89398366119713,0.599727864982167,-1.89609253895469,-0.131340606883037,-1.12870218302123,0.63604974905042,-0.0407618149183691,1.72399011715328
661169026241482,19979265434378,5.88950620312244,0.594459476227407,-1.90387400076725,-0.138858425135569,-1.11373380478472,0.651281770846961,-0.0434712728019804,1.7215443028297
673170382414498,20330860197416,5.8711464703083,0.575309229560986,-1.90331368567422,-0.138034605425114,-1.09568936564028,0.669589714608823,-0.043716293759644,1.72156278648946
685389583865008,20688648886773,5.89033320825547,0.593705870044533,-1.90467473980971,-0.139132293739395,-1.11777360364795,0.647768842422365,-0.0394577397964895,1.72608470627382
697830584859866,21052739643194,5.88165794219822,0.584240922473912,-1.87756264582276,-0.111756972581328,-1.12937460187823,0.636431071363209,-0.0462935697287321,1.7195121035127
710497411442679,21423244269166,5.89914438501,0.600938099284853,-1.87549505499192,-0.109426293083532,-1.13431729888543,0.631751463022949,-0.0609049070626497,1.70516385484573
723394162736675,21800276146253,5.90110425907187,0.602109122421361,-1.87292698491365,-0.10659527269681,-1.14428471284918,0.622046999367652,-0.0554654370062053,1.71086627521063
736525012271228,22183950186614,5.90688040014356,0.607096827206831,-1.86731848772615,-0.100723963413908,-1.15621844376437,0.61037608054787,-0.0549163438845426,1.7116781804277
749894209332456,22574383131781,5.89327212423086,0.592700529211387,-1.87716316385195,-0.110305965512122,-1.13442476768978,0.632432430650045,-0.0532570676878095,1.71360013065202
763506080338335,22971694145034,5.88751627621241,0.5861570728787,-1.88289163564332,-0.115771901198748,-1.12225913186558,0.644860602578994,-0.0539383837021887,1.71318135074238
777365030238776,23376004855255,5.90711188525893,0.604965486945199,-1.89872444677167,-0.131342314000424,-1.13378914282657,0.633592989944671,-0.0461711708921939,1.72121096187905
791475543941116,23787438559267,5.93066209810786,0.627728917714723,-1.90790514997207,-0.140260756507687,-1.144731689943,0.622912703521378,-0.0495981338899583,1.71804625957442
805842187761482,24206121163361,5.9214404381346,0.61772088812974,-1.90929982997477,-0.141393313306485,-1.13100502197631,0.636901494691978,-0.0527084618806839,1.7151980547876
820469610902499,24632179802435,5.92948833247647,0.624982824895338,-1.9144132155925,-0.14624471306546,-1.1059366397094,0.662231862817645,-0.0807113517075777,1.68745715081947
835362546957826,25065745385449,5.92638374725357,0.621092693700046,-1.90463969670236,-0.136209345517854,-1.12491632485762,0.643514026326885,-0.0684006009250879,1.70002975025942
850525815443996,25506949631706,5.93991481605917,0.633838627706255,-1.92405999172479,-0.155367928940483,-1.11552836373448,0.653163699049822,-0.0718993358314037,1.6967927269529
865964323360065,25955927234388,5.93305850028992,0.626197587880389,-1.96206331974827,-0.193109682278425,-1.1016962477006,0.667257389769241,-0.0408718078397214,1.72808182963012
881683066775571,26412816024032,5.93814229709096,0.630497070938075,-1.96274882694706,-0.193533751562768,-1.10715496679768,0.662060108586616,-0.0398113788105547,1.72940369657374
897687132447314,26877754743765,5.92664051521569,0.618211385203838,-1.96808366081677,-0.198607284146155,-1.09997326089069,0.669503115779926,-0.0301564689725637,1.73931990769806
913981699465491,27350885895361,5.91785368416458,0.608641059749956,-1.96194152371027,-0.192203982238723,-1.09073076373897,0.679006777732568,-0.0367542717140168,1.73298326975753
930572040929699,27832353418219,5.89763530320488,0.587639593416162,-1.96071418072097,-0.190715610791398,-1.0601317808032,0.709866789126369,-0.0483622166793793,1.72163635325019
947463525655375,28322305012390,5.92188643105328,0.611108044492306,-1.94329404481687,-0.173034582629875,-1.10475681698881,0.665502645198181,-0.0454084449447691,1.72485101724222
964661619911199,28820889513006,5.91861139726825,0.607050742110667,-1.94214939884841,-0.171629180462553,-1.09574913489632,0.674771083489538,-0.0522857387550175,1.71823447963084
982171889188038,29328260071951,5.93091942323372,0.618576907229659,-1.95610440894961,-0.185323570281594,-1.09886070084758,0.671920137820438,-0.0475271889008582,1.72325364976716
1000000000000000,29844570422669,5.92544324509799,0.612319275572746,-1.94195301877335,-0.170911695598264,-1.11471575475298,0.656325568422104,-0.0403473468031734,1.73069397637191
