x,pi_x,product_chi2,product_chi3,product_chi4
100,25,0.940768152691305,1.83508644124703,0.609824283758823
102,26,1.04472186344681,1.66901340077412,0.554635944571258
104,27,0.951015519874694,1.51931121818227,0.61525923872937
106,27,0.951015519874694,1.51931121818227,0.61525923872937
107,28,0.867181882982812,1.68190733763037,0.561023089543488
109,29,0.959041387985568,1.5348914044191,0.511983923581762
111,29,0.959041387985568,1.5348914044191,0.511983923581762
113,30,1.05862880925985,1.6942754297772,0.56514863505526
115,30,1.05862880925985,1.6942754297772,0.56514863505526
118,30,1.05862880925985,1.6942754297772,0.56514863505526
120,30,1.05862880925985,1.6942754297772,0.56514863505526
122,30,1.05862880925985,1.6942754297772,0.56514863505526
124,30,1.05862880925985,1.6942754297772,0.56514863505526
126,30,1.05862880925985,1.6942754297772,0.56514863505526
129,31,0.972346968104036,1.55618623153553,0.620180780296332
131,32,0.894218716122216,1.70516739890661,0.570349144196563
133,32,0.894218716122216,1.70516739890661,0.570349144196563
136,32,0.894218716122216,1.70516739890661,0.570349144196563
138,33,0.977753866437522,1.86445887023493,0.62362939950063
141,34,0.901306082310614,2.03725673083604,0.574869596706985
143,34,0.901306082310614,2.03725673083604,0.574869596706985
146,34,0.901306082310614,2.03725673083604,0.574869596706985
149,35,0.98173276408652,1.88299571152765,0.531340487873936
151,36,0.907852754683978,1.74129142502352,0.578410899301866
154,36,0.907852754683978,1.74129142502352,0.578410899301866
157,37,0.986591313442818,1.61259253019001,0.535660534584024
160,37,0.986591313442818,1.61259253019001,0.535660534584024
163,38,0.914928576582716,1.74963447913411,0.496751921247179
165,38,0.914928576582716,1.74963447913411,0.496751921247179
168,39,0.849214393846624,1.62396805792272,0.538415785614327
172,39,0.849214393846624,1.62396805792272,0.538415785614327
175,40,0.919091637046979,1.50922389033607,0.500373121638012
178,40,0.919091637046979,1.50922389033607,0.500373121638012
181,42,0.923841611782806,1.51828766679066,0.433362846479634
184,42,0.923841611782806,1.51828766679066,0.433362846479634
188,42,0.923841611782806,1.51828766679066,0.433362846479634
191,43,0.861505277658871,1.41584100701023,0.467165775651986
195,44,0.928327772940903,1.52566044917099,0.503401401421179
198,45,0.999542206491853,1.4241910390215,0.469920922001009
202,46,0.933376874163462,1.32991580703634,0.505774312405001
205,46,0.933376874163462,1.32991580703634,0.505774312405001
209,46,0.933376874163462,1.32991580703634,0.505774312405001
213,47,0.87325922954677,1.42823989639454,0.473198017436618
217,47,0.87325922954677,1.42823989639454,0.473198017436618
221,47,0.87325922954677,1.42823989639454,0.473198017436618
225,48,0.818451653052413,1.3386005719816,0.50715996035449
229,50,0.821817435933657,1.34488992039333,0.446113676408565
233,51,0.879430867657273,1.43917329796165,0.477388432471067
237,51,0.879430867657273,1.43917329796165,0.477388432471067
241,53,0.882872075882174,1.44480477528652,0.54554536998044
246,53,0.882872075882174,1.44480477528652,0.54554536998044
250,53,0.882872075882174,1.44480477528652,0.54554536998044
255,54,0.830454267325707,1.54214404423574,0.513155294969937
259,55,0.885702896022255,1.64474011369896,0.547294593750062
264,56,0.834260207827656,1.54921163207137,0.583259942545618
269,57,0.888428659204053,1.46018272033205,0.549741605301695
274,58,0.83755105587023,1.37656250336773,0.585295792671891
279,59,0.891091558635511,1.29854075127004,0.552121996983031
284,61,0.894452275571415,1.468194613013,0.554204303484495
289,61,0.894452275571415,1.468194613013,0.554204303484495
294,62,0.949948881809345,1.38715608900781,0.523614422310948
300,62,0.949948881809345,1.38715608900781,0.523614422310948
305,62,0.949948881809345,1.38715608900781,0.523614422310948
311,64,0.850435871569262,1.39217422357809,0.52512051884524
316,65,0.901385173934102,1.47557887269141,0.556580297280103
322,66,0.955024705351712,1.39710939155426,0.526982037270408
328,66,0.955024705351712,1.39710939155426,0.526982037270408
334,67,0.905266744973384,1.47836783682206,0.499525625741311
340,68,0.957420778027346,1.56353924674699,0.528304188679663
346,68,0.957420778027346,1.56353924674699,0.528304188679663
352,70,0.960031617737899,1.56828741731049,0.475913206891518
359,72,0.963167437265508,1.57341002600092,0.530675478818193
365,72,0.963167437265508,1.57341002600092,0.530675478818193
372,73,0.915384742648792,1.49535322313316,0.559902132215871
379,75,0.918204683971098,1.4987226086067,0.506330242605209
385,76,0.873567471363125,1.42586434411666,0.533595709694029
392,77,0.920224716590367,1.35705873496126,0.507846852167928
400,78,0.968849899167365,1.29220483343664,0.483576826934992
407,79,1.01977503419388,1.36012629958041,0.508994815034618
414,80,1.07282270273998,1.43087869761102,0.53547221184693
422,82,1.07525792553292,1.43446074421915,0.486805676874814
429,82,1.07525792553292,1.43446074421915,0.486805676874814
437,84,1.07763243371028,1.43762848535955,0.537259986338014
445,86,0.981891684071572,1.44058403776131,0.538597625421156
453,87,1.03052517391377,1.51193674428061,0.565274582329821
461,89,1.13390811254827,1.51554685814362,0.566624311816717
470,91,1.03562806538199,1.51850961866265,0.567959025421492
478,91,1.03562806538199,1.51850961866265,0.567959025421492
487,93,0.947443825511071,1.38920777668423,0.623401230914631
496,94,0.906532582761478,1.45486491099282,0.596482358891179
505,96,0.830652503025694,1.45803522748576,0.597568542494045
514,97,0.869178147059021,1.39615188325672,0.572205959259778
523,99,0.87091960377323,1.52688705233627,0.573352412277534
533,99,0.87091960377323,1.52688705233627,0.573352412277534
542,100,0.91004551649594,1.46394705255528,0.549718181672223
552,101,0.872730264938529,1.52933677102795,0.527177691264925
562,102,0.911345200381206,1.46717075115372,0.505748442028735
573,105,0.87609123003437,1.66857602304853,0.486184350869006
583,106,0.914147696590832,1.74105718190635,0.507303679375919
594,108,0.915507773210585,1.89378025364336,0.508058450050294
604,110,0.916973672523398,1.89681255031376,0.552227286023224
615,112,0.918296235591717,1.75206122618613,0.553244421701924
626,114,0.919844532307974,1.90200328232999,0.554177221476343
638,115,0.884628045850741,1.82918459343077,0.577153332878646
649,118,0.852545650084601,1.90759446034685,0.601746415326244
661,121,0.888560995776766,1.8386500603283,0.536505263761985
673,122,0.924185737964667,1.91236636645055,0.558015167746983
685,124,0.925703695830854,1.91485839578737,0.51755880630504
698,125,0.891778830304474,1.99058377125492,0.498591492049983
710,127,0.962947179214532,1.84870709395082,0.463054929738138
723,128,0.928326444754353,1.78224073029572,0.480992939508339
737,130,0.92945831144534,1.65729145453202,0.481726116493907
750,132,0.864755916831667,1.65969583149797,0.482329211222807
764,135,0.89834365420692,1.60322379620682,0.501208644353979
777,137,0.96672119913019,1.60545609213127,0.501906516988314
791,138,0.933447393069064,1.66479979585711,0.484631277630668
806,139,0.967726006930221,1.60784693538702,0.468052024315628
820,141,0.96896429211269,1.72708173663448,0.468650935455955
835,145,0.971318057027889,1.6146440655394,0.438214553280749
851,146,0.93890350818072,1.56076062483269,0.453884382346624
866,150,0.941320933205741,1.56440388782086,0.454871770457257
882,152,1.00818453544896,1.56606534961281,0.455354863137307
898,154,0.94367550129975,1.56795616661492,0.45583530483077
914,156,0.884058117609777,1.56979767992572,0.45630399097797
931,158,0.884858247526648,1.57121844860837,0.487876230427739
947,161,0.915806416358754,1.62583553369425,0.473058021206561
965,162,0.946465439254017,1.68026464443324,0.48889487978703
982,165,0.917829184065272,1.73747559507878,0.505608264315405
1000,168,0.89027024498687,1.5818344065636,0.522842013110111
1018,170,0.949025876747851,1.58349919934922,0.523392275266395
1037,174,0.95082067724742,1.58659141834482,0.524222421508919
1055,177,0.923116679374882,1.63841556743299,0.541538055799565
1075,180,0.953166215139924,1.49653734349949,0.525946607398405
1094,183,0.925929156469283,1.45385391411365,0.511002769330141
1114,186,0.955541480272236,1.41287015707564,0.527431358217838
1134,189,0.985811127456675,1.45739354319195,0.512523129484435
1155,191,0.986642354438736,1.45862240418047,0.544112983073751
1176,193,0.931319373792216,1.54792037689305,0.513603496128775
1197,196,0.959968411827057,1.59530199482355,0.499464061293343
1219,199,1.04774666453921,1.64397843409696,0.514703891825547
1241,203,1.04930634616356,1.46911629750702,0.515613615694059
1263,205,1.05026213912933,1.55574175926899,0.516083278218006
1286,208,1.02255963326744,1.51450774286102,0.502448663863998
1310,214,1.02507987405027,1.60496502727296,0.503665560172193
1334,217,0.998427399693209,1.5632353139928,0.547612368882793
1358,217,0.998427399693209,1.5632353139928,0.547612368882793
1382,221,1.05533228955615,1.48344495749549,0.548553011114239
1407,222,1.02785197389984,1.44481680587522,0.563621820566623
1433,227,1.0573469346677,1.48633200124321,0.579860010306786
1459,232,0.978848420543826,1.45002159529186,0.565940671906031
1486,235,0.95463615780248,1.48955664769473,0.581494128661981
1512,240,0.93197433739427,1.45404562583717,0.597732354784269
1540,242,0.886045113018342,1.53142299656678,0.568275123680249
1568,247,0.865328542706486,1.42149817309375,0.614153171151898
1596,250,0.803128804780783,1.459259812053,0.599399645563643
1625,257,0.867477658042945,1.42642153145321,0.586019737770015
1655,259,0.867943664827375,1.42740442347644,0.55805009970111
1685,263,0.869013620740711,1.42920603769151,0.558787366802859
1715,267,0.91328962171537,1.43095019709386,0.532966048759011
1747,272,0.936900861094476,1.4680279735489,0.496700931241097
1778,275,0.960252317510699,1.50461732111559,0.533950118802811
1811,280,0.939131103268549,1.54238480443035,0.522247164333646
1843,282,0.896683660888884,1.47267111921062,0.547568692488757
1877,288,0.897981508547107,1.40815167438582,0.548498052165952
1911,292,0.89890801349677,1.40950270446662,0.549211085376281
1946,295,0.920406639181768,1.44324691473003,0.537334104882294
1981,299,0.921387343430089,1.38068745370311,0.514207997238937
2017,306,0.902552314029444,1.47896389744816,0.503685255556518
2054,310,0.903360886035511,1.41639039741393,0.482311655145667
2091,316,0.904637055215776,1.41818129716044,0.504643581302057
2129,320,0.905344812344287,1.48263104352783,0.527511705917304
2167,326,0.946494058704337,1.55017588859396,0.55147675374323
2207,329,0.888401485194047,1.58486098736185,0.540145018840501
2247,334,0.908612939932199,1.48879927129254,0.507424847979072
2288,340,0.909737656194517,1.55486094091608,0.507968816667386
2329,344,0.949360368568537,1.49274723913465,0.508396508011502
2371,351,0.931472036125745,1.46428636537212,0.459223563863401
2414,358,0.952292543259404,1.4366209387384,0.469440073719347
2458,363,0.972830378598127,1.40932655618011,0.499411999081087
2503,368,0.954446123345657,1.43972537510088,0.48987170024945
2548,372,0.918074908918855,1.49938722782825,0.490270307095377
2595,378,0.919225381945375,1.44270653357625,0.490749216554535
2642,382,0.994710344046716,1.5013585265559,0.510700203767976
2690,391,0.940101100210978,1.47499330522408,0.542175345063406
2738,399,0.906037897124901,1.53483802276433,0.542894479988174
2788,404,0.960249123195652,1.50709008315879,0.553740718857792
2839,412,0.998517326109341,1.50902421882229,0.533995244842032
2890,418,0.96293704539534,1.510981177068,0.534436672105954
2943,424,0.964069189616428,1.45748089092896,0.535051633375429
2996,429,0.982829932560009,1.54132436226179,0.52576416854624
3051,437,0.983907377002007,1.60047084938772,0.545966370842568
3106,442,0.967118724441347,1.63080838681747,0.536593609153146
3162,446,1.00299818980927,1.63171347978461,0.556468843011513
3220,455,0.986636081836996,1.72298332450607,0.567165210209396
3278,462,1.00537304480039,1.69464754781703,0.538573122978718
3338,470,0.972233579513241,1.81866839269033,0.520771241893022
3398,478,0.940296449539333,1.75932261714862,0.52142523804263
3460,483,0.990308387403734,1.79053128380034,0.54917505082032
3523,491,0.958449123841311,1.73284140306584,0.51377024525541
3587,502,0.944034489441956,1.65047172954262,0.489321236375916
3652,510,0.945173823814493,1.59833679319634,0.506493166806308
3718,518,0.977752689039746,1.60020897401766,0.49063699945687
3786,526,0.947276002266476,1.60156113009539,0.507477429479876
3854,535,0.963958376317477,1.57784721280739,0.499929235662028
3924,544,0.94985476215065,1.5545316776818,0.508650343432284
3995,550,0.920745410719405,1.55600041768563,0.509065269337749
4068,560,0.921829015656007,1.65911946686128,0.493850752881424
4142,570,0.89459776466368,1.66117907812018,0.494486316744013
4217,577,0.937884062573537,1.74120987953925,0.518408824263795
4294,589,0.939140010601402,1.79779471704678,0.50340199686493
4371,596,0.954323971721282,1.82688709724184,0.496311040885961
4451,605,0.969926021770269,1.74773109363418,0.504304612593962
4532,615,0.971060250783036,1.80271514644689,0.504941580116989
4614,623,0.943641927493607,1.75179240120453,0.505378144882502
4698,634,0.931118931750099,1.77956459535553,0.513396524552279
4783,642,0.90529848057347,1.73026950243945,0.544545348637135
4870,651,0.946167539674804,1.70731146530531,0.552987001374284
4958,663,0.947344711015467,1.56921046254132,0.569705456588855
5048,675,0.922112668610505,1.5712052071682,0.586751171848838
5140,685,0.897464122399073,1.61758661648145,0.571023100928409
5233,696,0.885971727111151,1.68824234629812,0.563693290067031
5328,705,0.924209689467391,1.66644339894574,0.571974312986217
5425,716,0.912617675787459,1.64543301081977,0.564757035184892
5523,730,0.889481167499124,1.60364703114526,0.580962516008028
5623,739,0.878334666416102,1.54185105246929,0.573641688386965
5725,753,0.902996737812587,1.50348202354093,0.559361785113472
5829,765,0.904004639038071,1.42787371164346,0.559985630921512
5935,779,0.881835991992189,1.46746936799407,0.575432646092467
6043,788,0.871165136155171,1.48784872002441,0.539903493281669
6153,802,0.872188845063995,1.48959038916926,0.554521428503023
6264,814,0.873023972919139,1.45374764123013,0.541032739228959
6378,831,0.885232771279799,1.36678869009809,0.562485449422865
6494,842,0.919729661550167,1.41985392047583,0.528866723175532
6612,854,0.920664332323575,1.49331178747576,0.556149133945512
6732,867,0.932929408182742,1.44101204167098,0.536541306479328
6854,881,0.956887263609257,1.51422555234742,0.537063964840762
6978,897,0.912991760424527,1.51585125112799,0.53767461809286
7105,910,0.88175740757255,1.46396694843184,0.544604321951218
7234,924,0.882684181038711,1.46534514186484,0.558277708578243
7365,937,0.893845855057344,1.44957988235839,0.526982066557616
7499,950,0.92637131106041,1.61049924531721,0.54614956371923
7635,968,0.949089905436801,1.57602054093528,0.534326911453874
7774,985,0.939323432449813,1.56009777335932,0.541075970612965
7915,999,0.98371290716167,1.56145564976593,0.529538568369177
8058,1012,0.995527760169769,1.54517965102316,0.548093387121765
8205,1028,0.974822853587942,1.54662460720967,0.536565406282184
8354,1046,1.01969768942939,1.54829104928129,0.549037689512546
8505,1060,0.998551162030651,1.54983548367019,0.526099147541103
8660,1077,1.01042067622283,1.53489568437751,0.54398744518217
8817,1097,1.01177964457103,1.60374562000681,0.544591165822864
8977,1116,1.00216958809887,1.55489937973725,0.528112173917081
9140,1133,0.992589264795154,1.57286994430786,0.523092860460493
9306,1151,1.03577659761209,1.57426530681122,0.512816973939799
9475,1174,1.0263132810214,1.49689270858729,0.508200241633503
9647,1191,0.976027903368496,1.51369451522699,0.503537300039409
9822,1211,0.997228620226446,1.51510692269388,0.51442220585816
10000,1229,0.978225937290347,1.5166266020737,0.494641911579872
10182,1251,0.959965992954345,1.43017798265893,0.485440416845734
10366,1271,0.960774816718994,1.46019768570779,0.495593744698511
10554,1288,0.97098377474414,1.47563659409527,0.500916204481804
10746,1310,0.917098964423899,1.42075335311415,0.501499358907109
10941,1329,0.909184836153156,1.40826902621526,0.478419662457733
11140,1349,0.892924110404925,1.40957451263871,0.452214999005679
11342,1370,0.919462309289611,1.39756563566589,0.456874005741176
11548,1390,0.854033885468257,1.39882398381774,0.492814637835265
11757,1409,0.895302842641748,1.41302875653364,0.488653430070037
11971,1436,0.871996681362979,1.37613928336416,0.502885919950717
12188,1457,0.896845985562228,1.38998197568249,0.498743611456949
12409,1481,0.913984136853105,1.44235275151983,0.490208868964216
12635,1508,0.939907924412977,1.45672758037527,0.495153416828237
12864,1532,0.974684724351861,1.40746502994699,0.513528788386759
13097,1557,0.967031341315738,1.39650731171049,0.518528234894078
13335,1583,0.918643637678365,1.49846736394159,0.51905866341238
13577,1606,0.94348733747102,1.53891545934027,0.533049154045189
13824,1633,0.952576934185181,1.47617673189033,0.538125553814708
14075,1659,0.953477913588098,1.50272557153368,0.538607201769192
14330,1681,0.954198574567397,1.50388586303285,0.548140284140186
14590,1708,0.947152023088257,1.44412199511049,0.562458146207125
14855,1740,0.93285235993486,1.46968212303611,0.527216121543577
15125,1766,0.933519760354464,1.49517970224183,0.510751216690419
15399,1799,0.942168147202166,1.55888581260286,0.532345958861366
15679,1830,0.92074340838064,1.52348652603115,0.545787754052721
15963,1859,0.914268536176284,1.56168762302489,0.550574863305985
16253,1889,0.915063579709486,1.51473050472472,0.577762676408858
16548,1915,0.944869135740459,1.53983372341784,0.560409132225407
16849,1944,0.909942118348526,1.60206416795427,0.556654483994349
17154,1975,0.903702711623392,1.64076886640327,0.536304395606964
17466,2007,0.877324309699417,1.59275090396107,0.570496287119634
17783,2040,0.884702392435168,1.68043714851,0.566688290432633
18106,2074,0.885359390648376,1.68176969961493,0.558832322593467
18434,2111,0.919583130102549,1.67078436765469,0.572008094693898
18769,2141,0.933930568094935,1.64803445434766,0.564136709702815
19110,2169,0.934591096409195,1.62551953019199,0.556322890034088
19456,2205,0.949020516087396,1.60378053125269,0.525632765890212
19810,2241,0.963520950921171,1.62815255546357,0.541289540586733
20169,2281,0.978239140429418,1.65305979781643,0.526669148662565
20535,2317,1.00701081736032,1.63150939100265,0.534645717115041
20908,2352,0.97337500034267,1.62148263857109,0.561699192161218
21288,2391,0.941295123920021,1.70326792610863,0.528510864577987
21674,2433,0.955046242355942,1.77609886276132,0.536263949548787
22067,2473,0.917976228234374,1.75389221937392,0.551466766893706
22468,2512,0.924917146662066,1.69765585239936,0.555597851079062
22876,2554,0.913599040857729,1.63274104009852,0.520323300708176
23291,2596,0.914548972244114,1.65595996237304,0.507283468447755
23714,2637,0.933450879770261,1.6467072176192,0.524557224662953
24144,2688,0.990368115621435,1.63765467734624,0.528547113223116
24582,2725,0.972262099682654,1.58721825398504,0.512313075331957
25029,2763,0.960683888334839,1.58843103737537,0.499862156257465
25483,2810,0.967752285033569,1.48388796798072,0.509886787250808
25946,2855,0.974772041611787,1.57094884473641,0.526458710146868
26416,2901,1.00013382130663,1.61156680979721,0.507765065799361
26896,2951,1.0643014473975,1.61314684333184,0.533774527897035
27384,2993,1.01454371318958,1.65401566332769,0.540716839972488
27881,3042,0.99740768773609,1.62574078612923,0.571329429432405
28387,3088,0.974741199820185,1.60771191673225,0.558327509992555
28903,3146,0.95300791365163,1.5718340033881,0.552315784388721
29427,3197,0.926557181576885,1.58249923381688,0.556034928474346
29961,3243,0.938192239349703,1.58364237759717,0.54362042799694
30505,3293,0.928261441361096,1.58484549843163,0.519635278517638
31059,3345,0.983663651392239,1.58614359048304,0.514206076388882
31623,3401,0.973411917183795,1.53476442556088,0.526430605771871
32197,3454,0.936736349639336,1.58010541343749,0.518154170082619
32781,3514,0.948144335701881,1.69050388908232,0.490662517558654
33376,3574,0.928440477855541,1.58390693598369,0.491063659844223
33982,3637,0.965512183407157,1.55967967355503,0.50509092089094
34599,3695,0.955966428413352,1.47912549521321,0.522119164405999
35227,3754,0.931396158234053,1.53680228593719,0.508824280883179
35866,3810,0.91254386352678,1.58784994304447,0.514641397525207
36517,3870,0.94246141969136,1.62294934903503,0.520523751728106
37180,3938,0.914243493402641,1.62434573580164,0.504992770645638
37855,4003,0.939141185410673,1.63435797845824,0.497688708420295
38542,4059,0.94941087175744,1.5539488702609,0.518872207288559
39242,4134,0.945502165301263,1.61155321428927,0.538076866971747
39954,4199,0.913508572149809,1.49575220183156,0.541137189530834
40679,4260,0.882930299229264,1.44555502737592,0.555192690023136
41418,4334,0.901250437305387,1.43279943954056,0.534215906073556
42170,4407,0.888833079985014,1.49876167525732,0.54789557855066
42935,4487,0.898304867567515,1.54463008238055,0.517376502446813
43714,4553,0.890385494472814,1.53099117528929,0.512843774415895
44508,4626,0.930199527002705,1.55431213943818,0.510878824064304
45316,4700,0.904962247916458,1.57037349169135,0.497015106240713
46138,4772,0.940288341624052,1.58644364125218,0.483708425407207
46976,4849,0.902592459813897,1.49491856900621,0.477419146702499
47829,4930,0.924377170732302,1.47576026941708,0.4889135096221
48697,5008,0.933632719165147,1.4904729275302,0.493766313417673
49581,5093,0.93867346337354,1.5816549950081,0.487556433807054
50481,5178,0.894360836296922,1.50694074815245,0.498964352317197
51397,5256,0.894960727972336,1.50808779548848,0.512804448120458
52330,5349,0.915519003239668,1.51576019441305,0.515566883127718
53280,5435,0.948663628546984,1.47816375674509,0.525097863259658
54247,5518,0.95351535263817,1.49847521103127,0.537003528159811
55232,5612,0.970733380650284,1.47439184584978,0.523837676207006
56234,5703,0.97561979269265,1.49454506702001,0.517650219261468
57255,5806,0.972448018298946,1.46463417683574,0.533629558811573
58294,5902,0.973263833826033,1.45358384968416,0.529604369537789
59352,5998,0.982134693330319,1.40782341691362,0.525707117604522
60430,6095,1.0031567726479,1.43817756539628,0.528313435045785
61527,6189,0.995974484381631,1.48669928658935,0.537404752841853
62643,6289,0.957558829461275,1.49980181639018,0.53786270977749
63780,6395,0.943215013849097,1.53742270565801,0.555628189548623
64938,6490,0.962722652153866,1.4966980646955,0.562663445099896
66117,6602,0.941191740634708,1.49787768059385,0.558727264956104
67317,6706,1.0021009648085,1.5581590856323,0.554873481496977
68539,6816,0.943198387987821,1.58340437490662,0.534423244695024
69783,6918,0.915539427860701,1.59647212340364,0.534851734356084
71050,7036,0.937252869542593,1.57403606645094,0.551638752610843
72339,7159,0.948650813489159,1.5348177321319,0.546041625449588
73653,7273,0.956431537409311,1.480006663063,0.518958465734634
74989,7393,0.936327515594739,1.48114996499123,0.515607842476893
76351,7512,0.947514963783378,1.46628958948914,0.510429537908761
77737,7641,0.91807699685991,1.451700849733,0.53921333403217
79148,7756,0.915539088867352,1.43734134527872,0.557254215835295
80584,7884,0.942657357194096,1.41834906342315,0.573667779034982
82047,8025,0.960194843664892,1.39512333891184,0.572116568915674
83536,8152,0.937826776811501,1.44069796683044,0.562665779372802
85053,8282,0.958230454575278,1.48196912861132,0.586862923373516
86596,8420,0.978811441093933,1.42359469114294,0.541182707593936
88168,8553,0.976230435900842,1.37267021145563,0.532504339779707
89769,8691,1.0035349941178,1.45927340362142,0.532891457475088
91398,8839,0.964984058292447,1.50988141034289,0.544067841880843
93057,8987,0.985020791305952,1.52108977398171,0.55170464573078
94746,9134,0.950944984804746,1.53753797390221,0.56125538076355
96466,9290,0.97030223516808,1.63090202075169,0.547408431878082
98217,9432,0.952554683084303,1.62149252176368,0.544237848909957
100000,9592,0.971672466921429,1.68595101232552,0.548054790262091
101815,9749,0.987842043284012,1.65058562078631,0.529866727262857
103663,9905,0.982485332188854,1.68298216091811,0.530228620319293
105545,10071,0.930022232088977,1.66391255408603,0.537329208493874
107461,10232,0.945029924030247,1.70122535994756,0.52313333740065
109411,10401,0.920277168642663,1.68710810072701,0.52832823258263
111397,10566,0.923738478501335,1.64335214522487,0.527203663562249
113419,10745,0.905436794056078,1.58212359570932,0.529195277092893
115478,10912,0.936082871964181,1.59750131966113,0.528001738688356
117574,11094,0.915150372261475,1.62704216385177,0.510141155806407
119709,11274,0.910573252738122,1.69589546950897,0.49304081635282
121881,11463,0.877838928028943,1.71213611927915,0.489233450218383
124094,11655,0.888611789546541,1.75325122832252,0.473143943767576
126346,11851,0.859759860638587,1.67711972178452,0.484350815123833
128640,12043,0.870079586211809,1.61388908397317,0.476639580952011
130975,12242,0.887944916117744,1.69300101893141,0.478317619627482
133352,12447,0.891009873120277,1.63483127246607,0.493364586801485
135773,12649,0.916239676153173,1.60091773384996,0.504590958783005
138237,12860,0.899842577361072,1.58070055798677,0.506349044320945
140746,13075,0.917549086109621,1.62055957717954,0.502685491384195
143301,13286,0.935454028412714,1.59185200517753,0.509728800635684
145902,13498,0.931291432024663,1.51937776111166,0.510083983838816
148551,13719,0.949204990789976,1.51652450374919,0.501232449449263
151247,13955,0.949953788776333,1.59808347374628,0.501582992698508
153993,14187,0.970284485853628,1.60753760145728,0.514928203624354
156788,14418,0.953908574748804,1.62924272988387,0.503704245474407
159634,14652,0.94981250076579,1.63041145781693,0.524717796227155
162531,14889,0.929475992759559,1.61971545470016,0.534360377321944
165482,15132,0.941752514937859,1.58549553243486,0.51526566953675
168485,15373,0.940137374695376,1.54441571090776,0.514365576340861
171544,15627,0.931730223981627,1.59891659894729,0.540400823112473
174658,15889,0.959728983782259,1.62347866538806,0.546052230364343
177828,16144,0.962804717025258,1.59762778706637,0.539941709804108
181056,16418,0.977446988670962,1.56887209701647,0.550695902428041
184342,16693,0.985107592646248,1.56649289645287,0.549817131448594
187688,16979,0.981270131657026,1.55317414868836,0.550333722518925
191095,17253,0.959577671499741,1.56148627954715,0.55830853617748
194564,17536,0.949531314839873,1.54504781680593,0.532620045000229
198096,17829,0.927008518699523,1.50826630648115,0.529414726951514
201691,18116,0.972425959441689,1.56072917323182,0.540625864987856
205353,18410,0.990672791734377,1.52760118496629,0.536255816866029
209080,18724,0.991355505278683,1.52192217077526,0.555870500420809
212875,19036,0.979216293050028,1.54962856668564,0.534932858607259
216739,19340,0.954863806509672,1.57089616479968,0.537611202767255
220673,19667,0.94948419559896,1.5957892579123,0.534514526257883
224679,19994,0.956246753683975,1.60694634340145,0.520323676033446
228757,20326,0.973176596870647,1.64201386508023,0.531807865316167
232910,20670,0.953974772567041,1.58939898774509,0.525618856928556
237137,20992,0.94288818216321,1.56437758346142,0.526014153308415
241442,21339,0.93009693929757,1.56880628197337,0.525303621243035
245824,21699,0.919491790691066,1.5138011446078,0.521481318066223
250287,22065,0.935164190641897,1.5835494503648,0.521938103347424
254830,22420,0.948926558492441,1.57526757122058,0.553342401510706
259455,22794,0.94964897863809,1.60153859836933,0.530269547151713
264165,23165,0.944717739002605,1.59976733642095,0.544284209211568
268960,23558,0.950778446198939,1.59169007235958,0.527089680095991
273842,23945,0.960645493921649,1.58371788928614,0.522456325336021
278813,24345,0.928963475268701,1.57289608703385,0.512925387888007
283874,24747,0.901959681112735,1.52157021039261,0.541088127136886
289026,25142,0.956409172182417,1.55428223420589,0.536461073362089
294273,25556,0.982274886978668,1.46052615108605,0.531007775401897
299614,25967,0.973992114681804,1.44812084949072,0.542215303673613
305053,26415,0.953649356193815,1.45437595226876,0.556623101812553
310590,26847,0.947495108237534,1.47116856082387,0.551038199077259
316228,27293,0.965227958602489,1.47744653270895,0.54165513191183
321968,27765,0.919165043104691,1.49428810665987,0.555663080849465
327812,28233,0.907047661426612,1.48995359379671,0.550214314595299
333762,28702,0.887439977932623,1.48830622782987,0.563130130056037
339821,29173,0.908248591653124,1.45141031088718,0.558624572400967
345989,29655,0.902685147882325,1.46249832282854,0.56868737093423
352269,30153,0.891225851706692,1.49372841677154,0.544638267877537
358664,30652,0.89341960626384,1.45287517040426,0.520859549416849
365174,31155,0.901490106448734,1.46598929665305,0.52380422689555
371803,31651,0.932383435611321,1.43823740383519,0.510497766152577
378552,32181,0.936214210001673,1.45320612378697,0.5158060616789
385423,32717,0.961464863142951,1.45424485987562,0.509517130251326
392419,33266,0.939355159508085,1.41613051382944,0.522269883631097
399542,33823,0.94449346493996,1.41045261530984,0.521864899484664
406794,34360,0.940602287853349,1.39165087371017,0.505263634869752
414178,34926,0.926695479502912,1.4504351854049,0.513577138158231
421697,35518,0.933027383845331,1.49254404574696,0.538353629940844
429351,36099,0.940821906173745,1.51427928246069,0.523235265998777
437144,36731,0.921713976327264,1.53386679715616,0.509513632767509
445079,37353,0.933561736664155,1.5119015739545,0.516077704878735
453158,37947,0.953813274213008,1.52193310653954,0.525725008107454
461384,38564,0.944606180752425,1.49835688823748,0.529999079577902
469759,39205,0.966211809808495,1.56914789726461,0.509755570964803
478286,39872,0.932420389741966,1.56810266770012,0.527416276749293
486968,40524,0.909148436845799,1.62904361715899,0.512772883919104
495807,41221,0.934808696531455,1.6418749464933,0.521312423507339
504807,41892,0.926259166106281,1.5994535628764,0.512135361725957
513970,42590,0.91402103343182,1.58698702096941,0.528499184089211
523299,43311,0.928772053722346,1.64412251381358,0.545981637310375
532798,44039,0.968629828185854,1.61389648900814,0.537414599821561
542469,44759,0.969275192394687,1.5377147049958,0.537809268607564
552316,45500,0.947836370056544,1.53666107506187,0.538884699665318
562341,46243,0.949723202961756,1.56469789643822,0.521460640976496
572549,47020,0.946622488596918,1.55542258153,0.521121620866517
582942,47808,0.952232628024147,1.57287505753907,0.502648686545527
593523,48616,0.985825831825102,1.59448940087885,0.510913839096823
604296,49423,0.967506086337142,1.56101918218483,0.519862866697427
615265,50247,1.01908084648585,1.57823097022464,0.509609807602525
626434,51082,1.02370456051505,1.55735921285992,0.513208440254669
637804,51933,1.01040035816544,1.61639487398419,0.502685585068108
649382,52775,1.01603777952666,1.62952330455025,0.485765321333431
661169,53661,0.999304446928777,1.63469302635663,0.492137875295358
673170,54549,0.98302968625719,1.6278443002972,0.496060702006891
685390,55463,0.948464193487082,1.63700990403108,0.506060743155014
697831,56397,0.981707216972384,1.59929712412339,0.500288104722054
710497,57340,0.988171612142859,1.6292679526858,0.523197564600166
723394,58294,0.956690049563346,1.60748435116086,0.51252830257107
736525,59274,0.955068254678015,1.54586112127651,0.520148205323288
749894,60230,0.940250421002453,1.56845367301364,0.519333650271638
763506,61241,0.907895223799383,1.56774904295156,0.537246117714179
777365,62270,0.899131691787311,1.57066018228362,0.546861128398937
791476,63320,0.901702494022301,1.62942008462951,0.549744296715977
805842,64386,0.910409802991351,1.57661822837002,0.562601420334396
820470,65453,0.910071447288314,1.62204860731724,0.551225671869074
835363,66554,0.934009704397428,1.6395101564414,0.543748184254279
850526,67661,0.9355334824753,1.66766772349824,0.539981762686703
865964,68794,0.947337957799497,1.66331224913605,0.561179461197405
881683,69955,0.949008511030815,1.64154194128267,0.563355820733644
897687,71117,0.927656521439455,1.61163532788147,0.55545161299981
913982,72293,0.91476444018766,1.58266014830985,0.54882153334347
930572,73515,0.921073109924761,1.61363965790454,0.543505296208608
947464,74728,0.918775703898426,1.58994457176499,0.553419167388012
964662,75967,0.914688816271339,1.61548928474406,0.535374320626454
982172,77223,0.906068093376957,1.62312722219672,0.547795302189634
1000000,78498,0.887749562975587,1.56172557110266,0.546460764604993
1018152,79834,0.915308702574671,1.60055184049026,0.55227578464478
1036633,81176,0.916029636394116,1.56104278933561,0.559239667589898
1055450,82508,0.922035525946536,1.56221568393655,0.567362379864492
1074608,83871,0.934368937219882,1.54964433875523,0.563910440400907
1094114,85295,0.956762731694308,1.56276576736876,0.564257567669687
1113974,86747,0.951880941625721,1.53718570591949,0.55614274642545
1134194,88195,0.947269596438871,1.54701142127321,0.535894319918938
1154782,89647,0.947747012456629,1.53931022404388,0.539222072342666
1175743,91172,0.944057668469963,1.56177444127758,0.548188869273804
1197085,92729,0.949061430491544,1.52173807400223,0.534123665123154
1218814,94264,0.955753974194983,1.56922212909838,0.53295157349662
1240938,95808,0.94104383891073,1.5310971278313,0.540041427322532
1263463,97429,0.945913420087257,1.55846360604644,0.532254360076881
1286397,99064,0.934019281232522,1.56638444918499,0.526474864697234
1309747,100709,0.955319365304688,1.58262483791765,0.494161960170019
1333521,102391,0.934518762477159,1.56998205941307,0.500538570758433
1357727,104096,0.942395945271436,1.52703279654844,0.503890700796718
1382372,105861,0.929401673932653,1.56370321760303,0.499565141290023
1407465,107627,0.936342328830375,1.583369025202,0.49983724096262
1433013,109422,0.936163584989972,1.56978399876842,0.508973248348574
1459024,111268,0.927541656047847,1.57335302648484,0.516064944733556
1485508,113138,0.928181128154587,1.54094320483492,0.526694307849932
1512473,115064,0.93183477897287,1.55454957309853,0.537446192824955
1539927,116958,0.947545438084069,1.57830272968802,0.5206764729831
1567879,118919,0.935283790070327,1.54038846862349,0.52735096223348
1596339,120882,0.962260240697297,1.54258203996423,0.518120277050619
1625315,122906,0.978179220664988,1.55344167076703,0.513532105391954
1654817,124976,0.960687228769698,1.58377289139726,0.500373384726872
1684855,127071,0.956158336108553,1.57874073761751,0.511989858300394
1715438,129203,0.977537181016552,1.53661287991881,0.517095148022056
1746576,131351,0.985536252870257,1.49165224913529,0.518194325705909
1778279,133551,0.956812761775556,1.46583939256482,0.516980402962912
1810558,135815,0.992269202493544,1.47117119422798,0.525070189894444
1843423,138083,0.963812765810599,1.44630820922138,0.514574835089657
1876884,140429,0.95459298759789,1.4558076042497,0.524066613143068
1910953,142783,0.977705942406191,1.41706683928348,0.525918735094317
1945640,145204,0.963611504047873,1.45610882917881,0.508045157210561
1980957,147606,0.965553547253918,1.45293350582463,0.504034971999185
2016915,150121,0.95328936455727,1.49663148551073,0.50397659181443
2053525,152620,0.961261037784637,1.47978586149686,0.499731991003
2090800,155185,0.99105939889821,1.48385248583683,0.523146191870689
2128752,157791,0.983577058315104,1.46436578421346,0.515654499979466
2167392,160446,0.963564441837945,1.48431553851677,0.530579530505015
2206734,163126,0.960247868681542,1.51771144428095,0.528715743583487
2246790,165861,0.942412604475652,1.49546728659821,0.529429786770837
2287573,168662,0.944839156304008,1.49953083472165,0.538623735517823
2329097,171477,0.932332925410539,1.52539024978953,0.530875653678119
2371374,174346,0.914184419244244,1.52725446123573,0.542791003458218
2414418,177270,0.906485134562561,1.5086307239838,0.53964215545672
2458244,180241,0.892626219043639,1.48942852886919,0.542361658224577
2502865,183270,0.897260161257912,1.46880606764319,0.52743833247533
2548297,186338,0.937078836808512,1.47900677311846,0.517844616578635
2594553,189501,0.948819843719922,1.47343457133957,0.530276915989087
2641648,192684,0.921090516568741,1.49546736602716,0.530306128720867
2689599,195930,0.935265460830446,1.51287435722295,0.541118556607853
2738420,199214,0.936898700045293,1.47017088943636,0.536873928977194
2788127,202566,0.934010513174145,1.54725434583365,0.532665210761437
2838736,206035,0.94065182091993,1.53090488562338,0.530102707868954
2890264,209466,0.939586207017617,1.53453117351398,0.530730912710332
2942727,212970,0.898173514568817,1.51572512016554,0.534757777967138
2996143,216548,0.889381693425204,1.5272755965903,0.537567468685268
3050528,220171,0.898631148116124,1.54323903773091,0.52655951229061
3105900,223888,0.911165486489426,1.52770201448883,0.521814786822537
3162278,227647,0.945816826690707,1.6019435502065,0.533171822592018
3219678,231549,0.945357914087347,1.59038807911451,0.531721409307527
3278121,235472,0.929756931224916,1.60812789180094,0.539433748918228
3337625,239395,0.924742532222334,1.69712529705513,0.532417856043499
3398208,243430,0.941097786699796,1.69723550909356,0.53248794202658
3459892,247549,0.936020258187458,1.67532218985213,0.54007521571806
3522695,251637,0.946630713064324,1.66369705817012,0.550256497501609
3586638,255835,0.921303591189617,1.69508029944951,0.531043752717749
3651741,260166,0.940968868636236,1.69156397266253,0.543472030929803
3718027,264586,0.948415336523005,1.68726766523997,0.548391951335513
3785515,269037,0.930950066158047,1.64106647535939,0.550090702357437
3854229,273593,0.947855884623803,1.58924989444668,0.528871868704747
3924190,278195,0.938867437508959,1.61287003598926,0.541681675843225
3995421,282851,0.948949932363311,1.58971370739511,0.54141180200249
4067944,287649,0.97642260255225,1.57648233298484,0.537442982281232
4141785,292469,0.980711262504946,1.58351547707151,0.528308108259437
4216965,297434,0.966597536731465,1.55753616143017,0.53514826938173
4293510,302406,0.970847121206756,1.55682032984805,0.526692079022222
4371445,307472,0.97991530651252,1.53701559037117,0.542425478519849
4450794,312719,0.975397565002239,1.53870747585394,0.539414664574387
4531584,317985,0.981500900590782,1.54252334799438,0.537236781410192
4613840,323362,0.965228884045429,1.56163943329706,0.515647336000553
4697589,328818,0.982902657309538,1.57432478767072,0.528056078749561
4782858,334343,0.983055473339977,1.55445984979716,0.535431908381887
4869675,339985,0.977435100090024,1.57829200501145,0.528025237311646
4958068,345773,0.974516288220423,1.59359056049494,0.531188540662194
5048066,351600,0.948820071039295,1.59530337169397,0.534582754701388
5139697,357538,0.959616209933973,1.54188269803942,0.528357353659855
5232991,363554,0.950057898805856,1.54258714003759,0.513093904456597
5327979,369707,0.900345018057605,1.56438267462541,0.524487683084202
5424691,375946,0.919295859906502,1.57412936612558,0.534163843740991
5523158,382263,0.931275931339909,1.6136675525459,0.538401052634303
5623413,388683,0.922411587372085,1.62424942276696,0.532772080795958
5725488,395255,0.94736618648769,1.59545374557231,0.516776695509043
5829415,401875,0.939256196686263,1.60978091974354,0.526215409327479
5935229,408733,0.938234991423702,1.63497567539539,0.531280596586765
6042964,415611,0.93807574746607,1.59622852755877,0.523844842998321
6152654,422624,0.932987355443488,1.58223661161478,0.529493658439879
6264335,429751,0.949812074183965,1.57993963397206,0.530398576986201
6378044,437017,0.948907756389592,1.64511397293472,0.530296534398881
6493816,444359,0.9405399822433,1.64075856580726,0.532631922573608
6611690,451916,0.931853036206726,1.62212558247938,0.515519494737766
6731704,459542,0.955714093216579,1.60800337504064,0.510658924902552
6853896,467311,0.96689090150482,1.58150543508134,0.521065522770208
6978306,475273,0.969674246282517,1.60050544275225,0.50997111545091
7104974,483360,0.974242126183755,1.57318512861671,0.511222149835052
7233942,491462,0.953924081587053,1.58228705538291,0.502809115158804
7365250,499769,0.937345486894015,1.59317306443247,0.501799285535296
7498942,508193,0.909447231387752,1.58030931594925,0.494026481132151
7635061,516796,0.923000396195785,1.59103963813753,0.493715949038861
7773650,525520,0.945777367470395,1.59298275298901,0.494704729486854
7914755,534434,0.92235262550048,1.54127626292695,0.500691962444308
8058422,543449,0.927740663150578,1.53944119732873,0.497264700291558
8204696,552607,0.915381301032796,1.56436856959941,0.501360683850464
8353625,561992,0.92007358570863,1.57010263017922,0.500425138878298
8505258,571452,0.909812802434252,1.57103592875408,0.528653081660339
8659643,581194,0.909736852427343,1.557142635616,0.519639781231806
8816831,591049,0.936797319716592,1.51482742687762,0.515581050917191
8976871,601015,0.934151583166287,1.46459882842495,0.533820303315895
9139817,611150,0.923129249509029,1.43511748052753,0.535674984240097
9305720,621541,0.921570591470241,1.47079978785659,0.545068115901254
9474635,632013,0.923374269480238,1.446834082541,0.543266214615447
9646616,642742,0.944125965311533,1.47555237704781,0.538881112398754
9821719,653633,0.931674535537696,1.4988486392575,0.536608922958106
10000000,664579,0.945909275286229,1.52166394202905,0.539992353402168
10181517,675856,0.952572875114098,1.52974297418861,0.543539455393524
10366329,687277,0.922413620181656,1.52811403758264,0.541924274557017
10554496,698973,0.904931438775497,1.48799524671143,0.532262496142243
10746078,710860,0.920313526707635,1.51235329100053,0.539312738254928
10941138,722890,0.912984646225617,1.4885110612599,0.560921483020172
11139739,735119,0.897961959108833,1.48699916233637,0.573641701316285
11341944,747562,0.919899825229116,1.47588877310103,0.570664703064032
11547820,760259,0.941672881634545,1.47200215331467,0.573209781375114
11757433,773158,0.967690914302411,1.48713740658586,0.561091058822425
11970850,786277,0.990133878635209,1.49439690542049,0.553179260901434
12188142,799574,0.97128702180116,1.56520904045638,0.549849718846784
12409378,813176,1.00918388786822,1.50393062748708,0.540249289697216
12634629,826954,0.985984473486601,1.50577211357174,0.53625960376113
12863969,841020,1.00376946586461,1.49651465779256,0.539539211368406
13097473,855125,0.979751502016425,1.49016032416874,0.520567684611095
13335214,869641,0.984579713937741,1.50166216069919,0.523432232954969
13577271,884316,0.98545278293712,1.51357695678602,0.528503654467785
13823722,899375,0.979909609482007,1.5059213730179,0.524905992927819
14074647,914607,0.962241326860067,1.51973054177811,0.525535052382288
14330126,930121,0.977167387116335,1.49501804514704,0.529449323621406
14590242,945949,0.964924821893789,1.52519590290807,0.545560585289517
14855080,961999,0.967016269432336,1.49447098807289,0.55212352625419
15124725,978239,0.970546474348778,1.51377469004057,0.540550346998211
15399265,994793,0.927897641784798,1.5683144188199,0.536991968646262
15678788,1011735,0.898722725241556,1.57791873465297,0.532953695476908
15963385,1028912,0.931705357149931,1.54385326776316,0.527768411001585
16253148,1046336,0.927180572823443,1.54680934586522,0.530088699939251
16548171,1064053,0.95209232291988,1.59688908283472,0.522976686042578
16848549,1082173,0.938218406153231,1.55913240698249,0.52249439365351
17154379,1100583,0.932856857382021,1.53890441768198,0.522287346777622
17465760,1119278,0.924715405505147,1.5594741300363,0.521458986567
17782794,1138288,0.938961087791337,1.57139312087997,0.521002452757169
18105582,1157615,0.930847707723051,1.58896257637331,0.520201063091009
18434230,1177257,0.940149271102703,1.56846757226098,0.511801175719961
18768843,1197269,0.923771806058047,1.5957081570335,0.514211583299461
19109530,1217534,0.948586781372789,1.60588544874175,0.519373455696748
19456401,1238277,0.953225149672259,1.59329139819232,0.522381029814837
19809568,1259259,0.936679841515622,1.61162750746192,0.530093123622307
20169146,1280675,0.938477968646534,1.61682035672178,0.524969036575754
20535250,1302354,0.935003511029843,1.59583223465315,0.529592849405994
20908000,1324509,0.929551549519203,1.5582709132204,0.527655767338567
21287517,1347005,0.92639020107501,1.55236955028019,0.524035972308495
21673922,1369877,0.931005196943384,1.55652417966821,0.510269729848357
22067341,1393273,0.946794108943137,1.58362399128797,0.503819402617111
22467901,1416747,0.922732358538317,1.55513735258512,0.51732012579799
22875732,1440884,0.931586324091868,1.55371538729742,0.518336154615411
23290966,1465398,0.941409702197669,1.57295451735145,0.512415274467197
23713737,1490302,0.937603299798396,1.63336531687388,0.521005438318136
24144182,1515579,0.90509010600962,1.59362900085759,0.507994173641967
24582441,1541434,0.9232532070495,1.62405048063403,0.502834199631228
25028654,1567644,0.921862795744538,1.5875893985897,0.503909821618612
25482967,1594195,0.921110609861902,1.57675116692713,0.505483604418803
25945527,1621337,0.923081322323608,1.57639159857893,0.494502739758843
26416483,1648930,0.929516144108216,1.62069541718633,0.513183473587846
26895988,1676958,0.948943045860964,1.64368847951825,0.516838556597849
27384196,1705456,0.935315023113379,1.64145248015166,0.527330445089092
27881267,1734488,0.935095765324098,1.61135623097799,0.534447535576239
28387360,1764023,0.933335395471779,1.58116624621276,0.542975943045317
28902639,1794013,0.947527020790719,1.58606175384413,0.540615384929647
29427272,1824482,0.959117446486804,1.57838407838201,0.536973957801801
29961427,1855591,0.95272728640186,1.6205997176596,0.537740194359862
30505279,1887224,0.958575059014292,1.57176710832975,0.541093600137442
31059002,1919359,0.966910049554013,1.55639088829034,0.531804546582364
31622777,1951958,0.968947527554518,1.55913520917563,0.543688755901627
32196784,1985179,0.959011502858209,1.59654282770042,0.548727132850453
32781212,2019000,0.931072149698548,1.60793964595321,0.546796531360358
33376247,2053422,0.938737642434826,1.60823378198078,0.540275777599451
33982083,2088342,0.94503139110981,1.59743583991374,0.528964127216556
34598917,2123725,0.934439313485656,1.57526050184615,0.525235110426534
35226947,2159808,0.934758143833317,1.56154084119741,0.532785083394935
35866376,2196599,0.946147489250956,1.57153291032627,0.524662826875228
36517413,2234034,0.944215094085955,1.57105381715117,0.536305905510501
37180267,2272062,0.971507270998499,1.57034640534897,0.529140557549264
37855152,2310724,0.956228280870058,1.55032996033551,0.515072250154084
38542289,2350143,0.968476146280669,1.57169250375096,0.495813889607681
39241898,2390256,0.96914207141188,1.5733168360355,0.506272943453612
39954206,2431043,0.963665924268347,1.56939664670876,0.513927283485862
40679443,2472423,0.969636845950752,1.54597826514909,0.514018031605312
41417845,2514546,0.968503982917102,1.57145023584717,0.514195998157592
42169650,2557301,0.968607807189595,1.58423044552796,0.530219073804918
42935102,2600854,0.945808120751387,1.55391079348612,0.537584756662591
43714448,2645131,0.957985055925323,1.5836620237807,0.53921459403955
44507941,2690184,0.969675946175044,1.55395211490394,0.541978799736618
45315836,2736185,0.947962219873961,1.60159883746498,0.544129743289955
46138397,2782854,0.923665449241773,1.60172854514765,0.557235381437183
46975888,2830305,0.939800900261382,1.58495554699979,0.549197115045519
47828581,2878472,0.963049232103644,1.5980419770444,0.550704152725308
48696753,2927435,0.985314550225118,1.59740644656522,0.540952611852777
49580682,2977441,0.9777200464282,1.58644594300537,0.539025821793586
50480657,3028199,0.972711645326916,1.58946066338223,0.520148124387581
51396968,3079872,0.974413363668039,1.59147809092187,0.537371063474434
52329911,3132349,0.948840236122701,1.56546969403123,0.547991151661119
53279789,3185800,0.938014346919009,1.52528289902812,0.557766946713807
54246909,3239988,0.941765317255673,1.52440788208777,0.539656428089628
55231584,3295251,0.948953327142617,1.48665427118149,0.545320571404297
56234133,3351550,0.947697339275971,1.46116873488826,0.554052060002519
57254879,3408741,0.910812418904371,1.44131063303547,0.538318692550596
58294153,3466822,0.918959780569317,1.45090724940503,0.53668260077968
59352293,3525947,0.900842213946478,1.46317603728283,0.539987772052143
60429639,3586147,0.914191649883891,1.48665114047753,0.54202685398471
61526541,3647271,0.911644826726907,1.46211866602885,0.538375637175568
62643354,3709417,0.898106644885668,1.47136237608547,0.532009177389939
63780438,3772774,0.895299204767281,1.44583068880325,0.531664390713256
64938163,3837111,0.919860504171489,1.43844071586681,0.533479209102497
66116903,3902653,0.922679048310451,1.47257044270578,0.532700299013932
67317038,3969411,0.913034951380332,1.47234278663673,0.52948986546499
68538958,4037147,0.923732055055975,1.4819199159147,0.532973513963117
69783058,4106144,0.938463789978156,1.47751313718259,0.518617414813081
71049741,4176090,0.924707389681897,1.48813607383291,0.530241024121187
72339416,4247595,0.914244530910582,1.5048316117831,0.528328568237523
73652501,4320048,0.92284580300875,1.51856331723278,0.51461750549925
74989421,4393729,0.932445567177433,1.53357521884961,0.509942778258856
76350608,4468818,0.933883612655142,1.54443812876535,0.503978925559654
77736503,4545054,0.945565519006545,1.5540531055888,0.508495514859698
79147554,4622607,0.944198106134359,1.51810952943164,0.51486406067047
80584219,4701511,0.939583647168667,1.51241345925348,0.50813554516511
82046961,4782035,0.947911095422036,1.53036106238552,0.502875731201146
83536255,4863574,0.943671990753037,1.57700460574773,0.504940729447645
85052582,4946532,0.963672152103918,1.59007297225186,0.504640988852874
86596432,5031122,0.963951227885805,1.56772684077714,0.510159147551641
88168307,5117074,0.978062058272184,1.57361455616602,0.509833799246569
89768713,5204364,0.983512338047586,1.51590823339635,0.513791777608537
91398170,5293442,0.964935324341449,1.5356146813342,0.51479227415876
93057204,5383761,0.97025771229099,1.52632983867202,0.517768608891032
94746353,5475797,0.961359791149142,1.52076170969096,0.521119574457312
96466162,5569481,0.969143275708076,1.58665825485812,0.52293371590047
98217189,5664717,0.966861510227389,1.5921555306531,0.523914693206289
100000000,5761455,0.960934683899307,1.58048500993685,0.523234810090213
101815172,5859909,0.948688027115967,1.59094641733573,0.516752363933233
103663293,5960167,0.941900687101777,1.626029564238,0.513750566814895
105544960,6062173,0.94014203463637,1.6013057562367,0.51945892877795
107460783,6165863,0.936770786574638,1.59187867162551,0.513442699864873
109411381,6271407,0.939716158152646,1.58471224661972,0.505661376811919
111397386,6378633,0.945547150110997,1.56478755338013,0.514633824150729
113419440,6487719,0.961946176685897,1.55257470296348,0.532798881506852
115478198,6598379,0.955532697943601,1.54481144166874,0.515604434494044
117574327,6711311,0.934720570355458,1.55107947346538,0.532595522100851
119708503,6825909,0.950173174752656,1.54194216331054,0.53867674018575
121881418,6942650,0.932346866416745,1.55067940735878,0.527266277300227
124093776,7061479,0.948136502119013,1.55953538679023,0.538138355101434
126346292,7182407,0.937134453852694,1.56337209960864,0.54445970848042
128639694,7305294,0.94901323516161,1.60475321331187,0.555222572832958
130974726,7430347,0.956114849702392,1.60868115583603,0.544691787164908
133352143,7557402,0.973485696917975,1.62974041444195,0.530761262438751
135772714,7686652,0.979363533983725,1.60425864609475,0.541633845606265
138237223,7818096,0.954199360681578,1.57014880705843,0.538659210704949
140746466,7951939,0.971207176629848,1.54953945908736,0.538358956854855
143301257,8088149,0.961464032489662,1.53660764301788,0.546878872426194
145902422,8226558,0.977639017918138,1.55449884893074,0.54747018491284
148550802,8367469,0.97544750798424,1.50785382693525,0.533195111671146
151247255,8510573,0.955405546156299,1.54427184666106,0.528659351732397
153992653,8656169,0.945064483089004,1.54851225741379,0.538388866689578
156787884,8804437,0.950184208360201,1.6056915429585,0.543647378271885
159633854,8954979,0.934561738987511,1.56673974093171,0.558190567771543
162531484,9108322,0.926536620344573,1.60483159620968,0.558668065215872
165481710,9264321,0.934327165809444,1.5912075860187,0.539858096906226
168485488,9423047,0.910055574158471,1.63672606409832,0.540540199235878
171543790,9584701,0.908185324565058,1.65414323944529,0.540273002052453
174657605,9748739,0.916523168879997,1.63783090471959,0.545280143667573
177827941,9915892,0.908371512248466,1.61217776732383,0.538389156724376
181055824,10085759,0.92398634214585,1.60431482508134,0.542741973496703
184342299,10258247,0.928324828310042,1.63216522494246,0.533548497920868
187688429,10434160,0.927623361299027,1.63358138183437,0.540677213310208
191095297,10612813,0.923907906889335,1.63663085179195,0.526958790130261
194564006,10794601,0.917180565019322,1.58845110411288,0.52051428256407
198095678,10979233,0.910992966225532,1.5927112967106,0.519713368085224
201691455,11167409,0.923212705612443,1.56927582340396,0.528371726643689
205352503,11358851,0.929657728765028,1.58227993746319,0.517191108205128
209080004,11553411,0.908616945314915,1.57862567883433,0.517717176308266
212875166,11751383,0.933732175736136,1.5409459334471,0.517814971170815
216739217,11952850,0.968317318529369,1.59026351627215,0.5264344014359
220673407,12157539,0.954471982790916,1.5652977494617,0.52906732075368
224679009,12366203,0.945996712160136,1.58233331145243,0.536939221007506
228757320,12578039,0.943544934470546,1.60317977704438,0.52817261145555
232909659,12793758,0.94065477700818,1.59808189915642,0.53940200200026
237137371,13013016,0.944776687554722,1.57686038581958,0.532193685321283
241441822,13236395,0.945964274695232,1.62587865441819,0.526138430367178
245824407,13463333,0.939574447068718,1.5831938555199,0.524731651489208
250286543,13694099,0.920833107911779,1.60986092694853,0.509935336613968
254829675,13928952,0.912273359004223,1.57608219122072,0.508607121161896
259455272,14167859,0.938492185370157,1.56331261441189,0.519923312301269
264164832,14410707,0.967504929852581,1.55117064749508,0.52181810980172
268959879,14657951,0.983371753062118,1.52312072828436,0.527075721866211
273841963,14909066,0.97485850011754,1.48462105114052,0.520240918229332
278812667,15164962,0.967053335570812,1.49692880191236,0.520686026117781
283873596,15425212,0.956348291101276,1.51539291756237,0.51974564577595
289026391,15689623,0.973394015758583,1.50210557639762,0.511148312159517
294272718,15958882,0.968886373333674,1.48647258542177,0.517280713237377
299614274,16232516,0.952005601635359,1.48686855746744,0.517162399997144
305052789,16511151,0.979567246188391,1.51487243798529,0.522412362306079
310590022,16794596,0.969285379483496,1.51671803376463,0.535012777084736
316227766,17082666,0.973616059619882,1.51477421700262,0.530438455915042
321967844,17375584,0.965802308624389,1.4948879822059,0.523009227436819
327812115,17673880,0.952300316448946,1.47704724977003,0.521266047755645
333762469,17977029,0.96939723970227,1.48098987677498,0.525570453716006
339820833,18285514,0.965503772326481,1.5200804583356,0.531585076478797
345989166,18599630,0.964312962011838,1.54964537572135,0.529280747880123
352269465,18918663,0.945965786316301,1.54859762888033,0.521287317447557
358663762,19243474,0.935841253627929,1.53674358262603,0.52719068819627
365174127,19573706,0.953689380700852,1.54361401660363,0.529755525529958
371802666,19909615,0.937316786264243,1.50432997794818,0.534961915841585
378551525,20252081,0.939736155411011,1.54523204230416,0.52443616580766
385422887,20599825,0.924596840053696,1.53737503107026,0.527182266635081
392418976,20953499,0.940347665498365,1.52841870511066,0.520746281697773
399542056,21313039,0.946171801581047,1.50988312324694,0.525047927414282
406794432,21679101,0.957996966436035,1.48946136884871,0.533513142649894
414178451,22051445,0.953220304320962,1.49515445740213,0.528262546869237
421696503,22429967,0.955361442662169,1.50741872071749,0.525774578355373
429351021,22815364,0.93786581281758,1.520496743281,0.536826057527069
437144481,23207085,0.919311473642091,1.49423276936964,0.525226738403921
445079406,23605969,0.941397943773069,1.54531941500017,0.519681423327969
453158364,24011476,0.942506295243476,1.5403756310247,0.505067539875947
461383968,24423925,0.939389272203971,1.5027374460585,0.506343508032418
469758882,24843673,0.921376081021576,1.51065769533099,0.51403501593865
478285814,25270547,0.920805860419748,1.52278574884873,0.51385054525628
486967525,25704825,0.912152500838633,1.51191346701734,0.525628805751997
495806824,26146449,0.909240173625711,1.50961456486481,0.52121554446552
504806572,26595315,0.896415875803877,1.52264988892096,0.51842278749966
513969680,27051960,0.938976657656303,1.52744293969658,0.530016449512496
523299115,27517001,0.936591976376087,1.5378816358558,0.538236204537174
532797895,27989935,0.935544406362657,1.57071921861237,0.531155076502791
542469094,28471085,0.946010162585787,1.54416554123625,0.535508420056407
552315842,28960675,0.944111387557477,1.54760545807633,0.528666859202465
562341325,29458442,0.947770259930471,1.52882995280616,0.538418652693633
572548788,29964746,0.947598622604198,1.56268465356934,0.547582963529744
582941535,30480007,0.959031080218056,1.58417055384155,0.560441518970228
593522927,31003999,0.956874185286007,1.60705501675927,0.566321645921929
604296390,31537695,0.953960654967712,1.61311292592342,0.557944447099274
615265410,32079823,0.951851281689533,1.60510900021849,0.552595492587612
626433537,32630933,0.925062739319568,1.59998433121892,0.549482698425027
637804384,33192247,0.933214329021648,1.61921043076106,0.550068727309687
649381632,33762943,0.941686255728534,1.6004951743359,0.543845733612502
661169026,34343829,0.924240445468411,1.60564520067968,0.548258094364745
673170382,34934453,0.923563926847984,1.57287994605315,0.548288060222086
685389584,35534830,0.94204393009813,1.58519312218056,0.551286113576354
697830585,36146432,0.930059766266504,1.57453193170807,0.534871249528527
710497411,36768262,0.937698166088553,1.56074005694399,0.533011447320152
723394163,37400722,0.942872351514563,1.58966474084191,0.550386315165676
736525012,38043637,0.928437076409876,1.57108662382192,0.530321854889055
749894209,38697994,0.91257225733455,1.57112972759721,0.527136030954991
763506080,39363763,0.936943590029325,1.56888720707865,0.527590645325335
777365030,40040790,0.94795356811713,1.5520348788653,0.533248003397884
791475544,40730343,0.956992747696566,1.54559624927089,0.535284720062507
805842188,41431301,0.956417267202309,1.53001926278863,0.524426597579761
820469611,42144351,0.949780789412361,1.53509191689558,0.515652324827591
835362547,42869628,0.968124638330814,1.57340357211155,0.521990185068867
850525815,43607446,0.954005339419588,1.58675182654989,0.527295622721068
865964323,44357695,0.946328959284278,1.56097923196286,0.532598540076567
881683067,45120921,0.948547017321044,1.59280593087979,0.531493114252387
897687132,45897155,0.947175012489176,1.57678739725037,0.514625364650963
913981699,46687655,0.969917564225557,1.54356704619968,0.525118400059205
930572041,47491184,0.97160593467938,1.58409754400634,0.531961855000538
947463526,48308785,0.982252934608696,1.58741713895334,0.528637744312119
964661620,49140880,0.988920278706276,1.59634649747439,0.515364921898218
982171889,49986380,0.984944051634359,1.58928903523094,0.513676807543568
1000000000,50847534,0.980904162446106,1.62193025481398,0.529472319230192
1018151722,51723345,0.975200781161874,1.61316826251926,0.528999823478579
1036632928,52613792,0.966853233178293,1.58123853725732,0.527022369939659
1055449601,53519735,0.968022049791067,1.58605535496053,0.511154241342682
1074607828,54441688,0.942222500713132,1.60228817911352,0.511017872302037
1094113811,55379640,0.948206692114214,1.64868722755866,0.500764128849292
1113973860,56333602,0.928606521894535,1.62657137671313,0.507263615728659
1134194404,57303167,0.937706410486196,1.56921242348731,0.497610881149965
1154781985,58289769,0.937787064049354,1.60167410500703,0.502705207056171
1175743266,59294236,0.924958575068452,1.57108779215542,0.516016633953185
1197085030,60315068,0.914243777209494,1.59261453979449,0.530247693171472
1218814185,61354166,0.92179195006861,1.60295655178743,0.529907256610173
1240937761,62410740,0.938599061472066,1.64948920029582,0.537786253936829
1263462918,63486255,0.946161240704439,1.64128511831377,0.53105626363153
1286396945,64580342,0.939600222647711,1.61468352564756,0.527956204001068
1309747264,65693203,0.922711858517975,1.60353626220975,0.515150614022029
1333521432,66824841,0.939744751128707,1.59839371777747,0.514042864290361
1357727142,67977131,0.927705687564558,1.5657839539423,0.516498271651441
1382372227,69148179,0.924515749581583,1.53853204261635,0.518437168590034
1407464663,70339539,0.909886194615202,1.54809026696479,0.518168194793861
1433012570,71552016,0.921597562400945,1.56349116378139,0.505032466125675
1459024216,72785090,0.91706503106673,1.55730668549561,0.518539002030974
1485508017,74039773,0.927285211738776,1.52857572181306,0.519947761901921
1512472545,75316364,0.937985611905096,1.57018523892589,0.522298806569852
1539926526,76614902,0.940431238453783,1.568007338616,0.530253654146332
1567878844,77935411,0.96012948806866,1.54939360252398,0.528450922099345
1596338544,79279110,0.952294653354842,1.53987906035395,0.535338674545413
1625314837,80645622,0.930019188315649,1.53617462522801,0.53556520090813
1654817100,82035799,0.934739651153736,1.4890635919355,0.532396627140737
1684854879,83450352,0.938057063024201,1.52962024814202,0.541135047102995
1715437896,84889489,0.943261164732926,1.5638117283689,0.540832847924586
1746576048,86353206,0.948434881347564,1.54523150558438,0.551804114041218
1778279410,87842213,0.953727497637271,1.494189078039,0.553835865503361
1810558243,89357744,0.942535578135776,1.53270336700764,0.556930030916255
1843422992,90898436,0.938501803912725,1.5067411627775,0.550067388672073
1876884294,92465613,0.946573231314497,1.47616221596433,0.55385239020449
1910952975,94060365,0.941403778537102,1.47943506728311,0.55122741466861
1945640062,95682322,0.939826140234569,1.4733781555478,0.549795405874288
1980956779,97333317,0.925613138797646,1.48083751277515,0.551854266386804
2016914555,99013082,0.932867112526201,1.48800074907526,0.545664185148025
2053525026,100720648,0.944959498276184,1.4627328138279,0.544777838538665
2090800041,102458060,0.960224105500482,1.47579040902285,0.536192132253945
2128751662,104225934,0.961045222045985,1.47158128779646,0.530473382843666
2167392170,106023915,0.945403741081848,1.46481876485714,0.519040513748609
2206734069,107852793,0.958761914609009,1.50743354078554,0.516340517505483
2246790092,109713981,0.944899208581579,1.51014256903602,0.514363427286162
2287573200,111608195,0.952189242897181,1.52092208911461,0.51906495496554
2329096592,113533909,0.949903817689867,1.55903171424788,0.518388623112588
2371373706,115492859,0.954496321860234,1.58806664799433,0.520578142065529
2414418221,117485506,0.961945540697406,1.58931557069883,0.529589512380598
2458244069,119513357,0.95701980354539,1.57028054866456,0.523574482011566
2502865431,121575461,0.956039075933379,1.54922535277538,0.522994311994559
2548296748,123674859,0.952355295975732,1.54131561070375,0.532898518899063
2594552721,125810759,0.944837069231583,1.5457370331986,0.530388165764254
2641648320,127981849,0.959042187270399,1.53017689069098,0.527484425350235
2689598786,130191163,0.943435660484543,1.55857514844461,0.51931837079613
2738419634,132438178,0.946765647323089,1.5655374672118,0.532195774423986
2788126665,134724568,0.95413978527201,1.57873205248827,0.530169985517479
2838735965,137050750,0.950115953066687,1.53737657999804,0.526534849131846
2890263910,139417375,0.956328588107025,1.53652082538711,0.525845519529512
2942727176,141824696,0.955789271445444,1.56198268977919,0.528817538228976
2996142741,144273358,0.967551319772962,1.57552628146982,0.525980842058838
3050527890,146763860,0.957642226551732,1.55190762727762,0.539980291975253
3105900224,149298009,0.950353345049435,1.57366845666579,0.536057232958144
3162277660,151876932,0.954987360725666,1.55085278699654,0.53029042518157
3219678444,154499924,0.954008619798602,1.514868814243,0.527846343699139
3278121151,157167671,0.967633901728101,1.54105660483375,0.520773964144043
3337624694,159882838,0.949224609074072,1.53315297423368,0.529070625082815
3398208329,162643573,0.96029658234702,1.50936852328289,0.527383976210103
3459891661,165453326,0.927084222883018,1.50908424121729,0.534914513050722
3522694651,168312345,0.935637560260282,1.52253043881298,0.539635124997078
3586637624,171220186,0.94090088735056,1.54208105156507,0.535319958186606
3651741273,174178694,0.928512090642866,1.53125349330006,0.523132748320309
3718026664,177187539,0.921939432245857,1.56877571328293,0.525443528642145
3785515249,180249673,0.933176471111781,1.55565129253369,0.52553149002385
3854228869,183363516,0.928241072445362,1.56704093951323,0.520602339471922
3924189758,186531169,0.932281630779102,1.54563055624616,0.517992644155645
3995420559,189754312,0.937602335339098,1.58384351455517,0.513728192364533
4067944321,193033439,0.936929368668825,1.5788713783674,0.509568996206202
4141784514,196368942,0.942749741820861,1.58234698454738,0.512484722849627
4216965034,199762210,0.92766571309077,1.54683761747189,0.509879589892825
4293510210,203214731,0.943468555862955,1.54243688448259,0.522419512295356
4371444813,206727637,0.950174260208416,1.52515556369025,0.518649296278111
4450794062,210300024,0.946193210269103,1.53774442376758,0.524349695495581
4531583638,213935006,0.930760331097938,1.57039115404824,0.523012647229878
4613839683,217633136,0.92274078901331,1.56758940062128,0.520636242670969
4697588817,221395819,0.922495327846838,1.57507034059948,0.523784732676594
4782858142,225222660,0.903978273098653,1.61464552245158,0.525931688188096
4869675252,229115570,0.922945586607008,1.61758853145298,0.52829845452577
4958068242,233077131,0.923450693984341,1.6296573435057,0.518788285091437
5048065717,237106511,0.93139691441377,1.60790897274028,0.519356614581745
5139696801,241205986,0.944618540705163,1.62141936147815,0.521167807994517
5232991147,245376886,0.930307066030783,1.65113875007117,0.520745332638101
5327978946,249619707,0.919274702716412,1.64033310621493,0.511638717446191
5424690937,253935811,0.916160973957538,1.6411212490476,0.520921183751629
5523158417,258326874,0.918030090646153,1.61624482127065,0.508924535667544
5623413252,262795354,0.939249040658708,1.58887553189602,0.518967441556797
5725487884,267340783,0.952799129136738,1.58633866068293,0.520147841217557
5829415347,271963731,0.949519263545735,1.59277312947171,0.525719985815435
5935229272,276667469,0.944020899500712,1.6037772391967,0.532802892884864
6042963902,281452603,0.964697338509727,1.60710540892947,0.529446326645801
6152654101,286321974,0.958299363419754,1.61383362836845,0.532965698845834
6264335367,291274739,0.98201738418502,1.59194860011024,0.535625620124134
6378043839,296313309,0.993277530684241,1.57314129283168,0.533473589942046
6493816316,301437524,0.981520590856063,1.59230155734749,0.537869946195912
6611690262,306654300,0.981972599928464,1.57189254334159,0.538451694401837
6731703824,311959807,0.974929691423797,1.55237280597669,0.530179788648886
6853895839,317356750,0.948116454963139,1.56709524290461,0.536778168416731
6978305849,322846792,0.96962034451222,1.55970616339254,0.528146476216795
7104974114,328434318,0.96785430375871,1.56986878833946,0.526914645319836
7233941627,334115759,0.949180488529604,1.57554286065987,0.52413244806639
7365250123,339897878,0.966595273393087,1.57114079678033,0.540534424245188
7498942093,345780330,0.941783102467496,1.58104019613614,0.543377276424413
7635060803,351762697,0.934877111779771,1.59268026942737,0.547706020685505
7773650302,357849827,0.923577640628346,1.58961643420671,0.555892881013018
7914755439,364044118,0.934432845911009,1.58095927527308,0.551657248478495
8058421878,370345401,0.944789340502868,1.58586461381651,0.548855473211067
8204696109,376755735,0.937470225626624,1.55550899258893,0.540483697274601
8353625470,383278145,0.939336793425619,1.55591981900718,0.539494963495352
8505258154,389912546,0.957550274677169,1.57546644603927,0.536225817307206
8659643234,396662434,0.9379459031137,1.57994052352557,0.537477517693668
8816830668,403528309,0.936670616213177,1.57673767834308,0.525790650208578
8976871324,410513954,0.947511041842177,1.55838338312999,0.529461329675105
9139816995,417621524,0.943869402211001,1.56437944271013,0.532366553215646
9305720409,424852288,0.944279222938863,1.52713094489572,0.532103384019127
9474635257,432208151,0.951400362116385,1.51709573701143,0.542895084670725
9646616199,439691664,0.936230660562753,1.5030788832052,0.547363191080915
9821718892,447306601,0.929263104173505,1.50007136450194,0.538786445704886
10000000000,455052511,0.933951583457855,1.49733614056833,0.54169927147892
10181517217,462931984,0.950188378948549,1.51434713402469,0.532600837480499
10366329284,470948207,0.961508450349308,1.51956243940533,0.531193826988848
10554496009,479101465,0.961127157919049,1.50213194091591,0.53648273961967
10746078283,487400504,0.951851228397476,1.50698887265916,0.520221463227473
10941138106,495842905,0.943228090540133,1.48512460211449,0.520572401124008
11139738600,504430840,0.940321787112293,1.48571223265157,0.527740843376676
11341944035,513166719,0.939847863111163,1.49320954748839,0.515638285939447
11547819847,522056150,0.938183093044998,1.51715346843926,0.518859976577175
11757432659,531100738,0.931253118506893,1.50200296189633,0.525742314408571
11970850305,540299656,0.921320545814698,1.49519064515474,0.526254295961061
12188141848,549660192,0.936878718301759,1.51194395860592,0.513399554014807
12409377608,559182306,0.933013378077722,1.5287253897848,0.509951874088991
12634629177,568871253,0.934011608604941,1.52767571113055,0.510705729858467
12863969449,578727386,0.942124085852491,1.52915337351064,0.516708951979539
13097472643,588754816,0.937363301413781,1.5669851297119,0.514947088365848
13335214322,598955995,0.937125689459885,1.57552831003839,0.507530654741072
13577271421,609334065,0.92940914768802,1.54348888375709,0.51846835638963
13823722274,619893636,0.933533027842061,1.53909086118721,0.521570358120196
14074646633,630634164,0.92476873160613,1.53876318728441,0.521750021428693
14330125702,641563827,0.928184533038271,1.52042201581478,0.509205879855275
14590242156,652682229,0.947353172570243,1.50590205024216,0.507187707225026
14855080172,663995290,0.939194349265265,1.51579828746209,0.518376559138728
15124725453,675503173,0.944402304898944,1.51308384758439,0.517718182043823
15399265261,687211768,0.93810323946705,1.50545223840184,0.518529297730518
15678788438,699124581,0.945781733136064,1.50657860382652,0.526830216909748
15963385443,711241650,0.939473619863947,1.50707401482834,0.517187858171853
16253148373,723570519,0.934789733688324,1.54656008923387,0.520869072820851
16548170999,736112674,0.915346914286968,1.55875164652665,0.523161257165423
16848548794,748874963,0.929406560628126,1.56801195527193,0.514548942649387
17154378963,761857230,0.96127983610884,1.5442309719958,0.523177197145597
17465760477,775064354,0.959732824379365,1.53817632661107,0.523294259638572
17782794100,788502185,0.954781559705931,1.55752496716644,0.532094023342354
18105582430,802173735,0.970293825225773,1.55252283011785,0.529470397119704
18434229924,816081105,0.979169492293911,1.54198595224173,0.53338231566544
18768842936,830230952,0.999736645532082,1.54678551674457,0.526950374829045
19109529750,844627673,0.978738684401365,1.59258303801238,0.534915807233043
19456400616,859276488,0.973645797798515,1.59202043962747,0.534992482964019
19809567786,874176143,0.958199471889974,1.60036278285076,0.53100080924127
20169145547,889336344,0.964540893321241,1.61702741283305,0.534477281932567
20535250265,904761351,0.941294964341799,1.56869114899277,0.528715558012462
20908000413,920453517,0.954541745934951,1.54899504047605,0.538393021508484
21287516618,936419626,0.954109973199828,1.53866980958552,0.530047166508858
21673921696,952662180,0.950120256443673,1.53513031208416,0.529981937526423
22067340691,969186282,0.952987941639578,1.52650349980927,0.546543055937644
22467900918,985996589,0.956910089802148,1.54607153362921,0.548214257601773
22875732003,1003101808,0.955545610459085,1.5609642982155,0.548656871914824
23290965925,1020500705,0.949199524334739,1.55299437611207,0.550207243629647
23713737057,1038206698,0.956392538567194,1.56792457912539,0.535254826782525
24144182213,1056219356,0.963650499484004,1.54811290600244,0.531654456225093
24582440689,1074541418,0.949072287349609,1.56095374348441,0.528913109207082
25028654312,1093184350,0.958217513046115,1.56597138408287,0.541209962157777
25482967480,1112150187,0.963989012339478,1.53240512635721,0.540154676292912
25945527214,1131446170,0.936789371406473,1.543124923816,0.542494999249591
26416483204,1151080594,0.941114278182006,1.5531953394033,0.528914517326021
26895987856,1171054280,0.934530539950855,1.57645731765804,0.524217803472381
27384196343,1191376326,0.937680507339867,1.56164059070686,0.512316387265627
27881266654,1212051148,0.936889190496151,1.57370096933992,0.516816863106741
28387359648,1233084381,0.940788652885428,1.58328562923932,0.524228998398942
28902639100,1254486049,0.944391988345463,1.60984390340145,0.52797719935785
29427271762,1276256814,0.927411033417616,1.57181224286977,0.527371843469637
29961427410,1298407671,0.926465362280852,1.57935261377002,0.520052473250593
30505278903,1320943514,0.948098649756557,1.58935662491447,0.516745068582
31059002236,1343873070,0.933404194271725,1.59881939523719,0.521476979964459
31622776602,1367199811,0.926310233437851,1.61455202555632,0.530209089303719
32196784443,1390932668,0.9316636635572,1.60560216872911,0.523315638165569
32781211514,1415079596,0.928768936906093,1.59445539859681,0.536250080256575
33376246943,1439645011,0.929568020541247,1.62143814674224,0.536210846925192
33982083289,1464635962,0.939009068273548,1.62822762582307,0.541109551277263
34598916609,1490065019,0.924392479982183,1.60047239905478,0.543624275494772
35226946515,1515935673,0.936057215823912,1.61789003276791,0.539266383989485
35866376245,1542257463,0.934697112167876,1.65720803117798,0.548174523665766
36517412725,1569036591,0.94326283397025,1.6449956621863,0.551213483661685
37180266639,1596280196,0.928491908007514,1.64468255642236,0.546057060710413
37855152493,1623998889,0.921347349952519,1.6474843750689,0.539931585815552
38542288686,1652200262,0.927994797146831,1.6327073274546,0.536416365019497
39241897585,1680888529,0.919511411984327,1.59550518406096,0.542511014928145
39954205589,1710079102,0.93742619229244,1.57463599647886,0.532630519356196
40679443211,1739777688,0.950474911085114,1.57892404419999,0.533541603390703
41417845144,1769990789,0.942897395425185,1.5687105238917,0.520116630386455
42169650343,1800734954,0.941881186404893,1.56536915552013,0.512893059960505
42935102101,1832009510,0.958519737891899,1.51868421195446,0.510648149762245
43714448126,1863828497,0.953459261693331,1.52491280565476,0.512697753969176
44507940624,1896203992,0.952874167305931,1.53419546295801,0.52154292954517
45315836376,1929143216,0.961892248598634,1.55521966135542,0.515363715277541
46138396827,1962652710,0.947382655350089,1.55859127120543,0.51917109232092
46975888167,1996748211,0.95717888639768,1.53473335734175,0.523021646785969
47828581417,2031432849,0.970855119165668,1.54686443553486,0.527202795387509
48696752517,2066722928,0.976473792074652,1.53894366215005,0.523702354373267
49580682417,2102631122,0.95067244124347,1.53532602533347,0.524441087112329
50480657167,2139159931,0.928256060275651,1.52392364514951,0.525012360918275
51396968008,2176329030,0.931645953560325,1.52331415836591,0.51719961694097
52329911468,2214142121,0.923193517674902,1.53131496931278,0.52099430104168
53279789459,2252619387,0.927526547009082,1.51505240206487,0.525615342375315
54246909370,2291759777,0.942902909112198,1.53060461976313,0.526791413604882
55231584173,2331584863,0.952408777071,1.52298027476319,0.52201503050858
56234132519,2372102733,0.949376113949701,1.53575199279844,0.515547674167347
57254878844,2413325521,0.951804878885008,1.50213611690169,0.514344586419855
58294153471,2455264226,0.951137839406749,1.50761175945334,0.519657320654347
59352292723,2497934188,0.944500275815859,1.50259085939072,0.51747013213725
60429639024,2541348533,0.952411617443163,1.51432104948353,0.511222560685581
61526541015,2585516373,0.943441677393996,1.52322646041362,0.513332602457571
62643353666,2630453766,0.950821539639196,1.52316767951712,0.516484262870248
63780438389,2676177330,0.960427478014157,1.53632239744819,0.52567471752093
64938163158,2722692862,0.963098823620489,1.52942561430844,0.528067702378684
66116902624,2770019761,0.96387724818632,1.54915486689806,0.527923395094881
67317038241,2818170958,0.960494759795522,1.57001251485864,0.534490103982899
68538958387,2867163205,0.960714372430991,1.56974495138226,0.527922549181441
69783058486,2917012020,0.968728924267517,1.55530832088903,0.528597129548416
71049741144,2967722738,0.956240594168396,1.54559027413681,0.52909598739439
72339416274,3019317789,0.963520595121825,1.53184403578874,0.518978568791772
73652501227,3071812102,0.961543542131822,1.50506006516615,0.523027862333084
74989420933,3125219581,0.967776492829877,1.53897373841031,0.52605015520635
76350608034,3179560821,0.953762685138292,1.53416310461651,0.523860151717395
77736503024,3234849607,0.953377305575845,1.53050690249031,0.529093584473988
79147554394,3291099942,0.939238409546495,1.50842384540752,0.527437711219228
80584218776,3348326707,0.944555318705837,1.53615089864204,0.523965642120766
82046961090,3406550286,0.943981455058267,1.52598234080291,0.51989421363644
83536254696,3465796056,0.936934265304362,1.52161765577331,0.531519519342354
85052581544,3526068270,0.930802418100489,1.5256738136884,0.529846689869107
86596432336,3587388702,0.91727817906376,1.54858091921424,0.530395236423652
88168306678,3649779522,0.931811799310021,1.55682622121773,0.52525768928164
89768713245,3713261384,0.938703201059702,1.52226250098739,0.541110895330012
91398169947,3777845513,0.919458114989257,1.53236000419825,0.534563823179756
93057204093,3843556570,0.917062077220843,1.55651579115285,0.545063379897736
94746352566,3910414062,0.91606199222571,1.5664384424191,0.540444578353207
96466161991,3978434336,0.912849123536519,1.5549841754993,0.532385160351604
98217188919,4047644315,0.925429660806848,1.52339504962886,0.532601640253518
100000000000,4118054813,0.941981741067449,1.49344378624968,0.547045910505312
101815172172,4189699199,0.942635150997367,1.52278187803121,0.554605531816586
103663292844,4262583158,0.93696541151922,1.50392846834475,0.551813034456406
105544960088,4336739964,0.938405390033595,1.52346154904603,0.551878369158352
107460782832,4412185595,0.923969014644473,1.51964896517253,0.552208264778325
109411381058,4488950675,0.930515043920319,1.54939755153496,0.547430219378455
111397385999,4567056321,0.92806204076404,1.55649792057221,0.541780492934634
113419440350,4646523761,0.931508039544872,1.5594150963565,0.542588230527156
115478198469,4727380065,0.928912817857748,1.55547738541966,0.541999023169588
117574326592,4809642519,0.940494197848543,1.54677435973382,0.533656606719401
119708503050,4893334975,0.938365677305251,1.56181893208275,0.534080828069063
121881418484,4978490229,0.950847216658975,1.57215388276266,0.537534758861311
124093776075,5065132590,0.937903855028871,1.56308210705031,0.538807155496539
126346291765,5153279251,0.946707442877114,1.56310274074133,0.53283047300597
128639694494,5242965456,0.95974478082136,1.54674395942973,0.537511800338334
130974726430,5334221546,0.968760428229687,1.57590968562441,0.532604135367972
133352143216,5427061644,0.973809955024236,1.57162828630927,0.522150760344702
135772714211,5521517139,0.969162915116033,1.56413286380218,0.516927930796749
138237222736,5617622039,0.96617548228733,1.54887475436989,0.515232387532676
140746466334,5715406787,0.965836890141298,1.59094791492164,0.513863886110319
143301257024,5814895333,0.958004435122227,1.57917624785689,0.515375436293455
145902421563,5916121284,0.963110509778412,1.56197893037607,0.515349005272807
148550801717,6019116247,0.953083919728673,1.57071756247861,0.512734536566924
151247254531,6123895409,0.948049303735414,1.53282672780397,0.512266313409039
153992652606,6230500473,0.94843760817778,1.56508705437917,0.514636537628305
156787884383,6338978778,0.941033572359994,1.59322555330524,0.512497372544516
159633854429,6449341433,0.947567682829116,1.59473745195336,0.512678212380492
162531483731,6561627631,0.954885717020319,1.59296232991061,0.521576293106883
165481709994,6675871074,0.93569383926174,1.58992176436306,0.522593194738111
168485487944,6792114390,0.940736028028188,1.6218065628991,0.518197639566096
171543789634,6910384379,0.946923651374963,1.59664848815213,0.52234190033999
174657604766,7030714746,0.952850557033063,1.62177240128735,0.516921535543944
177827941004,7153145913,0.945163198834154,1.6081882458725,0.514347203704484
181055824303,7277708393,0.941337782440378,1.60945102593592,0.528543498041391
184342299241,7404447385,0.931673719768667,1.62039436639191,0.528785783008934
187688429358,7533397676,0.946091865354714,1.64090568620349,0.521872566529237
191095297497,7664591629,0.940734808588885,1.66263301744177,0.532215629461084
194564006159,7798085099,0.967168358827042,1.60092017070033,0.532627284480472
198095677855,7933903495,0.979963798607228,1.57535050943916,0.528656241528435
201691455473,8072099030,0.976974866552407,1.58125280386769,0.5334451044908
205352502646,8212690221,0.953809002291639,1.55361482272855,0.531630218064692
209080004128,8355743143,0.959918879527618,1.5605267145666,0.52738344860411
212875166180,8501287633,0.950634438159762,1.55579076160483,0.531997834220652
216739216957,8649380621,0.949598657513393,1.54694151958742,0.525958804115494
220673406908,8800049006,0.954127485545698,1.54796577535537,0.532767220644221
224679009181,8953349037,0.940313045496471,1.54922747432888,0.526626987932427
228757320032,9109331029,0.942558985051319,1.5973990149044,0.525282537808541
232909659246,9268018187,0.921565165419485,1.57478904559435,0.519662130646207
237137370566,9429495614,0.935669164591979,1.57488424971368,0.523902818791885
241441822126,9593788175,0.929340327183146,1.59015296845787,0.518837725690231
245824406892,9760934933,0.92487884301254,1.59942402913871,0.517379865654731
250286543117,9930997770,0.925505827139217,1.58923630380346,0.520541760681993
254829674798,10104042870,0.942428560380154,1.59536003500124,0.524719194015954
259455272140,10280096614,0.931377246989283,1.58760473621618,0.526134129750336
264164832039,10459232726,0.933580791211033,1.58326084907569,0.529488131029088
268959878558,10641488022,0.937900284171324,1.57477492608099,0.52502350239966
273841963426,10826932875,0.927805301329714,1.56588954047087,0.53797593251404
278812666541,11015610302,0.946739034598739,1.55771429862558,0.539059694023978
283873596476,11207584247,0.94438965521435,1.57408748467409,0.539304286423738
289026391002,11402903099,0.948711540673618,1.54752729204545,0.533425067982737
294272717621,11601636073,0.932161321503292,1.55364885473065,0.531821782104832
299614274100,11803842908,0.941250442671986,1.55839850772818,0.532490733976299
305052789027,12009576644,0.934827459725829,1.53487585190548,0.532587456244134
310590022362,12218900001,0.927256415679849,1.51363595675644,0.521625840130295
316227766017,12431880460,0.931782805340503,1.51546548584787,0.532951473489187
321967844425,12648585059,0.916473213208952,1.51412591736084,0.53548887518316
327812115139,12869068728,0.922847745646814,1.49998922084577,0.53367033124981
333762469429,13093405847,0.940534426276214,1.48952417979414,0.529471710349514
339820832894,13321649629,0.943142858765258,1.49861732175131,0.531571870759089
345989166087,13553879942,0.946208977960766,1.51520574546857,0.531916074759039
352269465147,13790179868,0.940341259941219,1.507639000652,0.531117264564243
358663762448,14030585183,0.940187126453528,1.49706511783096,0.53198550244414
365174127255,14275201419,0.932053095480897,1.49274967948548,0.533728430343914
371802666391,14524094027,0.923827874512384,1.51579799388893,0.532501711746113
378551524926,14777321376,0.933289603096637,1.52493598529502,0.532176986654344
385422886862,15034975430,0.937849680079809,1.55911288601131,0.528966251580333
392418975848,15297132108,0.952627097846521,1.5245011098114,0.538527617794129
399542055895,15563864415,0.949744482163689,1.53345281195389,0.535172712950565
406794432108,15835265555,0.952699095011911,1.53768129275849,0.535305667005177
414178451436,16111399082,0.953675377176746,1.54271587820554,0.534879887218971
421696503429,16392359455,0.955351063967038,1.55511186992809,0.531816285771046
429351021008,16678220629,0.955460562903271,1.54094375468347,0.533782739676476
437144481261,16969091486,0.957460849129544,1.52635077908665,0.531146156411692
445079406236,17265030810,0.965181328994656,1.53242844439059,0.53717175903957
453158363760,17566142565,0.96335879867148,1.55437473683753,0.533836725587388
461383968273,17872512912,0.959788183898495,1.58578827552392,0.531510747371076
469758881671,18184232275,0.961209813470096,1.60419705386421,0.533820702781197
478285814165,18501396101,0.973134397439502,1.60345453204871,0.537773967150199
486967525166,18824104270,0.974113994402364,1.58679650071214,0.526895555489899
495806824168,19152458269,0.967534330606658,1.53817570121477,0.528863073310872
504806571667,19486539945,0.950168984466435,1.5284296106703,0.531689641417858
513969680077,19826463641,0.955016739812473,1.52765482531614,0.540164457880236
523299114681,20172320893,0.960386163586118,1.53519361737854,0.537637802483968
532797894587,20524237520,0.966498709139387,1.51851877682812,0.529322900933221
542469093701,20882294442,0.953320104745597,1.53279613953813,0.524047509901344
552315841731,21246600833,0.949081955170486,1.53157912012718,0.525095257002738
562341325190,21617284223,0.933933790394037,1.52798875434926,0.519049095110429
572548788436,21994427870,0.94743742643178,1.49518012782189,0.520308113860954
582941534714,22378185106,0.940434593317098,1.51411620300419,0.518792166880539
593522927230,22768623233,0.938797409669013,1.5378014786521,0.522929605556632
604296390238,23165900690,0.947258938333336,1.54733101898108,0.521638940944153
615265410149,23570114414,0.936878675241459,1.55982283592435,0.520613289889765
626433536657,23981392281,0.935157159220467,1.55982520340057,0.525585017060743
637804383889,24399867839,0.925476821173087,1.53141540989007,0.530142875629111
649381631576,24825654063,0.933965986790358,1.55546269710692,0.523172230695187
661169026241,25258876715,0.934813366232751,1.55704011349782,0.52768314608178
673170382414,25699679393,0.937593698790806,1.54813389020047,0.525489416110993
685389583865,26148181017,0.934848235973235,1.50839044054608,0.530006697295984
697830584860,26604529301,0.932139461387668,1.50559147882296,0.523908930752145
710497411443,27068848990,0.928792873845498,1.53228536144154,0.516869902175279
723394162737,27541285899,0.924613204707298,1.5315261051667,0.513247070289173
736525012271,28021987280,0.930629635285408,1.54948753553248,0.512573231496967
749894209332,28511099520,0.937279420996177,1.54527469790394,0.51217572759062
763506080338,29008749369,0.934274589935211,1.51965272517024,0.51126733636316
777365030239,29515104927,0.929514675965648,1.55874361350802,0.509422867182462
791475543941,30030302620,0.943324864710477,1.56072594249845,0.517677722923139
805842187761,30554512082,0.940642487064623,1.57031921868662,0.517388630505892
820469610902,31087901529,0.944517597668872,1.59561399462897,0.51944794002998
835362546958,31630594347,0.945165395843862,1.57923556155984,0.518579461502822
850525815444,32182787786,0.953221569660112,1.57142609759043,0.522754868172447
865964323360,32744633043,0.958233940711709,1.59690798727655,0.520792288158069
881683066776,33316304717,0.943273483501844,1.59670395364143,0.520146947169516
897687132447,33897959016,0.947219540758974,1.61870171861909,0.519739956610033
913981699465,34489798356,0.948152980058275,1.61547189107199,0.516218301349008
930572040930,35091989114,0.944064659398003,1.63218481123026,0.518486587783318
947463525655,35704717918,0.938873940896787,1.60707294339654,0.530011794761376
964661619911,36328147671,0.927410120499243,1.58887607318872,0.531779944379538
982171889188,36962478878,0.919526062675853,1.60608977225712,0.54120320384058
1000000000000,37607912018,0.921196388130443,1.58746813201856,0.536625560213436
1018151721718,38264624845,0.936534695204482,1.56574335533601,0.543377583740811
1036632928438,38932816263,0.937537873949739,1.60563960829327,0.538919388317992
1055449600879,39612713211,0.935032335697611,1.60979009338073,0.543325538659274
1074607828321,40304505632,0.945481009967433,1.63166593488404,0.538125579569748
1094113810577,41008386852,0.949493681642758,1.63181589724482,0.535248230724204
1113973859995,41724576462,0.954537339523211,1.61301669817848,0.534384035191681
1134194403503,42453293474,0.943033418599275,1.61115454974081,0.529688624381007
1154781984689,43194775497,0.938357711342934,1.58126309823504,0.532502239492608
1175743265921,43949219661,0.941925890554549,1.5886395124186,0.537799969038873
1197085030496,44716839189,0.943610898908257,1.59930005365682,0.54055440104695
1218814184842,45497913655,0.954161536616538,1.58973811553902,0.537011579822579
1240937760752,46292637552,0.953634122432225,1.59122523170613,0.536953401101279
1263462917654,47101274782,0.949179623890669,1.56659457634704,0.53104757975493
1286396944937,47924047772,0.949707072169932,1.57819178204715,0.545507235651906
1309747264301,48761206627,0.957765406178117,1.54980433018637,0.553141557432064
1333521432163,49613024665,0.969744708441436,1.57963051701619,0.546652918934203
1357727142105,50479739014,0.967166506425805,1.57538222507653,0.549382083819774
1382372227358,51361655053,0.961382212639709,1.55878090521683,0.5528502193012
1407464663340,52258957555,0.965522817000562,1.56714747076529,0.550727316204669
1433012570237,53171983687,0.980525871950484,1.5578989950534,0.537631475832975
1459024215631,54100978082,0.966128138915362,1.52961402219367,0.531418816609507
1485508017173,55046218317,0.973587637727413,1.53549662823872,0.536006680394185
1512472545311,56008012794,0.972287974032029,1.55586828841893,0.528046351323203
1539926526059,56986627065,0.964314000512736,1.53970684142037,0.523923652536396
1567878843827,57982381878,0.964390445209838,1.53010390066749,0.526726329843778
1596338544288,58995534746,0.963841041366165,1.53632793153651,0.518962938532714
1625314837312,60026424984,0.950963424474664,1.51598843965999,0.51522236371076
1654817099943,61075361433,0.939584543967906,1.53320543784193,0.520736132993573
1684854879436,62142664981,0.939159309915958,1.53554301372253,0.522098458829241
1715437896343,63228646315,0.940605030516451,1.55187821664523,0.522822147097497
1746576047662,64333621303,0.925485318580395,1.53957101637828,0.52918591996981
1778279410039,65457955727,0.922282649921031,1.54293880235015,0.525178270022123
1810558243027,66601977870,0.925911987012798,1.53715695044875,0.515060248067997
1843422992409,67766011251,0.926131936425011,1.52307317173887,0.514257348479472
1876884293576,68950409539,0.931343149532278,1.51867991927729,0.520185535116807
1910952974970,70155526587,0.947630173094402,1.56444258484551,0.519679351658248
1945640061589,71381753591,0.948908282002371,1.55667359662138,0.531352227367899
1980956778550,72629439006,0.944843386274613,1.56762312866123,0.529874162352543
2016914554730,73898997329,0.936684517427836,1.54929299653358,0.534990410653094
2053525026457,75190756452,0.932690448987272,1.55655132251675,0.535813032855992
2090800041279,76505126608,0.941957853507651,1.54988705988441,0.52721255187268
2128751661796,77842490672,0.929457863808938,1.53975951313377,0.525126315864818
2167392169568,79203278539,0.935482500688033,1.53920703020039,0.526013639103092
2206734069085,80587879961,0.922812215279783,1.5342044119519,0.529210019113619
2246790091813,81996742035,0.936062883102989,1.54226092424412,0.51983124123439
2287573200318,83430268707,0.935764817560989,1.51477728550748,0.521587270210107
2329096592461,84888874992,0.935519641598301,1.53593342420026,0.523954621410844
2371373705662,86373037724,0.931830957274569,1.5405623473567,0.52752242097978
2414418221257,87883203704,0.942871678274538,1.55223050875624,0.536644850549388
2458244068920,89419790629,0.945391852371448,1.55955212945759,0.528386912689957
2502865431175,90983285584,0.936622067881398,1.54479481553503,0.525196004452307
2548296747979,92574169640,0.922596013104194,1.5463521356716,0.52122783092443
2594552721404,94192888452,0.926030093877652,1.50793975966136,0.516259311303589
2641648320386,95839956923,0.933072306785193,1.5149806733115,0.513757837733293
2689598785575,97515889061,0.927391869730674,1.50787390166358,0.51706221614348
2738419634264,99221149545,0.939461677437404,1.5087505170229,0.518635434738741
2788126665413,100956296512,0.951650808964934,1.51301269144267,0.517516165463671
2838735964759,102721798407,0.9560834665943,1.50854865762305,0.521109982907058
2890263910022,104518244359,0.939046984790128,1.52812589952567,0.523551372990692
2942727176209,106346139585,0.935184771209312,1.52862160696822,0.529079690530414
2996142741004,108206044907,0.947825812962088,1.5455801789187,0.528136861997026
3050527890267,110098530314,0.954393909458211,1.52239926523843,0.530901230338235
3105900223625,112024183136,0.96614804732312,1.50228702006467,0.529888691215593
3162277660168,113983535775,0.959746300863368,1.54030595456757,0.528849605663792
3219678444251,115977229036,0.972869070248994,1.52377490313746,0.527851151743421
3278121151393,118005832119,0.967796984640775,1.52116457946295,0.525315518679242
3337624694292,120069972084,0.9479981175721,1.54312126198525,0.526127056257812
3398208328943,122170254785,0.947219914890882,1.54570524044663,0.530136360503846
3459891660870,124307345476,0.950942720880664,1.54501605489575,0.535134781364762
3522694651473,126481875235,0.938530735291594,1.54719274164283,0.529579515109569
3586637624485,128694493409,0.941756449989304,1.55283006047586,0.526598555381
3651741272548,130945853288,0.944848538882378,1.56803317181285,0.529568490386476
3718026663914,133236650804,0.953628924384482,1.56481522417335,0.532749709016827
3785515249259,135567584393,0.951461672688102,1.55014387643477,0.5279041052874
3854228868623,137939396910,0.965532408277224,1.55920328411014,0.534072848301204
3924189758485,140352742834,0.948119483395324,1.57020165685208,0.537994480490783
3995420558950,142808389869,0.957016449392849,1.54520867036805,0.5421882626138
4067944321083,145307004791,0.938642249769493,1.54960855773916,0.535738550274174
4141784514364,147849442325,0.942492911305666,1.56254465346497,0.539201774167388
4216965034286,150436402135,0.954440355129806,1.53999764025073,0.534144379271147
4293510210083,153068718113,0.949953526300793,1.54896229882523,0.529275090427423
4371444812611,155747149018,0.933319006210671,1.5602460099457,0.525311475139763
4450794062356,158472541052,0.951400015903388,1.56888235518503,0.529501178499784
4531583637601,161245632034,0.962622385380027,1.5666915305643,0.528282642167836
4613839682733,164067332973,0.961320186819099,1.53716719912798,0.527617683943256
4697588816706,166938515010,0.949375526436038,1.53975175124214,0.522477519883926
4782858141654,169859972756,0.95025341650516,1.54571263170109,0.522506792018629
4869675251659,172832654392,0.942940273626563,1.56186510807438,0.518114087660254
4958068241685,175857418195,0.940471126795349,1.55999230954612,0.522206028642006
5048065716667,178935200073,0.9419853205197,1.55964007364798,0.523247678055802
5139696800772,182066929270,0.947947329257,1.55932484230764,0.532812954068593
5232991146815,185253536112,0.942463956049211,1.58384647976955,0.54484818853024
5327978945866,188495991821,0.942001649284898,1.60167122635561,0.547465587937367
5424690937011,191795233860,0.933223163089925,1.59249555764166,0.544941856372017
5523158417307,195152365228,0.943106106067541,1.6076111843417,0.541577085047526
5623413251903,198568288816,0.93133595931667,1.61246916647829,0.535364337289272
5725487884358,202044138213,0.937402867176548,1.61380957703368,0.543795298804475
5829415347136,205580875890,0.946922422170873,1.60893141582137,0.539657017119799
5935229272297,209179642830,0.947855615231281,1.59958308727888,0.538135375587504
6042963902381,212841447205,0.94608752401831,1.61257778890474,0.533287155859638
6152654101490,216567491270,0.946834514596837,1.62876303180041,0.537369454376788
6264335366569,220358835593,0.946888448332792,1.61836579043017,0.536457055206677
6378043838892,224216626051,0.938631871363428,1.60121241710344,0.540602087629116
6493816315762,228142093848,0.945386701568006,1.59577433042341,0.539101694180847
6611690262415,232136360035,0.93079783127904,1.59547338600856,0.536925687581675
6731703824145,236200642525,0.933837363075783,1.59873376610786,0.528323340471271
6853895838650,240336155554,0.930155327703741,1.58117880398266,0.53000249561873
6978305848599,244544161702,0.926288569937262,1.59276108066472,0.539970406405629
7104974114427,248826006170,0.923824717366143,1.54792732528042,0.529619287119395
7233941627367,253182915628,0.919062845398315,1.57140620475872,0.534724177268232
7365250122712,257616141249,0.924794520542808,1.55808425168257,0.529114596518026
7498942093325,262127157562,0.917985122177807,1.56528655471948,0.523888585824369
7635060803383,266717249830,0.932767214306583,1.56163814005441,0.51874654556373
7773650302388,271387870707,0.926374000704522,1.56256583959933,0.528229517833983
7914755439411,276140381729,0.927647616954374,1.54527642388137,0.517109036916352
8058421877615,280976205833,0.938015161262499,1.53980424243219,0.506609724472844
8204696109025,285896812700,0.941391087859327,1.53137717026902,0.516810036716973
8353625469578,290903712248,0.945200868159118,1.57037723866083,0.512226719453302
8505258154440,295998429508,0.939205190147776,1.57476282552447,0.515947808186724
8659643233601,301182484452,0.957150017522634,1.57651349913387,0.518601677185145
8816830667756,306457457933,0.960397672302741,1.5713194322667,0.513143400481947
8976871324473,311824932623,0.96120598697469,1.55362966934055,0.502708422147513
9139816994655,317286549079,0.984145779492713,1.5461332808127,0.506601245654374
9305720409297,322843975350,0.98142996033819,1.53444241248806,0.510290135317801
9474635256554,328498856640,0.984546415669364,1.55074161263915,0.510399117872588
9646616199112,334252885762,0.966126288555005,1.56141563727149,0.518659881486496
9821718891880,340107843269,0.9518233828863,1.54656949364197,0.516823064548268
10000000000000,346065536839,0.942998054158843,1.54324264292519,0.523503993106951
10181517217182,352127640224,0.956461821575181,1.5278298604273,0.527319848644381
10366329284377,358296160860,0.95270319480363,1.525506483351,0.520086356852482
10554496008786,364572853213,0.95992070571904,1.54015356151229,0.525624556938456
10746078283213,370959666365,0.954784141913247,1.53713002587253,0.524586296423822
10941138105772,377458514975,0.959288256121761,1.53476188656131,0.532632576174649
11139738599948,384071370705,0.949160556399975,1.53480366615299,0.534292901239882
11341944035028,390800251173,0.949776634766663,1.51983518561341,0.527616378240788
11547819846895,397647119429,0.948477342348794,1.53382814233153,0.528656548960788
11757432659207,404614130781,0.946082774449724,1.52618941233163,0.532007803184578
11970850304957,411703313972,0.938059561988186,1.53791500037107,0.533348750168615
12188141848423,418916961004,0.93913635001215,1.54425137944136,0.53667479897708
12409377607517,426257057172,0.948245617960894,1.54264774485031,0.531919525570404
12634629176545,433725947596,0.943048997963986,1.52336698947296,0.538762527003465
12863969449370,441325905516,0.936131940679804,1.54024440884454,0.537706644238218
13097472643006,449059243413,0.944469587649626,1.5496617717531,0.540021744261181
13335214321633,456928188674,0.953282675806695,1.56752568719755,0.534004828160663
13577271421052,464935316623,0.953385860833195,1.56440227796413,0.527670332184218
13823722273579,473082840010,0.943877202124911,1.59799436788897,0.535349919009782
14074646633398,481373323907,0.937236321628219,1.57128963357524,0.531878678550115
14330125702370,489809304409,0.933688879279923,1.59606465888418,0.526062088289973
14590242156306,498393354478,0.937668888899921,1.58260605460235,0.531527851815983
14855080171728,507128046063,0.941327071351512,1.57983559617698,0.531930467229878
15124725453106,516015946270,0.935560886684439,1.53342971421023,0.535536064430799
15399265260595,525059867820,0.943070046189648,1.50722349152218,0.54604989229298
15678788438270,534262451520,0.940236129839763,1.49704567195045,0.53065385826951
15963385442879,543626497875,0.937992234820528,1.51039186175971,0.53049464047373
16253148373119,553154942409,0.942450915057585,1.51570446775178,0.529108993244139
16548170999432,562850642510,0.947742121950429,1.48730534707754,0.535845396412177
16848548794358,572716457400,0.954415666959884,1.50378568895566,0.535707615544157
17154378963429,582755397862,0.945566432917755,1.53506872194568,0.536859514750186
17465760476621,592970557398,0.93387460752386,1.53202305510426,0.536963590063415
17782794100389,603365029986,0.92961958387867,1.54462662202145,0.536961064902605
18105582430271,613941940611,0.934612292089074,1.55434985757766,0.541048271939041
18434229924091,624704469441,0.931342796484893,1.52683483916419,0.541745863167467
18768842935762,635655856081,0.935768006693255,1.52990450199948,0.539370061468154
19109529749704,646799555641,0.931886322080908,1.52665605986884,0.544662628877414
19456400615886,658138798145,0.923220165399592,1.52725708713868,0.538392784003951
19809567785503,669677103524,0.928985727708131,1.53461740106131,0.531432704730434
20169145547303,681417918342,0.938257496239829,1.51001541059277,0.529826281269613
20535250264571,693364935561,0.945401526133129,1.52501526183924,0.523820525897302
20908000412787,705521604347,0.947840725904998,1.53380309940356,0.521320542221659
21287516617964,717891693494,0.950049036891703,1.52127534657033,0.525268492557919
21673921695684,730478942747,0.939054257179445,1.51014938854964,0.519377329102812
22067340690846,743287088342,0.93420822533665,1.52263589246388,0.523443421368016
22467900918126,756320144191,0.936616673076504,1.54660396198971,0.524387629705064
22875732003184,769582041963,0.95070432296204,1.5306787992142,0.525940598406865
23290965924605,783076746274,0.947386576880775,1.5390676761626,0.524611570284113
23713737056617,796808377212,0.942075737680038,1.55304935383189,0.526556474202938
24144182212566,810781082389,0.940506464954639,1.57840898335589,0.516207455738222
24582440689202,824999197473,0.936513184763247,1.58409887096209,0.517714211008212
25028654311746,839466876497,0.943632378329237,1.57853239003517,0.522684899685214
25482967479793,854188591124,0.926171663000089,1.58383169298,0.523374706369445
25945527214040,869168849342,0.939549162689692,1.58656965739495,0.52975161598717
26416483203861,884412018553,0.95166047510225,1.56586757515384,0.53084873466621
26895987855750,899922952386,0.953798026425003,1.58698944261377,0.531698773824591
27384196342644,915706247570,0.950841235047001,1.58481000049184,0.529599055214041
27881266654131,931766644554,0.966543399253044,1.59723900337752,0.527575145386553
28387359647588,948109109075,0.962146736385313,1.59782955708609,0.529469855496626
28902639100225,964738535395,0.953909230917073,1.61242792359516,0.52498117577039
29427271762093,981660048146,0.953396007667992,1.61346264776538,0.52539677384182
29961427410044,998878669819,0.952878186107596,1.61107384483136,0.526257931903835
30505278902670,1016399717908,0.94647603301329,1.60934590689359,0.526910544760464
31059002236247,1034228365446,0.947664583428196,1.59792873861825,0.528280566076129
31622776601684,1052370166553,0.953142020440635,1.59191339890646,0.523750770937561
32196784442514,1070830671240,0.952530156428843,1.59248467966577,0.517439663256621
32781211513935,1089615330911,0.944130156224534,1.59215935706241,0.522290383574297
33376246942920,1108729905287,0.955680148930924,1.59587766671885,0.52404622471973
33982083289426,1128180200987,0.953159869074808,1.58467203671561,0.52109490573878
34598916608699,1147972138480,0.957145478906518,1.58429832485661,0.521103081647134
35226946514731,1168111671106,0.956114140793406,1.57721562361342,0.531265415271745
35866376244848,1188604963918,0.966376783409937,1.55624265492839,0.526307699241371
36517412725484,1209458299907,0.958160767088693,1.56725611191676,0.532486673760116
37180266639145,1230677945107,0.961090052286378,1.57686654032014,0.52546110478165
37855152492586,1252270287433,0.943365567805786,1.57503627296926,0.531069483191768
38542288686231,1274241854669,0.944250702250481,1.58784687481753,0.531877887732947
39241897584845,1296599482186,0.947041972396927,1.5588305982693,0.535539798860652
39954205589499,1319349801621,0.945421791715198,1.55115826883532,0.527281514699268
40679443210830,1342499808039,0.935990169150607,1.55087952551073,0.519571607286417
41417845143644,1366056416815,0.934712589334364,1.56950670786366,0.525773879351972
42169650342858,1390027011336,0.934156531237577,1.56627205302089,0.533267619637669
42935102100835,1414418623655,0.937495281426906,1.55561695596528,0.53101082782001
43714448126111,1439238786801,0.946399961354659,1.57709844319036,0.526691748144243
44507940623560,1464495014366,0.94074783370435,1.57278819870496,0.527595313310012
45315836376008,1490194890360,0.92318546348081,1.56890789552366,0.529679826483048
46138396827332,1516346295992,0.935078797966348,1.56201377178234,0.521289268812124
46975888167065,1542957230128,0.939242513403248,1.59295389768881,0.517213463266517
47828581416538,1570035769640,0.931750617538505,1.58369585793426,0.523183344419002
48696752516586,1597590147386,0.924745591146185,1.58277880008963,0.519690047486822
49580682416847,1625628527013,0.934956185509099,1.57793665001621,0.521764326885448
50480657166675,1654159632783,0.940948371817714,1.58698384184854,0.528616951192547
51396968007715,1683192085610,0.932664807240257,1.57487317075082,0.535658071047639
52329911468149,1712734632957,0.928927498610864,1.57792898208455,0.531795693803139
53279789458656,1742796375509,0.930522600283593,1.54036114896653,0.522732745382442
54246909370113,1773386250701,0.917173632124385,1.51778760260367,0.527839092010153
55231584173071,1804513736777,0.915952696621543,1.53762514284569,0.531907862345661
56234132519035,1836188237927,0.941285252347594,1.5635053793103,0.53672691543641
57254878843584,1868419358507,0.938090948996821,1.55090917133867,0.541425933300075
58294153471361,1901216889801,0.931477220542788,1.54659863472575,0.547396983766742
59352292722970,1934590928283,0.936825412343441,1.54141287131228,0.546493999925444
60429639023813,1968551382642,0.941839860573453,1.53544221822812,0.535288318814471
61526541014904,2003108707015,0.955437615957557,1.538083772155,0.530203540905058
62643353665689,2038273377884,0.957411670634435,1.54079169677178,0.539960850711847
63780438388922,2074056076470,0.966831162507803,1.53853576079305,0.538966451891174
64938163157621,2110467651032,0.965361603362827,1.5336271880101,0.534484888071048
66116902624148,2147519275578,0.950496758605168,1.53338320943134,0.533764832053362
67317038241450,2185222117394,0.958619242000891,1.54256464061242,0.536185593934873
68538958386501,2223587615510,0.9540826895127,1.56780329581739,0.539747117841721
69783058485987,2262627494214,0.943941801458686,1.55387438038459,0.540463613339882
71049741144268,2302353524086,0.949433887314705,1.55393235374878,0.5372667592387
72339416273667,2342777969763,0.952444290197702,1.55114991219304,0.541031010584924
73652501227123,2383912740151,0.962880731299576,1.55627588104923,0.534962408622433
74989420933246,2425770710702,0.957765460557295,1.53653238507883,0.535618292695437
76350608033833,2468364544607,0.945018398437609,1.54295857208537,0.539669602077329
77736503023878,2511707134987,0.929193695242392,1.53636624088816,0.528673191734041
79147554394112,2555811585897,0.931486503985502,1.53645257537801,0.53262291318094
80584218776148,2600691470531,0.939661524008895,1.52592598961386,0.537950824102606
82046961090250,2646360285146,0.920830872707461,1.51560295965653,0.534837955393871
83536254695783,2692831912371,0.93559060580744,1.52980446311368,0.535809433242372
85052581544400,2740120503980,0.947504683341526,1.5365894487574,0.538856562083357
86596432336007,2788240635260,0.956180048084982,1.53008739311669,0.53310850521131
88168306677557,2837206686750,0.959813054068766,1.5333376990483,0.529362822661533
89768713244731,2887033637929,0.949106180253047,1.53799881930876,0.527626067040314
91398169946549,2937736691899,0.950688832069731,1.53888843948871,0.523648578929591
93057204092970,2989331210974,0.95828416770775,1.55759322068178,0.519124731279881
94746352565538,3041832888457,0.966954339791425,1.55681762511867,0.519201961376221
96466161991120,3095257569168,0.960388292887414,1.5395766185549,0.503377697419342
98217188918804,3149621718382,0.952275131961416,1.51573955728069,0.505890385129743
100000000000000,3204941750802,0.958879379961631,1.50253726904397,0.51444042506241
101815172171818,3261234506440,0.958783522981317,1.51423135609404,0.519610695678878
103663292843770,3318517122720,0.954399280097922,1.52737748551628,0.515083291400836
105544960087860,3376806983283,0.95681184549138,1.50935615697758,0.519910252606002
107460782832132,3436122004826,0.959126276193887,1.50453877890019,0.521379094786231
109411381057719,3496479880155,0.959005883442857,1.51549788214595,0.52364289202043
111397385999480,3557899262954,0.949038112350508,1.53313403581541,0.523330127858228
113419440350276,3620398728967,0.942951913117386,1.5280431795597,0.524619854155133
115478198468946,3683997357774,0.939792304027482,1.52763998831291,0.526917935530374
117574326592071,3748714452447,0.940811191330064,1.52753565864002,0.522832894938104
119708503049573,3814569556284,0.949756021111777,1.53648323093087,0.518814156271674
121881418484229,3881582817267,0.933101392842336,1.56112638846714,0.51548443995059
124093776075172,3949774743961,0.937457592366475,1.56374099146725,0.513607982123254
126346291765447,4019166018263,0.933068923534011,1.56572616729972,0.519276725825969
128639694493697,4089777747337,0.941527367487518,1.55245242223023,0.528441315309802
130974726430059,4161631392696,0.942510679488073,1.55376768348536,0.529967763232062
133352143216332,4234748825938,0.934124314505438,1.56224012301523,0.52283372817615
135772714210518,4309152350972,0.931907494484945,1.57279920640236,0.526203251506863
138237222735790,4384864493469,0.928720426500764,1.55605483434595,0.522375905782141
140746466333984,4461908561572,0.93436180926251,1.56471964702636,0.529052208675243
143301257023696,4540307528279,0.938750095493576,1.55403689104908,0.529837601720031
145902421563056,4620085497537,0.929615599910112,1.54733716798062,0.533211886611618
148550801717278,4701266803957,0.928424494113559,1.55609840404839,0.533659849032897
151247254531062,4783876276998,0.929667551714465,1.54548111606739,0.536879700005827
153992652605949,4867939006224,0.928449089766397,1.56065579088745,0.534110531338683
156787884382697,4953480517147,0.926159943693474,1.56851332917707,0.533775729333718
159633854428794,5040526673811,0.93581235636018,1.55127411822348,0.525383884379926
162531483731186,5129104116860,0.937120359065133,1.56150540596805,0.517447077333862
165481709994318,5219239996895,0.936717960635428,1.58905589011321,0.525702889652956
168485487943584,5310961585577,0.931749534430663,1.58261998009955,0.52298001269497
171543789634288,5404296555932,0.933416714918621,1.59495810265369,0.530021241844352
174657604766212,5499273883761,0.934629983776071,1.62201027233947,0.527943581640801
177827941003892,5595921989102,0.940704598209431,1.636165483495,0.531597128265589
181055824302712,5694270455642,0.950795504102153,1.62966325518382,0.535599554185883
184342299240911,5794349324839,0.947300468162135,1.59712311715202,0.535260006408392
187688429357622,5896188990400,0.94948946465866,1.5984172854469,0.535242189658414
191095297497044,5999820404449,0.947747439831226,1.61461938398955,0.53753144593421
194564006158864,6105275375019,0.949748451473842,1.62359920224554,0.537411920242473
198095677855034,6212585767784,0.961647175612255,1.60517116159917,0.534039072074495
201691455473033,6321784307958,0.956785935007457,1.58612274645654,0.543185935305811
205352502645715,6432904362865,0.96013133774697,1.59579992297693,0.542204313716835
209080004127872,6545979512109,0.951551324262533,1.59653863312828,0.542321486842286
212875166179637,6661044599430,0.947047423683548,1.5985850419354,0.538827559999915
216739216956842,6778134448680,0.954514926461493,1.56908290688992,0.535239905609841
220673406908459,6897284640719,0.958057586764817,1.57456484459925,0.536999276856233
224679009181264,7018531663255,0.955962538261528,1.5849642888611,0.541123649159852
228757320031840,7141912341968,0.946240149723066,1.56164185516167,0.538310716124352
232909659246055,7267463955932,0.949476806238258,1.56792342686665,0.533923876470065
237137370566166,7395225497741,0.939268756621192,1.5605230587951,0.534712823893353
241441822125664,7525235322085,0.943865195424553,1.5558860737248,0.534835466612797
245824406892020,7657533051369,0.950006708314383,1.57101437134791,0.532791507843452
250286543117461,7792159155244,0.955775434721586,1.54929251612762,0.529905865679742
254829674797935,7929154685268,0.963152667596641,1.55908071494256,0.533104146320555
259455272140402,8068561030949,0.963244675030466,1.54449806633195,0.522778139096067
264164832038609,8210421179092,0.95496671106646,1.54885473763194,0.521073983039354
268959878557504,8354777956873,0.950323874474083,1.52015402842333,0.522490033832365
273841963426436,8501675640549,0.945020286918757,1.52652589080538,0.519394038862887
278812666541313,8651158663707,0.948174054299482,1.53294097259198,0.528124273876523
283873596475876,8803272991947,0.940667062625517,1.53654707299636,0.520871924702328
289026391002245,8958064699587,0.946274613875956,1.54328907415711,0.523602194096884
294272717620928,9115581076745,0.952353217175524,1.56733541287144,0.526223099066664
299614274100436,9275870117908,0.952739715100855,1.55337586884156,0.520977224886218
305052789026703,9438980482792,0.949085579074692,1.56653090396997,0.522439961963914
310590022362471,9604961962025,0.944673433942434,1.5638906315486,0.526545955979756
316227766016838,9773865306521,0.943013678911519,1.58160644563946,0.527442051711841
321967844425138,9945742138865,0.945653599394338,1.56262418544493,0.529260934529083
327812115139346,10120644193844,0.950190353751331,1.57316904480823,0.527987850502701
333762469429204,10298625395623,0.93964530389348,1.57114047552064,0.529388629391817
339820832894256,10479739800382,0.924422773784804,1.5671014798612,0.533844419476301
345989166086993,10664042676177,0.931994853279839,1.56147617989207,0.530412902094347
352269465147310,10851590026570,0.929584873052755,1.55986825794989,0.534723774030815
358663762448477,11042439237243,0.93181412283514,1.53997348143831,0.530944165651959
365174127254838,11236648683811,0.928595284968966,1.54214788283415,0.53390721341123
371802666391447,11434277105534,0.931730871243445,1.54762203675143,0.529636239502818
378551524925863,11635384937881,0.932693644455982,1.54279234804475,0.529964661537271
385422886862311,11840033683758,0.933895147697242,1.55092232623595,0.526241373229111
392418975848454,12048285422981,0.953048191507351,1.56872351245588,0.525477705158497
399542055894989,12260203791178,0.954870365151355,1.56442500378116,0.525548380553537
406794432108305,12475853405025,0.953471279847741,1.54425398451268,0.523972245674033
414178451436441,12695300041395,0.948007766481133,1.55367963566748,0.524004692273706
421696503428582,12918610636569,0.941695835947136,1.55996121590395,0.528899573763594
429351021008348,13145853436643,0.946346886459054,1.56106566971656,0.531349728697029
437144481261109,13377097511911,0.945884558103304,1.54548295345013,0.532058420741019
445079406235600,13612413424017,0.932823776374023,1.54213987920272,0.52929284643517
453158363760082,13851872990380,0.937726710305685,1.53261312898742,0.522836968478726
461383968273321,14095549187273,0.938476873729314,1.5358980826682,0.517022571707542
469758881670649,14343516402402,0.92854115721584,1.51692951520104,0.516739509671835
478285814165379,14595850038290,0.935808242418159,1.51664405105777,0.520458443937918
486967525165863,14852627465838,0.935723859890606,1.51598675525867,0.515816500260332
495806824168466,15113927133207,0.93289893497749,1.50182016907397,0.516795951492199
504806571666747,15379828112973,0.940550512550555,1.51723144401012,0.515029964049555
513969680077151,15650412007570,0.940856613607744,1.50521577717319,0.519039883475631
523299114681495,15925760983141,0.950402256442199,1.51208197616114,0.516690456833046
532797894586564,16205959381065,0.944722272961999,1.51303220379704,0.517564296563075
542469093701133,16491092532372,0.94371608585753,1.52201780534831,0.525458299804203
552315841730710,16781247544091,0.934163689222952,1.53165885163831,0.530982802823431
562341325190349,17076512571495,0.93582060637141,1.50779382332847,0.529149907813459
572548788435838,17376978215911,0.930716182692304,1.49574736856658,0.528898130719938
582941534713607,17682735859633,0.935771682840545,1.52797278394688,0.526731198569909
593522927229699,17993879244688,0.946453856825424,1.52341664841437,0.520089930489896
604296390238133,18310502763805,0.931448539696844,1.51728458461656,0.518018589922692
615265410149037,18632702921112,0.950415742175241,1.52757947012818,0.519665880647417
626433536656886,18960578450279,0.953960159490117,1.52226165048455,0.520915172853219
637804383889218,19294228972656,0.96359032550018,1.53197121794053,0.527167222929078
649381631576211,19633756840400,0.961108959001785,1.56206241984653,0.535933936566513
661169026241482,19979265434378,0.956332795825219,1.57208083701639,0.538005079372643
673170382414498,20330860197416,0.956735643700253,1.58655234982374,0.543176266708344
685389583865008,20688648886773,0.958375088616352,1.57288868155101,0.536987385146007
697830584859866,21052739643194,0.968395515329908,1.55886604959979,0.541310676901707
710497411442679,21423244269166,0.962594082139771,1.5441054384837,0.540675300124645
723394162736675,21800276146253,0.966709975821721,1.54101873802321,0.538820338749762
736525012271228,22183950186614,0.969945743842544,1.53267443993767,0.537260127945139
749894209332456,22574383131781,0.966237932452643,1.55116049834723,0.54062158550203
763506080338335,22971694145034,0.963399092472391,1.56050276660815,0.542506832246048
777365030238776,23376004855255,0.959773530743322,1.55797835413857,0.535275553047361
791475543941116,23787438559267,0.953992470317636,1.54723050187333,0.53005580962068
805842187761482,24206121163361,0.952095551071538,1.55587307790181,0.533474044904378
820469610902499,24632179802435,0.93670579395443,1.55399896422084,0.538964606426557
835362546957826,25065745385449,0.947354374559232,1.54923144634084,0.536629906283649
850525815443996,25506949631706,0.936805259328244,1.55420675891118,0.534084578897807
865964323360065,25955927234388,0.933787690424806,1.5898770537826,0.527806733870938
881683066775571,26412816024032,0.934206961144606,1.58679931902724,0.526325323706496
897687132447314,26877754743765,0.936471733479924,1.60063206078291,0.526949250244501
913981699465491,27350885895361,0.936502949266695,1.60316869269438,0.53115704268603
930572040929699,27832353418219,0.931898028917004,1.61888663422036,0.539817931038524
947463525655375,28322305012390,0.941685396210587,1.5859187763616,0.53266374868002
964661619911199,28820889513006,0.939234965103452,1.58802302243719,0.535514132220537
982171889188038,29328260071951,0.935169752984138,1.58974555152833,0.531102275975976
1000000000000000,29844570422669,0.945443536080364,1.58327716069788,0.530788303260944
