x,pi_x,lhs_sigma1,data_constant_sigma1,lhs_sigma2,data_constant_sigma2,lhs_sigma3,data_constant_sigma3,lhs_sigma4,data_constant_sigma4
100,25,2.00046003561682,1.23687022271287,-1.9098178230216,-1.14622801011765,-0.7830354387072,-0.0194456258032497,2.48124760811182,1.71765779520787
102,26,1.70194887855382,0.936213632184667,-1.8103141040006,-1.04457885763145,-0.683531719686201,0.0822035266829519,2.58075132713282,1.81501608076366
104,27,1.80048180637025,1.03265168975274,-1.71178117618417,-0.943951059566656,-0.97913050313549,-0.211300386517977,2.67928425494925,1.91145413833173
106,27,1.80048180637025,1.03060521688247,-1.71178117618417,-0.941904586696385,-0.97913050313549,-0.209253913647705,2.67928425494925,1.90940766546146
107,28,1.89715545527481,1.12627313806075,-2.00180212289785,-1.23091980568379,-0.882456854230931,-0.11157453701687,2.77595790385381,2.00507558663974
109,29,1.99293808379692,1.22007811574704,-1.90601949437574,-1.13315952632585,-0.786674225708816,-0.0138142576589344,2.48861001828746,1.71575005023758
111,29,1.99293808379692,1.21814400474234,-1.90601949437574,-1.13122541532115,-0.786674225708816,-0.0118801466542329,2.48861001828746,1.71381593923288
113,30,2.08701017063528,1.3103237747589,-1.81194740753738,-1.03526101166099,-1.0688904862239,-0.292204090347514,2.58268210512582,1.80599570924944
115,30,2.08701017063528,1.30847160656663,-1.81194740753738,-1.03340884346872,-1.0688904862239,-0.290351922155244,2.58268210512582,1.80414354105717
118,30,2.08701017063528,1.30576525976385,-1.81194740753738,-1.03070249666594,-1.0688904862239,-0.287645575352463,2.58268210512582,1.80143719425439
120,30,2.08701017063528,1.30400685575528,-1.81194740753738,-1.02894409265737,-1.0688904862239,-0.285887171343889,2.58268210512582,1.79967879024581
122,30,2.08701017063528,1.30228352819678,-1.81194740753738,-1.02722076509887,-1.0688904862239,-0.284163843785389,2.58268210512582,1.79795546268731
124,30,2.08701017063528,1.30059399940679,-1.81194740753738,-1.02553123630888,-1.0688904862239,-0.282474314995403,2.58268210512582,1.79626593389733
126,30,2.08701017063528,1.29893705840137,-1.81194740753738,-1.02387429530346,-1.0688904862239,-0.280817373989978,2.58268210512582,1.7946089928919
129,31,2.17574582157689,1.38524590295598,-2.07815436036221,-1.28765444174129,-0.980154835282286,-0.189654916661374,2.67141775606743,1.88091783744652
131,32,1.91363460457858,1.12155431448621,-1.9907839546961,-1.19870366460373,-0.892784429616181,-0.100704139523811,2.75878816173354,1.96670787164117
133,32,1.91363460457858,1.12000275592731,-1.9907839546961,-1.19715210604483,-0.892784429616181,-0.0991525809649064,2.75878816173354,1.96515631308226
136,32,1.91363460457858,1.1177273517779,-1.9907839546961,-1.19487670189542,-0.892784429616181,-0.0968771768154969,2.75878816173354,1.96288090893285
138,33,1.99907037035026,1.20167948484837,-2.24709125201114,-1.44970036650926,-0.8073486638445,-0.00995777834261513,2.84422392750522,2.04683304200333
141,34,2.08388926331826,1.28432075431971,-2.16227235904314,-1.3627038500446,-0.722529770876504,0.0770387381220408,2.58976724860122,1.79019873960268
143,34,2.08388926331826,1.28289971806538,-2.16227235904314,-1.36128281379027,-0.722529770876504,0.0784597743763682,2.58976724860122,1.78877770334835
146,34,2.08388926331826,1.28081233824751,-2.16227235904314,-1.3591954339724,-0.722529770876504,0.0805471541942417,2.58976724860122,1.78669032353048
149,35,2.16581245537016,1.36069902420997,-2.08034916699124,-1.27523573583106,-0.640606578824602,0.164506852335583,2.34399767244552,1.53888424128533
151,36,1.92167591773883,1.11523195690616,-1.99897032111413,-1.19252636028146,-0.559227732947491,0.247216227885178,2.42537651832263,1.61893255748996
154,36,1.92167591773883,1.11327528932128,-1.99897032111413,-1.19056969269658,-0.559227732947491,0.249172895470063,2.42537651832263,1.61697588990508
157,37,2.00148460618559,1.19117247007211,-2.23839638645441,-1.42808425034094,-0.479419044500731,0.330893091612745,2.50518520676939,1.69487307065591
160,37,2.00148460618559,1.18930421936133,-2.23839638645441,-1.42621599963015,-0.479419044500731,0.332761342323526,2.50518520676939,1.69300481994513
163,38,2.07981065118438,1.26580348246977,-2.16007034145562,-1.34606317274101,-0.714397179497102,0.0996099892175092,2.58351125176818,1.76950408305357
165,38,2.07981065118438,1.2646078312176,-2.16007034145562,-1.34486752148884,-0.714397179497102,0.100805640469677,2.58351125176818,1.7683084318014
168,39,2.1571929744378,1.3402287973233,-2.39221731121588,-1.57525313410139,-0.637014856243681,0.179949320870816,2.6608935750216,1.8439293979071
172,39,2.1571929744378,1.33793793097032,-2.39221731121588,-1.5729622677484,-0.637014856243681,0.182240187223798,2.6608935750216,1.84163853155412
175,40,2.23322156656478,1.41228973459272,-2.3161887190889,-1.49525688711685,-0.865100632624622,-0.0441688006525665,2.73692216714858,1.91599033517652
178,40,2.23322156656478,1.41064691069634,-2.3161887190889,-1.49361406322046,-0.865100632624622,-0.0425259767561819,2.73692216714858,1.91434751128014
181,42,2.08497683196582,1.26079205628553,-2.16711579518898,-1.3429310195087,-0.716027708724702,0.108157066955584,2.5870210539477,1.76283627826741
184,42,2.08497683196582,1.25921344716291,-2.16711579518898,-1.34135241038608,-0.716027708724702,0.109735676078203,2.5870210539477,1.76125766914479
188,42,2.08497683196582,1.25715570548035,-2.16711579518898,-1.33929466870352,-0.716027708724702,0.111793417760764,2.5870210539477,1.75919992746223
191,43,1.8679044503781,1.03857394198557,-2.09475833465974,-1.26542782626722,-0.643670248195462,0.185660260197063,2.65937851447694,1.83004800608441
195,44,1.93988602545296,1.10858633703696,-2.02277675958488,-1.19147707116889,-0.859614973420042,-0.0283152850040467,2.7313600895518,1.9000604011358
198,45,2.01113307544087,1.17838777606173,-2.23651790954861,-1.40377261016948,-0.788367923432132,0.0443773759470024,2.80260713953971,1.96986184016057
202,46,2.0820211959417,1.24738842193326,-2.16562978904778,-1.33099701503934,-0.717479802931301,0.117152971077141,2.58994277803722,1.75531000402878
205,46,2.0820211959417,1.24600173148691,-2.16562978904778,-1.32961032459299,-0.717479802931301,0.118539661523492,2.58994277803722,1.75392331358243
209,46,2.0820211959417,1.24418985429343,-2.16562978904778,-1.32779844739951,-0.717479802931301,0.120351538716971,2.58994277803722,1.75211143638895
213,47,1.87549267869525,1.0358901678349,-2.09678694996563,-1.25718443910529,-0.648636963849151,0.190965547011195,2.65878561711937,1.81918310625902
217,47,1.87549267869525,1.03415803133319,-2.09678694996563,-1.25545230260358,-0.648636963849151,0.192697683512903,2.65878561711937,1.81745096975731
221,47,1.87549267869525,1.03246335108743,-2.09678694996563,-1.25375762235781,-0.648636963849151,0.194392363758666,2.65878561711937,1.81575628951155
225,48,1.9424576317135,1.09776959495783,-2.02982199694738,-1.18513396019171,-0.849531822903902,-0.00484378614823211,2.72575057013762,1.88106253338195
229,50,2.074911822919,1.22859964742768,-2.16285713038184,-1.31654495489053,-0.717077631698402,0.129234543792913,2.59387732116108,1.74756514566976
233,51,2.14042400112704,1.29252093489554,-2.0973449521738,-1.2494418859423,-0.913614166322523,-0.0657111000910209,2.65938949936912,1.81148643313762
237,51,2.14042400112704,1.29096204235416,-2.0973449521738,-1.24788299340093,-0.913614166322523,-0.0641522075496453,2.65938949936912,1.80992754059624
241,53,2.01186163594208,1.16087160049766,-1.9682446667984,-1.11725463135399,-0.784513880947122,0.0664761544972936,2.52975129380328,1.67876125835886
246,53,2.01186163594208,1.15900313950603,-1.9682446667984,-1.11538617036235,-0.784513880947122,0.0683446154889252,2.52975129380328,1.67689279736723
250,53,2.01186163594208,1.15754039378908,-1.9682446667984,-1.1139234246454,-0.784513880947122,0.0698073612058759,2.52975129380328,1.67543005165028
255,54,1.82250331501274,0.966392039264217,-1.90512522648862,-1.0490139507401,-0.721394440637342,0.13471683511118,2.59287073411306,1.73675945836454
259,55,1.88488160116792,1.0273678746831,-2.09226008495416,-1.23474635846934,-0.659016154482162,0.198497572002659,2.65524902026824,1.79773529378342
264,56,1.94654424276574,1.08731296997906,-2.03059744335634,-1.17136617056966,-0.844004079275622,0.0152271935110593,2.71691166186606,1.85768038907938
269,57,2.00751531885071,1.14660444134166,-1.96962636727137,-1.10871548976233,-0.783033003190653,0.0778778743183944,2.53399843361115,1.6730875561021
274,58,1.82527829708147,0.962724217652462,-1.90888069334829,-1.04632661391928,-0.722287329267571,0.140266750161435,2.59474410753423,1.73219002810522
279,59,1.88536247389408,1.02120014611933,-2.08913322378612,-1.22497089601137,-0.662203152454962,0.201959175319789,2.65482828434684,1.79066595657209
284,61,1.76584130784029,0.900104318886245,-1.97003439533115,-1.10429740637711,-0.780879643311113,0.0848573456429296,2.77392711280181,1.90819012384776
289,61,1.76584130784029,0.898561955172924,-1.97003439533115,-1.10275504266379,-0.780879643311113,0.0863997093562496,2.77392711280181,1.90664776013444
294,62,1.82426193162398,0.95547129415227,-1.91161377154746,-1.04282313407575,-0.956141514662182,-0.0873508771904727,2.8323477365855,1.96355709911379
300,62,1.82426193162398,0.953697158221175,-1.91161377154746,-1.04104899814466,-0.956141514662182,-0.0855767412593781,2.8323477365855,1.96178296318269
305,62,1.82426193162398,0.952250276470887,-1.91161377154746,-1.03960211639437,-0.956141514662182,-0.0841298595090899,2.8323477365855,1.96033608143241
311,64,1.71122055304041,0.837508987208863,-2.02612801749571,-1.15241645166417,-0.842363702396272,0.0313478634352747,2.94612554885141,2.07241398301986
316,65,1.76774389493484,0.892644893767121,-1.96960467560128,-1.09450567443356,-1.01193372807956,-0.136834726911844,3.00264889074584,2.12754988957812
322,66,1.82390949056501,0.947179191094303,-2.13810146249179,-1.26137116302109,-0.955768132449393,-0.0790378329786879,3.05881448637601,2.1820841869053
328,66,1.82390949056501,0.945583169955014,-2.13810146249179,-1.2597751418818,-0.955768132449393,-0.0774418118393992,3.05881448637601,2.18048816576601
334,67,1.65901457758622,0.779126109628078,-2.08313649149886,-1.20324802354072,-0.900803161456462,-0.0209146934983221,3.11377945736894,2.2338909894108
340,68,1.71348804865651,0.832069983959548,-2.24655690470973,-1.36513884001277,-0.846329690386172,0.0350883743107875,3.16825292843923,2.28683486374227
346,68,1.71348804865651,0.830571688918525,-2.24655690470973,-1.36364054497175,-0.846329690386172,0.0365866693518108,3.16825292843923,2.28533656870125
352,70,1.82069963412323,0.936315101012606,-2.35407657008101,-1.46969203697039,-0.739118104919452,0.14526642819117,3.06134942287707,2.17696488976645
359,72,1.92670224506139,1.04064142786346,-2.24807395914285,-1.36201314194492,-0.846014012146211,0.0400468050517179,2.95624010822751,2.07017929102958
365,72,1.92670224506139,1.03923476853016,-2.24807395914285,-1.36060648261163,-0.846014012146211,0.0414534643850132,2.95624010822751,2.06877263169628
372,73,1.97890182015858,1.08982702891001,-2.40467268443442,-1.51559789318586,-0.793814437049022,0.0952603541995426,3.0084396833247,2.11936489207613
379,75,2.08204640716018,1.19139927364005,-2.30152809743282,-1.41088096391269,-0.897781999278822,-0.00713486575869082,2.9061180715513,2.01547093803117
385,76,2.13314402019094,1.24117593556838,-2.25043048440206,-1.35846239977951,-1.0510748383711,-0.159106753748548,2.95721568458206,2.0652475999595
392,77,2.18384603284728,1.29036689858758,-2.19972847174572,-1.30624933748603,-1.00037282571476,-0.106893691455067,2.80510964661304,1.91163051235334
400,78,2.23403459417013,1.33886665370768,-2.35029415571427,-1.45512621525182,-0.950184264391913,-0.055016323929466,2.85529820793589,1.96013026747344
407,79,2.08422174333846,1.18760811546714,-2.30035653877038,-1.40374291089906,-0.900246647448023,-0.0036330195767057,2.90523582487978,2.00862219700846
414,80,2.13366856098187,1.23563796140986,-2.25090972112697,-1.35287912155496,-0.850799829804613,0.0472307697674001,2.75689537194955,1.85886477237753
422,82,2.0363107042079,1.13669452263493,-2.1533195063695,-1.25370332479653,-0.753209615047142,0.146406566525829,2.65907279920858,1.75945661763561
429,82,2.0363107042079,1.13533561078255,-2.1533195063695,-1.25234441294415,-0.753209615047142,0.147765478378207,2.65907279920858,1.75809770578323
437,84,1.93986272208339,1.03736586794891,-2.05709426815037,-1.15459741401589,-0.849212109360892,0.0532847447735881,2.75529803742771,1.85280118329323
445,86,2.03510155188828,1.13111503694324,-1.96185543834548,-1.05786892340044,-0.944019014814241,-0.0400324998692048,2.65962728327128,1.75564076832624
453,87,2.08229446970658,1.17684914479256,-1.91466252052718,-1.00921719561316,-0.896826096995941,0.00861922791808123,2.51804852981638,1.61260320490236
461,89,1.9893485668293,1.08247410363942,-2.00842195816142,-1.10154749497154,-0.803473426740181,0.103401036449698,2.61140120007214,1.70452673688226
470,91,2.08209698940159,1.17364882753626,-2.10077146094221,-1.19232329907688,-0.89662076910397,0.0118273927613638,2.70414962264443,1.79570146077909
478,91,2.08209698940159,1.17227911661706,-2.10077146094221,-1.19095358815768,-0.89662076910397,0.0131971036805635,2.70414962264443,1.79433174985989
487,93,2.17310248108303,1.26177517362824,-2.19102327103253,-1.27969596357774,-0.805615277422531,0.105712030032261,2.61239044937187,1.70106314191708
496,94,2.03771437636105,1.12490969470123,-2.14589390279187,-1.23308922113205,-0.76048590918187,0.152318772477946,2.65751981761253,1.74471513595271
505,96,2.1270683206714,1.2128170682821,-2.05653995848152,-1.14228870609222,-0.849483149698601,0.0647681026906958,2.56780916950856,1.65355791711926
514,97,2.1713925413892,1.25572433565664,-2.01221573776372,-1.09654753203117,-0.805158928980802,0.110509276751754,2.43483650735516,1.5191683016226
523,99,2.08368710203237,1.16663043998172,-1.92467799538523,-1.00762133333459,-0.892528974380951,0.0245276876696926,2.52237424973365,1.605317587683
533,99,2.08368710203237,1.16511984665863,-1.92467799538523,-1.00611074001149,-0.892528974380951,0.0260382809927873,2.52237424973365,1.60380699435991
542,100,1.95470702791468,1.03480806661929,-1.881684637346,-0.961785676050606,-0.84953561634172,0.0703633449536731,2.56536760777288,1.64546864647749
552,101,1.99746394039559,1.07611503641883,-2.00995537478873,-1.08860647081198,-0.806778703860813,0.114570200115939,2.60812452025379,1.68677561627703
562,102,2.03983530025629,1.11706656671552,-2.13706945437083,-1.21430072083006,-0.76440734400011,0.158361389540658,2.65049588011449,1.72772714657372
573,105,1.99835636367182,1.07405922060934,-2.01115360082782,-1.08685645776534,-0.807071391241541,0.11722575182094,2.60872301039738,1.6844258673349
583,106,2.039986908384,1.11432948690823,-2.13604523496436,-1.2103878134886,-0.765440846529362,0.160216574946405,2.65035355510956,1.72469613363379
594,108,2.12232640367231,1.19520351383659,-2.21880340835865,-1.29168051852293,-0.847361663711691,0.079761226124028,2.73269305039787,1.80557016056215
604,110,2.04081274352738,1.11238459207364,-2.13715366521398,-1.20872551376024,-0.765711920567023,0.162716230886719,2.65090722425346,1.72247907279971
615,112,2.12179111103689,1.19195572330154,-2.21853028939811,-1.28869490166276,-0.846292031401912,0.0835433563334359,2.73188559176297,1.80205020402762
626,114,2.20224298870122,1.27102915821354,-2.29911234817946,-1.36789851769178,-0.765840153737582,0.165373676750095,2.65156389521566,1.72035006472798
638,115,2.08281487440252,1.15012884789032,-2.25930297674656,-1.32661695023437,-0.726030782304683,0.206655244207514,2.69137326664856,1.75868724013636
649,118,2.04307220560731,1.10906448851368,-2.29831137122925,-1.36430365413562,-0.765527551338254,0.168480165755378,2.80962109896003,1.8756133818664
661,121,2.00447322273597,1.06905283914586,-2.18132838578371,-1.24590800219361,-0.805076661931672,0.130343721658434,2.77078620697925,1.83536582338914
673,122,2.04302038996055,1.10621662992056,-2.14278121855913,-1.20597745851915,-0.920718163605413,0.0160855964345712,2.80933337420383,1.87252961416384
685,124,2.11971744865143,1.18155847835493,-2.21981664827309,-1.2816576779766,-0.997076851273212,-0.0589178809767171,2.88603043289471,1.94787146259821
698,125,2.00559207011514,1.06599551013034,-2.18177485542766,-1.24217829544286,-0.959035058427782,-0.0194384984429807,2.92407222574014,1.98447566575534
710,127,1.92983942223451,0.988942988259011,-2.10644958838821,-1.16555315441272,-0.883709791388332,0.0571866425871644,2.84917433954187,1.90827790556637
723,128,1.96713312926592,1.02485676425137,-2.0691558813568,-1.12687951634225,-0.846416084356923,0.0958602806576283,2.73729321844764,1.79501685343309
737,130,2.04115691910119,1.09742608057293,-2.14348387983197,-1.19975304130371,-0.920135665552293,0.0235951729759692,2.81131700828291,1.86758616975465
750,132,2.11462895565243,1.16957574151441,-2.07001184328073,-1.12495862914271,-0.993409396650453,-0.0483561825124303,2.73764666627859,1.79259345214057
764,135,1.93275310404716,0.986304981136995,-2.10630820797028,-1.15986008506012,-0.884323288503042,0.0621248344071214,2.846732774426,1.90028465151583
777,137,2.00478152640917,1.05706421740526,-2.03427978560827,-1.08656247660437,-0.956164866394154,-0.00844755739025127,2.77451750759309,1.82680019858918
791,138,2.04042767669915,1.09137058386434,-2.14121823647821,-1.19216114364341,-0.920518716104173,0.0285383767306301,2.81016365788307,1.86110656504827
806,139,2.07584949404794,1.12538684561307,-2.24748368852458,-1.29702104008971,-0.885096898755382,0.0653657496794907,2.84558547523186,1.89512282679699
820,141,2.00566337366158,1.05391573839374,-2.17721081146682,-1.22546317619898,-0.814824021697623,0.136923613570217,2.7752258415027,1.82347820623486
835,145,2.00532530316979,1.05222857571897,-2.17704154789077,-1.22394482043996,-0.814992364512612,0.138104362938202,2.77556299123343,1.82246626378261
851,146,2.03984913715777,1.08534372362718,-2.14251771390279,-1.1880123003722,-0.780468530524631,0.17403688300596,2.67199148926949,1.7174860757389
866,150,2.17640778988716,1.22060908208756,-2.14259645831044,-1.18679775051084,-0.917028852788761,0.0387698550108423,2.67207190321188,1.71627319541228
882,152,2.10910282248044,1.15195264158364,-2.21020840430196,-1.25305822340516,-0.849570396089641,0.107579784807163,2.739530359911,1.78238017901419
898,154,2.1763322157809,1.21785840482402,-2.2772858665761,-1.31881205561922,-0.916951720416421,0.0415220905404573,2.80675975321146,1.84828594225458
914,156,2.11014223650109,1.15037157488898,-2.34376775350563,-1.38399709189353,-0.850615787311751,0.109154874300354,2.87309568631613,1.91332502470402
931,158,2.17593812848503,1.21481778211053,-2.27797186152169,-1.3168515151472,-0.784819895327812,0.176300451046682,2.67570801036431,1.71458766398981
947,161,2.14330513320101,1.18094005531304,-2.44086542232515,-1.47850034443718,-0.687056617284073,0.275308460603896,2.77347128840805,1.81110621052008
965,162,2.17569831062059,1.21196139783833,-2.40847224490557,-1.44473533212331,-0.784236149542812,0.179500763239451,2.80586446582763,1.84212755304537
982,165,2.14357439552649,1.17856851221306,-2.56883271714559,-1.60382683383217,-0.687993955875752,0.277011927437676,2.90210665949469,1.93710077618126
1000,168,2.11184161919448,1.14551925223644,-2.60018257692356,-1.63386020996553,-0.720242731031723,0.24607963592631,2.99743807076064,2.0311157038026
1018,170,2.17474225787584,1.20713025916523,-2.5372819382422,-1.56966993953159,-0.783018937071681,0.184593061638928,2.93441299943788,1.96680100072727
1037,174,2.04986357135573,1.08091830332173,-2.41240218400459,-1.44345691597059,-0.782593461091471,0.18635180694253,2.93398645574017,1.96504118770617
1055,177,2.01922459506697,1.04904175981517,-2.31965722059819,-1.3494743853464,-0.689848497685071,0.280334337566723,2.77913550521613,1.80895266996433
1075,180,1.98838033220708,1.01685043398121,-2.227700371489,-1.25617047326313,-0.720577183002241,0.250952715223628,2.748751604284,1.77722170605813
1094,183,1.95813303127588,0.985349701742478,-2.25817028468232,-1.28538695514892,-0.750713636341882,0.222069693191518,2.83960527174816,1.86682194221476
1114,186,2.04846400906772,1.0743878765019,-2.28860864261828,-1.31453251005246,-0.780823071281961,0.193253061283856,2.80982208683236,1.83574595426654
1134,189,2.13798697785645,1.16264429279146,-2.31876893232243,-1.34342624725744,-0.81066320903011,0.16467947603488,2.78029954549593,1.80495686043094
1155,191,2.07901024541874,1.10236484985839,-2.25984335057294,-1.28319795501259,-0.869537640091382,0.107107755468967,2.83922512724542,1.86257973168507
1176,193,2.02066501822611,1.04274368015743,-2.20129745132821,-1.22337611325954,-0.928284211388211,0.0496371266804616,2.89777102649015,1.91984968842147
1197,196,1.99134586567228,1.01217433148575,-2.2303220563182,-1.25115052213167,-0.95701649368644,0.0221550405000877,2.9848470663322,2.00567553214567
1219,199,1.96215697650522,0.981702276519287,-2.25874970406286,-1.27829500407693,-0.985633038972621,-0.00517833898668751,3.0710801485301,2.09062544854417
1241,203,1.96220401811016,0.980492301588922,-2.25842583439696,-1.27671411787572,-0.985958265639601,-0.00424654911836464,3.07103446392624,2.089322747405
1263,205,2.01868260429766,1.03573903028181,-2.20194724820946,-1.21900367419362,-0.929479679452102,0.0534638945637428,2.90159870536374,1.91865513134789
1286,208,2.10254619331059,1.11834065325857,-2.23001830843825,-1.24581276838624,-0.95728869956509,0.026916840486925,2.87361519669259,1.88940965664057
1310,214,2.04686246578921,1.06136722595357,-2.28518939768603,-1.2996941578504,-0.901561217122033,0.0839340227136033,2.92874253101869,1.94324729118305
1334,217,2.01930737143558,1.03254907510615,-2.31249540526914,-1.32573710893972,-0.819061614455903,0.167696681873522,2.9011040302893,1.91434573395987
1358,217,2.01930737143558,1.03131163894193,-2.31249540526914,-1.32449967277549,-0.819061614455903,0.168934118037747,2.9011040302893,1.91310829779565
1382,221,1.9112947195065,0.922086204893354,-2.31263245822142,-1.32342394360828,-0.818962020030222,0.170246494582922,3.00915414074498,2.01994562613183
1407,222,1.93803039385856,0.947583796348078,-2.28589678386936,-1.29545018635888,-0.792226345678163,0.198220251832317,2.9289471176888,1.93850052017832
1433,227,2.0705225024926,1.07881457634963,-2.2592929822712,-1.26758505612823,-0.8714376599494,0.120270266193569,2.84906252172784,1.85735459558487
1459,232,2.09683008522308,1.10388660006575,-2.23313043958572,-1.24018695442839,-0.845057781897042,0.147885703260287,2.77021251825952,1.77726903310219
1486,235,1.96662310847127,0.972422769054183,-2.15510483773481,-1.16090449831772,-0.87090200884705,0.123298330570036,2.84823812011043,1.85403778069334
1512,240,1.99300234820382,0.997616005237955,-2.1295526945033,-1.13416635153744,-0.845141223035862,0.150245119930002,2.77054595133518,1.77515960836931
1540,242,1.94195508549779,0.945317157314815,-2.07837136127721,-1.08173343309424,-0.896456626782012,0.100181301400962,2.82172728456127,1.82508935637829
1568,247,2.06878483739359,1.07092091755149,-2.05258909074909,-1.05472517090699,-0.972959097490852,0.024904822351248,2.74561773284619,1.74775381300409
1596,250,2.04339534425454,1.04433005256028,-1.97705982547894,-0.977994533784683,-0.997965353454182,0.00109993824007759,2.72048421667842,1.72141892498416
1625,257,2.0185570340521,1.01827243757629,-2.00245507814226,-1.00217048166646,-0.923080967851142,0.0772036286246642,2.69583339394114,1.69554879746533
1655,259,2.0680645854634,1.0665443641627,-2.15097773237616,-1.14945751107546,-0.873573416439841,0.127946804860857,2.74534094535244,1.74382072405174
1685,263,2.1661229322408,1.16339224868111,-2.24915415135912,-1.24642346779944,-0.873602615082083,0.129128068477602,2.74548821620024,1.74275753264055
1715,267,2.26315188910409,1.25923495201371,-2.24922515878127,-1.24530822169089,-0.87378826240751,0.130128674682872,2.64871591408453,1.64479897699415
1747,272,2.19097540873116,1.18581880298958,-2.22481633587324,-1.21965973013167,-0.946129780656602,0.0590268250849735,2.76882508979852,1.76366848405694
1778,275,2.26242512922634,1.25609190752112,-2.24825570444214,-1.24192248273693,-0.970216495599901,0.036116726105315,2.74490145281554,1.73856823111032
1811,280,2.19221918888435,1.18465872662572,-2.22483599986077,-1.21727553760214,-0.946902870892972,0.0606575913656571,2.76837406386923,1.7608136016106
1843,282,2.14553072096503,1.13680417395072,-2.17804508866337,-1.16931854164906,-0.993796225368452,0.0149303216458563,2.81516497506663,1.80643842805232
1877,288,2.09923240574977,1.08929176576711,-2.31711997818407,-1.30717933820141,-0.947322297871553,0.062618342111106,2.95406425230569,1.94412361232303
1911,292,2.09940290868206,1.08827283387821,-2.31680503723926,-1.30567496243542,-0.855409640887304,0.155720433916541,2.86166615144434,1.85053607664049
1946,295,2.0767412665702,1.06441154662569,-2.24843996762572,-1.23611024768122,-0.969478138002522,0.0428515819419815,2.93003122105788,1.91770150111337
1981,299,2.07646557289376,1.06296038816515,-2.15815671583684,-1.14465153110823,-0.969247526110323,0.0442576586182875,2.83979305105324,1.82628786632463
2017,306,2.14375479164861,1.12906482781511,-2.26997943878171,-1.25528947494821,-0.991735914116912,0.0229540497165883,2.90681494324985,1.89212497941635
2054,310,2.23238231778222,1.2164993390887,-2.27019693827802,-1.25431395958451,-0.991389036861705,0.024493941831812,2.81805803935734,1.80217506066382
2091,316,2.27629950976342,1.25924758032243,-2.22615361140571,-1.20910168196473,-1.03549616650574,-0.0184442370647635,2.77420465014785,1.75715272070687
2129,320,2.27625913045021,1.25803075560118,-2.13913454963767,-1.12090617478864,-1.03549533424691,-0.0172669593978829,2.68722513543421,1.66899676058518
2167,326,2.14668670732362,1.12730538928349,-2.09609151949762,-1.0767102014575,-1.07853718352082,-0.0591558654806958,2.81679637769466,1.79741505965453
2207,329,2.21070105230265,1.19013053838932,-2.11722211078715,-1.09665159687382,-1.0997450388338,-0.0791745249204658,2.79512047931813,1.7745499654048
2247,334,2.23169260756385,1.20995700471048,-2.09592647516503,-1.07419087231166,-1.16336564603243,-0.141630043179062,2.81645389563345,1.79471829278008
2288,340,2.18952838606191,1.16662263239064,-2.13768271819053,-1.11477696451927,-1.12136845355273,-0.0984626998814677,2.85837716768119,1.83547141400992
2329,344,2.18968217625017,1.16562971509761,-2.13778211233331,-1.11372965118076,-1.12154061162731,-0.0974881504747589,2.85849492971029,1.83444246855773
2371,351,2.08681503363771,1.06161128910569,-2.15829097098149,-1.13308722644947,-1.05990575355321,-0.0347020090211851,2.92023607289679,1.89503232836477
2414,358,2.06655085330729,1.04019201883776,-2.09716091058583,-1.07080207611631,-1.08044133340307,-0.0540824989335447,2.89990577268145,1.87354693821192
2458,363,2.08695817144383,1.05944117269333,-2.23904374377425,-1.21152674502376,-1.06033418082717,-0.0328171820766756,3.00127413515743,1.97375713640693
2503,368,2.18744707120043,1.15876952965907,-2.29945868821417,-1.2707811466728,-1.12023285522072,-0.0915553136793561,3.02109885423427,1.99242131269291
2548,372,2.10774205965851,1.07792727142436,-2.21998903201974,-1.19017424378559,-1.12008394890045,-0.0902691606663069,3.02118530326151,1.99137051502736
2595,378,2.06831994282831,1.03734129093836,-2.18073559698413,-1.14975694509419,-1.08027947794453,-0.0493008260545873,2.98154951410019,1.95057086221024
2642,382,2.06833517191184,1.03621617852847,-2.1807800558828,-1.14866106249943,-1.08008600172989,-0.0479670083465149,2.98138526770068,1.94926627431731
2690,391,2.16510468582542,1.13184444470339,-2.31643712267334,-1.28317688155131,-1.06065618659002,-0.0273959454679937,3.00084300543778,1.96758276431575
2738,399,2.16533816253429,1.1309593894098,-2.23971850144595,-1.20533972832146,-1.06093252420079,-0.0265537510763021,2.92416724511229,1.8897884719878
2788,404,2.18415504799537,1.14863438300994,-2.29644710538419,-1.26092644039876,-1.04194894298199,-0.00642827799656254,2.94309538237065,1.90757471738522
2839,412,2.18381325671129,1.14715137635095,-2.29622658130491,-1.25956470094458,-1.04170042458523,-0.00503854422489503,2.94296813117869,1.90630625081835
2890,418,2.14625289795274,1.10847265156199,-2.3333707315113,-1.29559048512055,-1.0045834238005,0.0331968225902495,2.9805556393589,1.94277539296815
2943,424,2.25737771399542,1.21845853860293,-2.44455862996666,-1.40563945457417,-0.967698353086224,0.0712208223062669,2.9437336510573,1.90481447566481
2996,429,2.27585415974248,1.23581890378437,-2.42625570130584,-1.38622044534774,-1.02292946024804,0.0171057957100658,2.96218538381124,1.92215012785313
3051,437,2.20292129420687,1.16175108347968,-2.35332265968385,-1.31215244895667,-0.950164297302734,0.0910059134244543,2.88942004477955,1.84824983405236
3106,442,2.22077857185229,1.17849618637051,-2.33539462846728,-1.2931122429855,-0.932048600717955,0.110233784763824,2.83551903933276,1.79323665385098
3162,446,2.22077311448588,1.17738085541587,-2.3352172575392,-1.29182499846919,-0.860454044122363,0.182938214947647,2.76375256917552,1.72036031010551
3220,455,2.23845527123951,1.19393655458534,-2.38825970634937,-1.34374098969521,-0.842840631750175,0.201678084903993,2.78149944885986,1.7369807322057
3278,462,2.15069615328381,1.10507355401821,-2.33553533337739,-1.28991273411179,-0.790159337578473,0.255463261687128,2.76385289967189,1.71823030040629
3338,470,2.15071142395698,1.10396973394434,-2.26615058287233,-1.21940889285969,-0.790101242495574,0.256640447517074,2.69439478341074,1.6476530933981
3398,478,2.08200678901127,1.03416837842282,-2.19741508436566,-1.14957667377721,-0.790280543167416,0.257557867421031,2.69454322052163,1.64670480993318
3460,483,2.16735890200511,1.11840982736087,-2.24862343714849,-1.19967436250425,-0.841666022124532,0.20728305251971,2.71178493926775,1.66283586462351
3523,491,2.09968301521454,1.0496280190301,-2.24848341869046,-1.19842842250603,-0.774116491430181,0.275938504754255,2.71177127690594,1.6617162807215
3587,502,2.08326488409728,1.03210891233141,-2.2654860283466,-1.21433005658074,-0.723655207813604,0.327500763952264,2.69473073406276,1.64357476229689
3652,510,2.1498396363439,1.09758782250438,-2.33196825914762,-1.2797164453081,-0.856703951713182,0.19554786212634,2.82768695651674,1.77543514267722
3718,518,2.08402239924362,1.03068004930782,-2.33192745178978,-1.27858510185398,-0.790912782976545,0.262429566959255,2.82767221752253,1.77432986758673
3786,526,2.14945231211707,1.09500885867851,-2.33196654086793,-1.27752308742938,-0.725727025470853,0.328716427967705,2.69709563622154,1.64265218278299
3854,535,2.16581645588918,1.11029385615441,-2.31584008561022,-1.26031748587545,-0.903749245665381,0.151773354069385,2.84262725738626,1.78710465765149
3924,544,2.18179097872317,1.12517956524487,-2.36384352746159,-1.30723211398328,-0.887826240415865,0.168785173062437,2.8587331711541,1.80212175767579
3995,550,2.21344857924456,1.15575481386074,-2.39556455239344,-1.33787078700962,-0.856071485209082,0.201622280174737,2.8270418403578,1.76934807497398
4068,560,2.18191197126191,1.12312761161157,-2.42696029720705,-1.3681759375567,-0.824808960390083,0.233975399260263,2.85871166833504,1.79992730868469
4142,570,2.21302268542834,1.15315494450904,-2.33319035152018,-1.27332261060089,-0.856192921751262,0.203674819168032,2.76521496984294,1.70534722892364
4217,577,2.19791218996961,1.13696832650085,-2.41047376389947,-1.34952990043072,-0.810018362162751,0.250925501306005,2.81143431809245,1.75049045462369
4294,589,2.13649055192904,1.07446394009528,-2.2264942012702,-1.16446758943645,-0.871094357390525,0.190932254443229,2.74995238873151,1.68792577689776
4371,596,2.24276660646427,1.1796787682691,-2.36338545587794,-1.30029761768277,-0.825375725743655,0.237712112451515,2.73484895715714,1.67176111896197
4451,605,2.1376850492008,1.07351657588947,-2.34827062988299,-1.28410215657166,-0.810588724339993,0.253579748971344,2.810028687022,1.74586021371067
4532,615,2.22707583812389,1.1618351429575,-2.37813883000198,-1.31289813483559,-0.959753869563183,0.105486825603213,2.89967124344109,1.8344305482747
4614,623,2.22709239383478,1.16078785973669,-2.43736432111222,-1.37105978701413,-0.959517982719824,0.106786551378266,2.9586442919971,1.89233975789901
4698,634,2.21242467520462,1.14505206105294,-2.39349069779498,-1.32611808364329,-0.974082981592417,0.0932896325592705,2.94400338618258,1.8766307720309
4783,642,2.21240385151391,1.14397196357749,-2.27726344544361,-1.20883155750719,-1.09036664631966,-0.0219347583832368,2.94408062224919,1.87564873431277
4870,651,2.16952198738986,1.10002747700398,-2.26294160525422,-1.19344709486834,-1.07603255261042,-0.0065380422245378,2.95830655247462,1.88881204208874
4958,663,2.16950931249085,1.09896133638552,-2.26284997501292,-1.19230199890759,-1.07589232787799,-0.00534435177266657,2.95808737239988,1.88753939629456
5048,675,2.2262680935905,1.15466410545678,-2.20653302603622,-1.1349290379025,-1.1324975483489,-0.0608935602151837,2.90161686279446,1.83001287466074
5140,685,2.19803900846694,1.12537706397484,-2.23455179925723,-1.16188985476513,-1.04826281157442,0.0243991329176716,2.87362998436453,1.80096803987244
5233,696,2.23978214953495,1.16607203296655,-2.30409225272693,-1.23038213615854,-1.00660616896469,0.0671039476037052,2.85977065415651,1.78606053758811
5328,705,2.25339512394593,1.17863555757688,-2.29052230454239,-1.21576273817334,-1.04764150743123,0.0271180589378193,2.87362307002753,1.79886350365848
5425,716,2.29407002905765,1.21826025935263,-2.35858295770715,-1.28277318800212,-1.0613658076191,0.0144439620859194,2.91473311826842,1.83892334856339
5523,730,2.21291554848668,1.13606582349078,-2.33158751922736,-1.25473779423145,-1.03433046697647,0.0425192580194336,2.94185681971697,1.86500709472106
5623,739,2.17270268500263,1.09481279793768,-2.31844008735641,-1.24055020029147,-1.07427439596053,0.00361549110441572,3.00886618031415,1.9309762932492
5725,753,2.14621838547892,1.06728858405896,-2.29186343016567,-1.21293362874571,-1.04765908097248,0.0312707204474836,2.98215850765904,1.90322870623908
5829,765,2.09372290299939,1.01375386416405,-2.29175980462734,-1.211790765792,-1.04769973276438,0.0322693060709596,3.03459101639215,1.95462197755681
5935,779,2.11967937154197,1.03867217705728,-2.31763582785067,-1.23662863336599,-1.02140758319995,0.0595996112847315,3.00821842150849,1.9272112270238
6043,788,2.13257005653429,1.0505261694708,-2.35621768188507,-1.27417379482159,-1.00850161002267,0.0735422770408125,3.02100361737329,1.9389597303098
6153,802,2.0561549146005,0.973076156693162,-2.27974832190025,-1.19666956399291,-1.08525361051962,-0.00217485261227202,3.09770139981919,2.01462264191184
6264,814,2.10690306095011,1.02280072019858,-2.33025050952157,-1.24614816877004,-1.13623119063677,-0.0521288498852424,3.14843302120807,2.06433068045654
6378,831,2.11930190974536,1.03416914983154,-2.36808395953276,-1.28295119961894,-1.12324314777564,-0.038110387861823,3.16087957956288,2.07574681964906
6494,842,2.05733353143671,0.971173126794144,-2.33090394695456,-1.24474354231199,-1.03587380874956,0.0502865958930074,3.09829860626724,2.01213820162466
6612,854,2.00784152019864,0.920656522077002,-2.33075748402268,-1.24357248590105,-0.986546780719284,0.100638217402353,3.09831712654316,2.01113212842152
6732,867,2.02016812726646,0.93196184540834,-2.22075464666294,-1.13254836480482,-0.974308249931102,0.113898031927016,2.96374915132742,1.8755428694693
6854,881,1.99591660840908,0.906692593551021,-2.14802800841024,-1.05880399355219,-1.09566829813333,-0.00644428327527136,3.03663408013432,1.94741006527626
6978,897,1.99604517011609,0.905807197294882,-2.24400766176255,-1.15376968894133,-0.999814249450345,0.0904237233708671,3.03663112309662,1.9463931502754
7105,910,2.05542253651662,0.964166653425749,-2.23213693006618,-1.1408810469753,-1.03554757639933,0.0557083066915396,3.0011163519487,1.90986046885783
7234,924,2.07891059564214,0.986641292369562,-2.25573929388266,-1.16346999061008,-0.964513468943942,0.127755834328636,2.9301965491843,1.83792724591172
7365,937,2.09097660659284,0.997698541566274,-2.29118011710704,-1.19790205208048,-0.999877328285883,0.0934007367406786,2.98893522079992,1.89565715577335
7499,950,2.10256229578954,1.0082728090405,-2.32579745580094,-1.23150796905191,-0.942157606256782,0.15213188049225,2.95424714826802,1.85995766151899
7635,968,2.12576367103523,1.03046801269696,-2.39503773440077,-1.2997420760625,-0.919053261116893,0.17624239722138,2.97718170648227,1.881886048144
7774,985,2.18277546562977,1.08647182577103,-2.38338883160079,-1.28708519174206,-0.953264711103113,0.143038928755625,2.94273245907397,1.84642881921523
7915,999,2.25059370128374,1.15328784164718,-2.4057897879763,-1.30848392833975,-1.02107978634438,0.0762260732921776,2.96513025503678,1.86782439540022
8058,1012,2.30659953615472,1.20829730661723,-2.39473358009548,-1.29643135055798,-1.05457419777887,0.0437280317586242,2.93156262371945,1.83326039418195
8205,1028,2.21806367303887,1.11875747701633,-2.39464680548289,-1.29534060946034,-0.965876708949086,0.13342948707346,2.93131422339291,1.83200802737037
8354,1046,2.23997685777459,1.13967322492119,-2.37250981587968,-1.27220618302629,-1.03176469865804,0.0685389341953546,2.95315203876295,1.85284840590956
8505,1060,2.26209950328806,1.16080500481598,-2.39432778290782,-1.29303328443574,-1.01006554301373,0.0912289554583454,2.93114820463331,1.82985370616123
8660,1077,2.31608076579061,1.21378926909371,-2.42663366917091,-1.32434217247402,-1.04267262861579,0.0596188680811007,2.94207991399593,1.83978841729903
8817,1097,2.35890743140308,1.25562606905144,-2.42654302855892,-1.32326166620729,-1.08538648491944,0.0178948774321945,2.94187646407512,1.83859510172348
8977,1116,2.30593973184508,1.20166951916281,-2.35251011728324,-1.24823990460098,-1.09571545962908,0.00855475305317999,2.93114022706708,1.82687001438481
9140,1133,2.31622403505735,1.21096634491247,-2.3417770395599,-1.23651934941502,-1.08508837818242,0.020169311962462,2.89949576468478,1.79423807453991
9306,1151,2.25355823118188,1.1473147728638,-2.362583379889,-1.25633992157093,-1.06408610306316,0.0421573552549166,2.96196563377012,1.85572217545204
9475,1174,2.20187091252077,1.09464371143848,-2.33156262981102,-1.22433542872873,-1.11550169315023,-0.00827449206793074,3.03404779244029,1.926820591358
9647,1191,2.13011129147037,1.02190266966632,-2.28057932982359,-1.17237070801954,-1.10495725983311,0.00325136197093778,3.04427968018617,1.93607105838212
9822,1211,2.1302553722668,1.02106792973819,-2.28047666001437,-1.17128921748576,-1.02376302421036,0.0854244183182387,2.96283869395776,1.85365125142915
10000,1229,2.11018050438764,1.00001710120371,-2.26030341638084,-1.15014001319692,-1.00360259205832,0.106560811125598,2.94257988605136,1.83241648286743
10182,1251,2.09050969114329,0.979368108830381,-2.20086095664779,-1.08971937433489,-0.943756041003436,0.167385541309468,2.84296168850777,1.73182010619486
10366,1271,2.09054435586241,0.978433350200794,-2.16127321464023,-1.04916220897862,-1.10167867035915,0.0104323353024594,2.96126191113681,1.84915090547519
10554,1288,2.13951404477866,1.02643204019716,-2.1514782751003,-1.03839627051879,-1.09185775429733,0.0212242502841753,2.89267636661879,1.77959436203728
10746,1310,2.15891790569989,1.04486382470034,-2.20991566822599,-1.09586158722645,-1.03351796257407,0.0805361184254771,2.87337010710001,1.75931602610046
10941,1329,2.14909244112393,1.03407059182469,-2.18098002589227,-1.06595817659303,-1.00475286482107,0.110268984478168,2.82549483158925,1.71047298229001
11140,1349,2.26346252730337,1.1474725564114,-2.25716983205959,-1.14117986116763,-1.04284052596103,0.0731494449309325,2.82540221271709,1.70941224182512
11342,1370,2.23521417688747,1.11826088038455,-2.24768972651621,-1.1307364300133,-0.995786488686253,0.121166807816665,2.79711642031483,1.68016312381191
11548,1390,2.27253057106428,1.15461424074123,-2.24742623943185,-1.1295099091088,-1.07076743940328,0.0471488909197648,2.83451748977068,1.71660115944763
11757,1409,2.26332466210205,1.14445051378068,-2.29382266372668,-1.17494851540531,-1.00587934298671,0.112994805334656,2.82523172661117,1.7063575782898
11971,1436,2.32757841594136,1.20774286549079,-2.30317630663884,-1.18334075618827,-1.05172378785312,0.0681117625974463,2.81617606055044,1.69634051009987
12188,1457,2.30009611325671,1.17930490907817,-2.33061940704745,-1.2098282028689,-1.04243635276736,0.0783548514111798,2.86181402855791,1.74102282437937
12409,1481,2.26400449469147,1.14225917596864,-2.29465298479337,-1.17290766607054,-1.04248798186517,0.0792573368576606,2.86199085396691,1.74024553524408
12635,1508,2.25504870618033,1.13234693039346,-2.33950025123663,-1.21679847544977,-1.05152410517431,0.0711776706125491,2.92483003223044,1.80212825644358
12864,1532,2.21972362004423,1.09607179751715,-2.26893843877161,-1.14528661624453,-1.08687094039589,0.0367808821311832,2.92494014112311,1.80128831859603
13097,1557,2.3337627873566,1.20916332572535,-2.22508872007968,-1.10048925844843,-1.21826556795908,-0.0936661063278268,2.898445882682,1.77384642105074
13335,1583,2.35122909903615,1.22568071257703,-2.27720090942825,-1.15165252296914,-1.13135714916393,-0.00580876270481534,2.84618334155587,1.72063495509675
13577,1606,2.37686980068906,1.25037554447089,-2.42367666170498,-1.29718240548681,-1.07071788657346,0.0557763696447047,2.90637912958922,1.77988487337105
13824,1633,2.36835234030124,1.24091169276391,-2.3980890101722,-1.27064836263487,-1.01101358125032,0.116427066287011,2.82960463312112,1.70216398558379
14075,1659,2.31757021023954,1.18918679478382,-2.34715087021654,-1.21876745476082,-1.02805648877134,0.100326926684381,2.84649153074818,1.71810811529246
14330,1681,2.33449899433199,1.20517661729527,-2.36408835933169,-1.23476598229497,-1.11187902859137,0.0174433484453429,2.93032277559091,1.80100039855419
14590,1708,2.32608622771652,1.19582529048391,-2.37254469064032,-1.24228375340771,-1.05338551283708,0.076875424395529,2.88869835776072,1.75843742052811
14855,1740,2.32626240093211,1.19506367170002,-2.37245829243169,-1.2412595631996,-1.11937970757569,0.0118190216564007,2.95442998107511,1.82323125184302
15125,1766,2.31027826760675,1.17814286044356,-2.42163745512397,-1.28950204796078,-1.10283186404201,0.0293035431211772,3.00304543355907,1.87091002639588
15399,1799,2.35076794706938,1.21770066912668,-2.41366621126698,-1.28059893332427,-1.06229467166574,0.0707726062769642,2.91404731786318,1.78098003992048
15679,1830,2.24652483399937,1.11252399766927,-2.38963259218071,-1.25563175585062,-1.00643242863451,0.127568407695582,2.93839456881568,1.80439373248559
15963,1859,2.31802057047061,1.18309144717461,-2.47707357697551,-1.34214445367952,-0.99859653055951,0.136332592736487,2.94650391906425,1.81157479576825
16253,1889,2.30195857932317,1.16610017396003,-2.4928916166599,-1.35703321129677,-1.04579311084715,0.0900652945159863,3.02558053018373,1.8897221248206
16548,1915,2.28628959805755,1.14950446949913,-2.50831260303281,-1.37152747447439,-1.03028409821722,0.106501030341206,3.0411614851923,1.90437635663388
16849,1944,2.26310367943596,1.12539157349367,-2.43874357506296,-1.30103146912067,-1.11548659603503,0.0222255099072568,3.07998087366188,1.94226876771959
17154,1975,2.25516571309757,1.11653275461622,-2.47674292293491,-1.33810996445356,-1.15382495263675,-0.0151919941554017,3.16425654447393,2.02562358599258
17466,2007,2.25522695396698,1.11567050136095,-2.47677162760409,-1.33721517499806,-1.12337644144942,0.0161800111566188,3.13377549708638,1.99421904448035
17783,2040,2.32294309312991,1.18246678745143,-2.49935857323737,-1.35888226755888,-1.05538463661664,0.0850916690618404,3.02065449872396,1.88017819304547
18106,2074,2.27801229409963,1.13661712991034,-2.51421595240557,-1.37282078821629,-0.950873037828451,0.190522126360831,2.97593107813423,1.83453591394495
18434,2111,2.22612860572612,1.08381866213158,-2.47700783061016,-1.33469788701561,-0.943387445866634,0.198922497727916,2.98312105275049,1.84081110915594
18769,2141,2.15278165100684,1.00955573391062,-2.43298642475079,-1.28976050765457,-0.987532769917479,0.155693147178743,3.05659192566128,1.91336600856506
19110,2169,2.21117171874507,1.06703173648524,-2.40400217932905,-1.25986219706922,-0.987745252844853,0.156394729414979,2.96943009542867,1.82529011316884
19456,2205,2.18225225872713,1.03720298977572,-2.37509202525771,-1.23004275630629,-0.987664208319224,0.157385060632192,2.96935835684962,1.8243090878982
19810,2241,2.18220465093979,1.03624331855545,-2.40363054908221,-1.25766921669788,-0.987691863907934,0.1582694684764,2.99797214405019,1.85201081166585
20169,2281,2.15391517432509,1.00704704310935,-2.3469356895157,-1.20006755829996,-1.04436924552866,0.102498885687077,3.02624414271909,1.87937601150335
20535,2317,2.18196218073426,1.03418768059109,-2.34693183820814,-1.19915733806496,-1.07246394361554,0.0753105565276333,3.02628798308926,1.87851348294609
20908,2352,2.25809571247121,1.1094156220382,-2.32582649275875,-1.17714640232574,-1.107329595556,0.0413504948770185,2.96391475784337,1.81523466741036
21288,2391,2.22353684975607,1.0739522764799,-2.30493142070101,-1.15534684742483,-1.05913777584781,0.0904467974283674,2.92938672879259,1.77980215551641
21674,2433,2.26449920438373,1.11401387591299,-2.37321485616702,-1.22272952769628,-1.04556954552066,0.104915782950079,2.94313957930378,1.79265425083303
22067,2473,2.21047094534539,1.05908647935393,-2.42726180197785,-1.27587733598638,-1.04560864692025,0.105775819071215,3.05125388555255,1.89986941956109
22468,2512,2.25746444035283,1.10518050966571,-2.38014839427729,-1.22786446359017,-1.10605657343449,0.0462273572526353,3.01759490935879,1.86531097867167
22876,2554,2.13777859870675,0.984597443296747,-2.34002306365034,-1.18684190824034,-1.01321012295153,0.139971032458464,3.00430896989495,1.85112781448495
23291,2596,2.09824195965962,0.944166059672501,-2.35333522769307,-1.19925932770595,-1.00020715742387,0.153868742563251,3.04415480745718,1.89007890747006
23714,2637,2.15677227370806,1.00180224083323,-2.39905860331006,-1.24408857043524,-0.967493364010465,0.187476668864357,2.99863407561229,1.84366404273747
24144,2688,2.17620141835413,1.0203402488403,-2.40543917574159,-1.24957800622777,-0.999796898997189,0.156064270516632,3.01788903838449,1.86202786887067
24582,2725,2.15696554769649,1.00021441870983,-2.37332991946071,-1.21657879047405,-0.942098134316709,0.214652994669951,2.94731688808077,1.79056575909411
25029,2763,2.16943457477893,1.01179298817785,-2.36046951848939,-1.2028279318883,-0.95485048014659,0.202791106454496,2.93473980585689,1.77709821925581
25483,2810,2.21346877457976,1.05494049527561,-2.41737762743004,-1.25884934812589,-0.986275719967239,0.172252559336912,2.97903895481736,1.82051067551321
25946,2855,2.26948061881204,1.11006576615047,-2.33645884969824,-1.17704399703667,-1.10463449191784,0.0547803607437267,2.96046710480388,1.80105225214231
26416,2901,2.25690679179774,1.09660956030346,-2.3731982386509,-1.21290100715662,-1.06761399653369,0.0926832349605846,2.9727598253867,1.81246259389242
26896,2951,2.22036361568039,1.05918285101812,-2.33676385763241,-1.17558309297014,-1.079661094184,0.081519670478265,2.98491571813587,1.8237349534736
27384,2993,2.15963923671898,0.997577787552971,-2.37322077749781,-1.2111593283318,-1.04339535969581,0.118666089470195,3.0458312824745,1.88376983330849
27881,3042,2.16560742144014,1.00266658089913,-2.43962475706026,-1.27668391651924,-0.988868529997859,0.174072310543158,3.05174024761782,1.8887994070768
28387,3088,2.12970242939406,0.965883776110892,-2.45154522177354,-1.28772656849037,-0.929480914576736,0.23433773870643,3.04017808895606,1.87635943567289
28903,3146,2.18895275881966,1.02425645550843,-2.46329680992754,-1.29860050661631,-0.965099378122339,0.199596925188894,3.02829781123006,1.86360150791883
29427,3197,2.18311497977697,1.01754484217793,-2.46913505810983,-1.3035649205108,-0.970858746889434,0.194711390709599,3.04573320722217,1.88016306962314
29961,3243,2.19474575472226,1.02830249768349,-2.45743707200175,-1.29099381496298,-1.02907095994294,0.137372297095821,3.08061665922226,1.9141734021835
30505,3293,2.20628269978146,1.03896735368067,-2.42273639494894,-1.25542104884815,-1.04064406557854,0.126671280522251,3.04595214274586,1.87863679664507
31059,3345,2.20659716421486,1.03841105663241,-2.40022593063634,-1.23203982305389,-1.04057961610434,0.12760649147811,3.02306276452566,1.85487665694321
31623,3401,2.20661323803866,1.03755797613203,-2.46775726357814,-1.2987020016715,-1.01798092445254,0.151074337454094,3.06797933199186,1.89892407008523
32197,3454,2.27939012508676,1.10946757866277,-2.46243490410043,-1.29251235767644,-1.03467180668724,0.135250739736753,3.00657096770076,1.83664842127677
32781,3514,2.27925929580375,1.1084715810821,-2.44017901079104,-1.26939129606939,-1.12356565388104,0.0472220608406109,3.07333975086816,1.9025520361465
33376,3574,2.27938128878636,1.10772931451411,-2.35216855962284,-1.18051658535059,-1.16775008728484,0.0039018869874099,3.02939174012116,1.8577397658489
33982,3637,2.27424655702337,1.10173153204538,-2.37947012019623,-1.20695509521824,-1.12973350398943,0.0427815209885516,3.02381144916217,1.85129642418418
34599,3695,2.24185916324806,1.06848257885355,-2.36885575928434,-1.19547917488983,-1.11889119596554,0.0544853884289722,3.03474217400166,1.86136558960715
35227,3754,2.23675321526886,1.0625168282286,-2.33151920875554,-1.15728282171529,-1.10306102873835,0.0711753583019135,2.98668140422486,1.8124450171846
35866,3810,2.17309100939286,0.997996825681576,-2.37405954979955,-1.19896536608827,-1.08181651309435,0.0932776706169345,3.07163943550086,1.89654525178958
36517,3870,2.23610018601416,1.06014914185306,-2.39511682712744,-1.21916578296633,-1.14476747718024,0.0311835669808691,3.09263850029336,1.91668745613225
37180,3938,2.25685308258277,1.08004640904142,-2.41589752619844,-1.23909085265709,-1.12400842116084,0.0527982523805051,3.07190724677636,1.89510057323502
37855,4003,2.30340420300936,1.12574340862618,-2.43138665940824,-1.25372586502506,-1.16012854498264,0.0175322494005394,3.07696538338136,1.89930458899818
38542,4059,2.28304258954596,1.10452944363127,-2.47248210235364,-1.29396895643895,-1.11914414648004,0.059368999434646,3.09743804128756,1.91892489537288
39242,4134,2.31850653519137,1.13914184721044,-2.41669967035264,-1.23733498237171,-1.20541732427103,-0.0260526362901059,3.09246484143216,1.91310015345123
39954,4199,2.28313579210106,1.10292185243344,-2.33105567279694,-1.15084173312931,-1.18053778693734,-0.000323847269714017,3.01731204963306,1.83709810996544
40679,4260,2.36774021892356,1.18667837308464,-2.32583162057844,-1.14476977473953,-1.23548810753764,-0.0544262616987254,2.98243389119236,1.80137204535344
41418,4334,2.35813572139656,1.17622644618943,-2.27650240134264,-1.09459312613551,-1.28487242958464,-0.10296315437751,2.99209349153056,1.81018421632343
42170,4407,2.36307506952506,1.18032027212013,-2.23256106044014,-1.04980626303522,-1.27992531290814,-0.0971705155032159,2.93826568582306,1.75551088841814
42935,4487,2.44066797466586,1.25706979596486,-2.27149788280094,-1.08789970409993,-1.29928685571574,-0.115688677014741,2.91897114585066,1.73537296714966
43714,4553,2.37371789904925,1.18927762838808,-2.28111688399034,-1.09667661332917,-1.28996084515995,-0.105520574498777,2.98621421210085,1.80177394143968
44508,4626,2.30233885737236,1.11705700161592,-2.23824676922004,-1.0529649134636,-1.28530202656444,-0.100020170807997,3.01006432041196,1.82478246465552
45316,4700,2.33069058492716,1.14456899234115,-2.26653244964523,-1.08041085705922,-1.29479755022084,-0.108675957634823,3.01949379693876,1.83337220435275
46138,4772,2.36818546850616,1.1812262215798,-2.26677024912144,-1.07981100219509,-1.36950370960825,-0.182544462681893,3.05694287222336,1.86998362529701
46976,4849,2.29852361492476,1.11072703663379,-2.28060261143804,-1.09280603314707,-1.23501447711604,-0.0472178988250653,3.00594785562916,1.81815127733819
47829,4930,2.30317341519556,1.11454111937651,-2.33125205018844,-1.14261975436939,-1.15699013605724,0.0316421597618148,2.97392315304996,1.78529085723091
48697,5008,2.31227206218846,1.12280590848832,-2.32224192616554,-1.1327757724654,-1.16600224855274,0.0234639051473982,2.96482649452966,1.77536034082952
49581,5093,2.33474500813026,1.14444615396562,-2.33585722629093,-1.14555837212629,-1.12537227521853,0.0649265789461149,2.91533887537906,1.72504002121442
50481,5178,2.26791885083836,1.07678872395721,-2.38522527432804,-1.19409514744689,-1.13883459344764,0.0522955334335087,3.04499539893716,1.85386527205601
51397,5256,2.27675688978945,1.0847971720701,-2.39410731129414,-1.20214759357479,-1.16548593189774,0.0264737858216084,3.07169073540226,1.87973101768291
52330,5349,2.26362189003396,1.07083362254918,-2.40734555297044,-1.21455728548566,-1.12587610276764,0.0669121647171389,3.05845414770396,1.86566588021918
53280,5435,2.27221355389576,1.07859805267177,-2.45077450718464,-1.25715900596065,-1.08245724571624,0.111158255507751,3.04987258100496,1.85625707978097
54247,5518,2.23350515057206,1.0390639902452,-2.43785919923913,-1.24341803891227,-1.05219128970954,0.142249870617323,3.04539972037647,1.8509585600496
55232,5612,2.24195644121446,1.04669061027479,-2.46351354254354,-1.26824771160387,-0.992389144536745,0.202876686402924,3.00280062786566,1.80753479692599
56234,5703,2.20368073196367,1.00759230804712,-2.41667092717874,-1.22058250326219,-0.979721350517941,0.2163670733986,2.98156592773286,1.78547750381632
57255,5806,2.23325894020957,1.03634861911196,-2.37062428650284,-1.17371396540523,-1.05097110277924,0.145939218318371,2.97719083107236,1.78028050997476
58294,5902,2.28336752322436,1.08563707393677,-2.43735181245845,-1.23962136317086,-1.01770067544285,0.180029773844736,2.96053934667675,1.76280889738917
59352,5998,2.26680270764746,1.06825336175652,-2.40450965645254,-1.2059603105616,-1.08350685028814,0.115042495602802,3.01006818109306,1.81151883520212
60430,6095,2.31996036821246,1.12059286499824,-2.48225934207194,-1.28289183885773,-1.06287211536394,0.136495387850277,3.01402547122326,1.81465796800904
61527,6189,2.27966381612367,1.07947991924114,-2.44196221652594,-1.24177831964341,-1.07079189637913,0.129392000503392,3.02194467878127,1.82176078189874
62643,6289,2.27960450802756,1.07860620886294,-2.49006133481084,-1.28906303564622,-1.11899406891324,0.0820042302513795,3.11830527769636,1.91730697853175
63780,6395,2.27147336875296,1.06966145482946,-2.52951806048584,-1.32770614656234,-1.04767166164864,0.154140252274859,3.09457073538136,1.89275882145786
64938,6490,2.29922272858666,1.09659826952401,-2.50187493760054,-1.29925047853788,-1.14637844064814,0.0562460184145206,3.13788503166186,1.9352605725992
66117,6602,2.36176938858866,1.15833371962536,-2.57979801364014,-1.37636234467685,-1.09971981346735,0.103715855495945,3.10660282051865,1.90316715155536
67317,6706,2.33078611850676,1.12654082466341,-2.47138213056764,-1.2671368367243,-1.19268708964844,0.0115582041949003,3.12213748370915,1.91789218986581
68539,6816,2.27726659522666,1.0722128409574,-2.41765533233774,-1.21260157806849,-1.10831181428895,0.0967419399803069,3.03755493339985,1.8325011791306
69783,6918,2.30005588885656,1.09419509674572,-2.42517953436784,-1.219318742257,-1.13110405187864,0.0747567402322027,3.04508207938976,1.83922128727891
71050,7036,2.27733400306346,1.07066720836516,-2.40260587462254,-1.19593907992424,-1.00280131677614,0.203865477922152,2.91692757033506,1.71026077563677
72339,7159,2.34842585347445,1.14095497358635,-2.40622262304274,-1.19875174315464,-1.03643674367274,0.171034136215353,2.88308789524086,1.67561701535276
73653,7273,2.37060282170297,1.16232816951777,-2.41359373925224,-1.20531908706704,-1.08825652652623,0.120018125658963,2.92010182607537,1.71182717389017
74989,7393,2.34130827441646,1.13223224959881,-2.47227824259634,-1.26320221777868,-1.02955986351874,0.179516161298915,2.94938421369846,1.7403081888808
76351,7512,2.38129456753516,1.17141742369584,-2.43253872047483,-1.22266157663551,-1.10560426987923,0.104272873960092,2.94570280481877,1.73582566097944
77737,7641,2.29849059186456,1.08781403179377,-2.44345621951064,-1.23277965943985,-1.05891549342903,0.151761066641764,2.99273550307496,1.78205894300416
79148,7756,2.36630352723786,1.15482891667777,-2.50409926936855,-1.29262465880846,-1.06254012554094,0.148934485019145,2.98919024967146,1.77771563911137
80584,7884,2.36614092035045,1.15386986661089,-2.56035501986435,-1.34808396612479,-0.99186403084434,0.220407022895219,2.97493251235806,1.7626614586185
82047,8025,2.42562836956616,1.21256162959572,-2.52870675756384,-1.3156400175934,-1.03048949355264,0.182577246417805,2.92242226355016,1.70935552357972
83536,8152,2.43588502981905,1.22202416397724,-2.54587045588374,-1.33200959004194,-1.03400710853894,0.179853757302862,2.93284691660345,1.71898605076165
85053,8282,2.38767396162226,1.17301972296916,-2.55272999095774,-1.33807575230464,-0.958449221700548,0.25620501695256,2.91235963303586,1.69770539438276
86596,8420,2.31269425827287,1.09724869010365,-2.50498783531273,-1.28954226714351,-0.979042525795137,0.236403042374083,2.96019048483487,1.74474491666565
88168,8553,2.28906505997107,1.07282891096711,-2.44741068227013,-1.23117453326617,-1.04333489615574,0.172901252848216,2.99053490045466,1.7742987514507
89769,8691,2.26885732447596,1.05183161655041,-2.44075582533524,-1.2237301174097,-1.07668799202885,0.140337715896696,3.03744087488795,1.8204151669624
91398,8839,2.36199127363636,1.14417776491487,-2.46735349626964,-1.24953998754815,-1.07659036767204,0.14122314104945,2.97080697230516,1.75299346358367
93057,8987,2.30926766376326,1.09066738727763,-2.46706405991473,-1.24846378342909,-1.12962375217994,0.088976524305701,3.07627453033126,1.85767425384562
94746,9134,2.33225948249195,1.11287372641069,-2.44427661542005,-1.22489085933879,-1.15895693193285,0.0604288241484117,3.05982844686075,1.84044269077949
96466,9290,2.29347401349257,1.07330385431373,-2.40546020932383,-1.185290050145,-1.18490904627544,0.0352611129033999,3.08574962410657,1.86557946492773
98217,9432,2.29999398844676,1.07904075426031,-2.47622635050324,-1.2552731163168,-1.13995087022005,0.0810023639663955,3.10503761427636,1.88408438008991
100000,9592,2.35105608292255,1.12932090408153,-2.51452878926546,-1.29279361042443,-1.07645532469705,0.145279854143977,3.02878241303975,1.80704723419872
101815,9749,2.40478848171816,1.18227273591935,-2.48608576675105,-1.26357002095224,-1.16157236838225,0.0609433774165515,3.03172403541495,1.80920828961615
103663,9905,2.37990870745115,1.15661358724607,-2.47358984395245,-1.25029472374737,-1.16149513970245,0.0617999805026264,3.04403065820355,1.82073553799847
105545,10071,2.42322716614206,1.19915369701273,-2.46724306220955,-1.24316959308022,-1.16794188865714,0.0561315804721869,3.00081216672446,1.77673869759513
107461,10232,2.41410717867055,1.18925663773271,-2.50098820889825,-1.27613766796041,-1.21409773049784,0.010752810439997,3.08983314272535,1.86498260178752
109411,10401,2.38068897557987,1.15506287660156,-2.57087232076773,-1.34524622178942,-1.19893524746654,0.026690851511775,3.17797297465427,1.95234687567596
111397,10566,2.32345711175287,1.09705641828596,-2.49555321926873,-1.26915252580181,-1.18391191715033,0.04248877631659,3.14486240666608,1.91846171319916
113419,10745,2.29663796805285,1.06946389692888,-2.51043872465955,-1.28326465353558,-1.16304524888994,0.0641288222340293,3.16570038749646,1.93852631637248
115478,10912,2.34117696281005,1.11323059768922,-2.50187793243674,-1.27393156731591,-1.17785186718194,0.0500944979388867,3.12740721880846,1.89946085368763
117574,11094,2.27668530730436,1.04796797725155,-2.42579745714204,-1.19708012708923,-1.21894050868603,0.00977682136677904,3.15690704052356,1.92818971047075
119709,11274,2.31141496969205,1.08192752006683,-2.42570329496955,-1.19621584534433,-1.21894480859115,0.0105426410340748,3.12208751586846,1.89260006624324
121881,11463,2.26825568734456,1.03799992217332,-2.46872460903064,-1.2384688438594,-1.18167677842264,0.0485789867486035,3.17100008210856,1.94074431693732
124094,11655,2.25682363040926,1.02580018185658,-2.47993446585514,-1.24891101730246,-1.15879815888394,0.0722252896687348,3.17076337632966,1.93973992777699
126346,11851,2.24573265293485,1.01394309592556,-2.50233285372636,-1.27054329671707,-1.18161951684235,0.0501700401669445,3.22707409963365,1.99528454262436
128640,12043,2.18962430631157,0.957069438986275,-2.44628666487003,-1.21373179754473,-1.22658774308164,0.00596712424365942,3.27210448363996,2.03954961631467
130975,12242,2.28668094921636,1.05336215209995,-2.44903612860364,-1.21571733148723,-1.25161795744563,-0.0182991603292197,3.20282751883276,1.96950872171635
133352,12447,2.19012057062056,0.956039130988735,-2.43513980325343,-1.20105836362161,-1.16078157363503,0.0732998659967945,3.19465518826776,1.96057374863593
135773,12649,2.17389108914047,0.939047900184355,-2.44045797887992,-1.20561478992381,-1.11197664347712,0.122866545478992,3.16739791521647,1.93255472626036
138237,12860,2.27921026059757,1.04360677233259,-2.45392783854683,-1.21832435028186,-1.21189271301803,0.0237107752469425,3.17546467296717,1.93986118470219
140746,13075,2.25519263462697,1.01882991645749,-2.49937696876663,-1.26301425059715,-1.13959133712264,0.0967713810468387,3.17263005326217,1.93626733509269
143301,13286,2.23124887100705,0.994127938366902,-2.50190455673774,-1.26478362409759,-1.07848086127575,0.158640071364402,3.13799092900625,1.9008699963661
145902,13498,2.23133037925787,0.993452490164296,-2.45983019715052,-1.22195230805695,-1.07851927762933,0.159358611464247,3.09587347752188,1.8579955884283
148551,13719,2.25493353447717,1.01629960980221,-2.46771239374203,-1.22907846906707,-1.07605359880283,0.162580325872132,3.07768684006757,1.83905291539261
151247,13955,2.21360231285226,0.974213797646365,-2.43656340411493,-1.19717488890904,-1.08661171756533,0.152776797640561,3.09842719082786,1.85903867562197
153993,14187,2.30589448867116,1.06575222883702,-2.46734355889885,-1.22720129906471,-1.09710964715164,0.143032612682499,3.04741309937916,1.80727083954502
156788,14418,2.26297690908096,1.02208226726743,-2.47001164114184,-1.22911699932831,-1.06947375577344,0.171420886040083,3.06536286983416,1.82446822802063
159634,14652,2.26798300188327,1.0263370378914,-2.45504910713673,-1.21340314314486,-1.06438606709314,0.177259896898731,3.04030655434646,1.79866059035459
162531,14889,2.28039291581766,1.03799692621968,-2.40278758995554,-1.16039160035756,-1.10179754415233,0.140598445445646,3.01304660029007,1.77065061069209
165482,15132,2.22842381410265,0.985278563750623,-2.36577292740493,-1.1226276770529,-1.12391826349294,0.119226986859092,3.05012175879506,1.80697650844303
168485,15373,2.21130600717176,0.967413006765728,-2.37313199760304,-1.12923899719701,-1.14091257247024,0.102980427935787,3.09159294490135,1.84769994449532
171544,15627,2.25499955425536,1.01035955652548,-2.33913253819784,-1.09449254046796,-1.19427600727984,0.0503639904500468,3.06726337322216,1.82262337549228
174658,15889,2.31759692698586,1.07221117409955,-2.39184077540254,-1.14645502251623,-1.16091755391933,0.0844681989669753,3.02401578433586,1.77863003144955
177828,16144,2.29613085666887,1.0500005820211,-2.31776112513433,-1.07163085048655,-1.20146897039233,0.0446613042554451,3.01195362085767,1.7658233462099
181056,16418,2.27258824342475,1.02571444786063,-2.32258836439365,-1.07571456882953,-1.19678531716166,0.0500884784024633,3.03563982013034,1.78876602456622
184342,16693,2.31715144951175,1.06953537033375,-2.33425833222304,-1.08664225304504,-1.17115247432464,0.0764636048533631,2.97711373903576,1.72949765985775
187688,16979,2.37743441091557,1.12907706901336,-2.38534011003483,-1.13698276813262,-1.16648944275204,0.0818678991501696,2.96324952387116,1.71489218196895
191095,17253,2.36343764131188,1.11434007663663,-2.41741727213812,-1.16831970746288,-1.17111872122693,0.0779788434483089,3.01395273405308,1.76485516937784
194564,17536,2.38840436327295,1.13856763745226,-2.45614542806665,-1.20630870224595,-1.26427330990865,-0.0144365840879508,3.12086875670215,1.87103203088146
198096,17829,2.38162000764835,1.13104520634704,-2.44487402928365,-1.19429922798234,-1.25290134254764,-0.00232654124633225,3.10500974618274,1.85443494488143
201691,18116,2.37947703149156,1.12816546949023,-2.45601860633565,-1.20470704433432,-1.25517635127405,-0.00386478927271439,3.12057230811796,1.86926074611663
205353,18410,2.33071059277316,1.07866300402722,-2.49594767006924,-1.24390008132331,-1.20621782274884,0.0458297659970939,3.16030928204476,1.90826169329883
209080,18724,2.38795146535786,1.13516922242474,-2.51797700263934,-1.26519475970622,-1.22845608803854,0.0243261548945775,3.14733600731986,1.89455376438675
212875,19036,2.40544390921356,1.15192802144273,-2.56149402710044,-1.30797813932961,-1.21093407494405,0.0425818128267799,3.15583857483075,1.90232268705992
216739,19340,2.43147680821376,1.17722832850032,-2.50969363901105,-1.2554451592976,-1.27993913797344,-0.0256906582599992,3.14701035077056,1.89276187105711
220673,19667,2.40352606430116,1.14854608975565,-2.54610501263883,-1.29112503809332,-1.19626695043924,0.0587130241062752,3.12770028077676,1.87272030623125
224679,19994,2.42688636201775,1.17117585388058,-2.56537230340184,-1.30966179526467,-1.17289063947904,0.0828198686581347,3.10023096286297,1.8445204547258
228757,20326,2.41016657181166,1.15372672396831,-2.57363553212875,-1.3171956842854,-1.15611259793195,0.100327249911396,3.10843594024885,1.85199609240551
232910,20670,2.43545302228256,1.17828472631554,-2.49032525525504,-1.23315695928803,-1.19800303291105,0.0591652630559683,3.04172964788336,1.78456135191634
237137,20992,2.43115091185176,1.17325546535182,-2.48614667269824,-1.2282512261983,-1.17735147654625,0.0805439699536923,3.02120161939256,1.76330617289261
241442,21339,2.40440958112707,1.14578782523628,-2.48008716013254,-1.22146540424176,-1.16293140261894,0.0956903532718472,3.02746336362426,1.76884160773348
245824,21699,2.38020930752626,1.12086248474247,-2.44771385928294,-1.18836703649915,-1.18727793628534,0.0720688864984478,3.04363687004187,1.78429004725808
250287,22065,2.40003800764455,1.13996693167004,-2.44337348656784,-1.18330241059332,-1.15907875036224,0.100992325612271,2.99126861128536,1.73119753531085
254830,22420,2.44568707855966,1.18489295882871,-2.42130166476554,-1.16050754503459,-1.24083239162394,0.019961728107009,3.00530135982966,1.74450724009871
259455,22794,2.45776726321586,1.1962512150257,-2.44894289621774,-1.18742684802759,-1.21334527908574,0.0481707691044135,2.99337529408746,1.7318592458973
264165,23165,2.40887995656398,1.14664286018167,-2.47448284448203,-1.21224574809972,-1.21516158596403,0.0470755104182787,3.06961885588197,1.80738175949967
268960,23558,2.35647707729895,1.09352004579468,-2.47236265566305,-1.20940562415878,-1.20532672134225,0.0576303101620248,3.11006668170616,1.84710965020189
273842,23945,2.37740395591815,1.11372802975315,-2.43575507481265,-1.17207914864765,-1.23784834013105,0.0258275860339501,3.08505384102534,1.82137791486034
278813,24345,2.40014325472717,1.13574941098907,-2.46606252490403,-1.20166868116593,-1.23786908322003,0.0265247605180701,3.09264273539677,1.82824889165866
283874,24747,2.41899576310526,1.15388506445513,-2.55275523782835,-1.28764453917822,-1.18130894280995,0.0838017558401771,3.10392279953285,1.83881210088273
289026,25142,2.41700570116916,1.15117929318151,-2.56210262056364,-1.29627621257598,-1.17561779861605,0.0902086093716066,3.10956910001036,1.84374269202271
294273,25556,2.44306826702666,1.17652697073872,-2.57325426683013,-1.3067129705422,-1.15711852396093,0.109422772327006,3.07615890576426,1.80961760947632
299614,25967,2.44860584479636,1.18135084688875,-2.56025373079204,-1.29299873288443,-1.15901868056844,0.108236317339173,3.05952094856396,1.79226595065635
305053,26415,2.46308756414845,1.19511974408847,-2.52382731137715,-1.25585949131717,-1.23187532269674,0.0360924973632413,3.08146945192526,1.81350163186528
310590,26847,2.41980983425375,1.15113030053095,-2.47313266223945,-1.20445312851665,-1.22475167955744,0.043927854165362,3.06692888954295,1.79824935582015
316228,27293,2.44468373195805,1.17529343400187,-2.51234908717754,-1.24295878922136,-1.24263702453274,0.0267532734234432,3.09915676175206,1.82976646379587
321968,27765,2.40916475711036,1.13906474598975,-2.49807376131643,-1.22797375019582,-1.20736006991764,0.0627399412029697,3.08512345612357,1.81502344500296
327812,28233,2.43017887719016,1.15937018160734,-2.46290621436664,-1.19209751878382,-1.18625558808384,0.084553107498982,3.00783730726016,1.73702861167734
333762,28702,2.43882026761396,1.16730389929548,-2.49589177385883,-1.22437540554035,-1.18455084410563,0.086965524212852,3.03047673235037,1.75896036403188
339821,29173,2.41638165531286,1.14415849849672,-2.51815183366513,-1.24592867684899,-1.20704942536753,0.0651737314486105,3.09767398571967,1.82545082890353
345989,29655,2.41986216306675,1.14693332795529,-2.54905391885124,-1.27612508373978,-1.20353772322444,0.0693911118870181,3.12158386100874,1.84865502589728
352269,30153,2.38934639462755,1.11571287063751,-2.53880354304965,-1.26517001905962,-1.13917350330605,0.134460020683983,3.07748503372795,1.80385150973792
358664,30652,2.36057059759707,1.08623326613933,-2.48009014615774,-1.20575281469999,-1.14748761916013,0.126849712297614,3.05586154972067,1.78152421826293
365174,31155,2.35225506485295,1.07721503208655,-2.49521144334024,-1.22017141057383,-1.16241950287144,0.112620529894962,3.09423026335857,1.81919023059216
371803,31651,2.35228614547755,1.07654430962789,-2.48873769523405,-1.21299585938439,-1.15568282649325,0.120059009356412,3.08098875824955,1.80524692239989
378552,32181,2.37516874781267,1.09872612712447,-2.47248396574213,-1.19604134505394,-1.19808200715013,0.0783606135380568,3.08425160707947,1.80780898639127
385423,32717,2.42061578178676,1.14347340836448,-2.50481718750444,-1.22767481408216,-1.19822985904804,0.0789125143742444,3.07128564676556,1.79414327334327
392419,33266,2.37727239162315,1.09943121508949,-2.45846688609724,-1.18062570956358,-1.20290860483205,0.0749325717016109,3.07295748130595,1.79511630477229
399542,33823,2.40436704386396,1.12582803832318,-2.46976707209845,-1.19122806655767,-1.22658252711325,0.0519564784275293,3.08083693734756,1.80229793180678
406794,34360,2.38694607790266,1.10771024383482,-2.54380766170573,-1.26457182763788,-1.12422747532852,0.155008358739322,3.06994344113147,1.79070760706362
414178,34926,2.41503019786177,1.13509847047225,-2.55937066292303,-1.27943893553351,-1.16482445384943,0.115107273540088,3.09801930091056,1.81808757352104
421697,35518,2.37180433025625,1.09117758812873,-2.47899641994896,-1.19836967782143,-1.19572963239496,0.0848971097325664,3.09177610408744,1.81114936195992
429351,36099,2.36111758115806,1.0797969237377,-2.50821605088476,-1.2268953934644,-1.15119599748395,0.130124659936401,3.08714884921045,1.8058281917901
437144,36731,2.35508257582426,1.07306895809584,-2.56287310991814,-1.28085949218972,-1.14506857588295,0.136945041845475,3.14171349197665,1.85969987424823
445079,37353,2.32791535668586,1.04520969003096,-2.52960153328934,-1.24689586663444,-1.13610880470213,0.146596861952767,3.12664936330546,1.84394369665056
453158,37947,2.33680510668636,1.05340835064637,-2.54455813345483,-1.26116137741484,-1.17488734070203,0.108509415337958,3.17149474947036,1.88809799343037
461384,38564,2.36776180612266,1.08367488539489,-2.57263437870654,-1.28854745797877,-1.15552211440294,0.128564806324826,3.14924906898666,1.8651621482589
469759,39205,2.33979996137737,1.05502385365707,-2.56535527190303,-1.28057916418273,-1.19510034404183,0.0896757636784651,3.20951003656737,1.92473392884707
478286,39872,2.33250326664924,1.04703892236344,-2.53183399717676,-1.24636965289096,-1.09205156309915,0.193412781186654,3.08023667562644,1.79477233134064
486968,40524,2.32075544481526,1.03460379282433,-2.53739264310514,-1.2512409911142,-1.11507406451994,0.171077587470988,3.12056564480966,1.83441399281873
495807,41221,2.29362305656664,1.00678508637677,-2.56431048973775,-1.27747251954787,-1.09668016891055,0.190157801279324,3.15622198408147,1.86938401389159
504807,41892,2.29779609590605,1.01027270586356,-2.57112432209794,-1.28360093205545,-1.08685412862914,0.200669261413349,3.14903673682085,1.86151334677836
513970,42590,2.27819026451954,0.989982420312862,-2.56263785369006,-1.27443000948339,-1.09534403628166,0.192863807925016,3.16864600745194,1.88043816324527
523299,43311,2.29054300699917,1.00165166767575,-2.59443224513004,-1.30554090580662,-1.05517572202564,0.233715617297783,3.14791934215637,1.85902800283295
532798,44039,2.30718637778335,1.01761242867357,-2.58906271737143,-1.29948876826165,-1.14866059832104,0.140913350788739,3.21939131990896,1.92981737079918
542469,44759,2.24193978453897,0.951684186108453,-2.52897866522903,-1.23872306679851,-1.10519434496584,0.18506125346468,3.18108760765577,1.89083200922525
552316,45500,2.24875080395216,0.95781445284515,-2.47919222323864,-1.18825587213163,-1.16327427741544,0.127662073691573,3.18257007870176,1.89163372759475
562341,46243,2.25280862917887,0.961192500988838,-2.49667853614113,-1.2050624079511,-1.19679798721032,0.0948181409797175,3.22952227617247,1.93790614798244
572549,47020,2.24895871664344,0.956663665948985,-2.50615261330015,-1.21385756260569,-1.16365167764934,0.128643373045117,3.20969995630585,1.9174049056114
582942,47808,2.30706037202015,1.01408733899476,-2.54306810299826,-1.25009506997288,-1.19521710835264,0.0977559246727457,3.22007922133056,1.92710618830518
593523,48616,2.31753713514976,1.02388707940005,-2.52232814792222,-1.22867809217251,-1.23691156291582,0.0567384928338879,3.23055695768818,1.93690690193847
604296,49423,2.31125709477607,1.01693093526841,-2.50303083103472,-1.20870467152707,-1.25891523909033,0.0354109204173267,3.23954335734888,1.94521719784122
615265,50247,2.40343519713167,1.10843381882438,-2.48749157559513,-1.19249019728783,-1.34073374136034,-0.0457323630530435,3.21364450182367,1.91864312351637
626434,51082,2.42246140556807,1.12678566561331,-2.51404930042435,-1.21837356046959,-1.25052525979714,0.045150480157615,3.13096753665326,1.8352917966985
637804,51933,2.45121250667373,1.15486341616682,-2.54539159298548,-1.24904250247858,-1.28701962435986,0.00932946614704733,3.17005309267134,1.87370400216443
649382,52775,2.46876568969054,1.17174406041456,-2.53297114072984,-1.23594951145386,-1.29952492935743,-0.00250330008145006,3.15258476239654,1.85556313312056
661169,53661,2.45132303768676,1.15362983931357,-2.54543823489362,-1.24774503652043,-1.27222578952603,0.0254674088471591,3.15519536873276,1.85750217035957
673170,54549,2.46595397069964,1.16759010109941,-2.53567705233755,-1.23731318273731,-1.27216354236555,0.0262003272346905,3.13074100600323,1.832377136403
685390,55463,2.44881564523456,1.14978193941273,-2.56707902117145,-1.26804531534962,-1.20662491163185,0.09240879418998,3.11374266956855,1.81470896374672
697831,56397,2.43199105681913,1.13228845506187,-2.55500940289525,-1.25530680113799,-1.17062682784567,0.129075773911594,3.08249955592154,1.78279695416428
710497,57340,2.44030367967505,1.13993311874193,-2.54677224883176,-1.24640168789863,-1.18601843156617,0.114352129366956,3.08134138272263,1.7809708217895
723394,58294,2.47586454978935,1.17482686419707,-2.51152649752706,-1.21048881193478,-1.21183031776945,0.089207367822822,3.03634664750695,1.73530896191467
736525,59274,2.46178700873745,1.16008309280784,-2.52556977208695,-1.22386585615735,-1.16027781865535,0.141426097274261,3.01291496400466,1.71121104807506
749894,60230,2.45706214235028,1.1546929000289,-2.51169309193133,-1.20932384960995,-1.23913978809094,0.0632294542304468,3.08262511967186,1.78025587735048
763506,61241,2.48359346784946,1.18055976716935,-2.52211381974493,-1.21908011906482,-1.32311549213253,-0.0200817914524176,3.15049022602787,1.84745652534776
777365,62270,2.53017827435036,1.22648100111616,-2.54813754012406,-1.24444026688986,-1.31285381402844,-0.00915654079424,3.11966746180195,1.81597018856775
791476,63320,2.46917713322614,1.16481714672453,-2.53672945130185,-1.23236946480024,-1.29719702343584,0.00716296306576747,3.15360372351134,1.84924373700973
805842,64386,2.43110052840305,1.12607875821553,-2.52096886682574,-1.21594709663822,-1.28154133612614,0.0234804340613828,3.16026405654864,1.85524228636112
820470,65453,2.42546977201587,1.11978703722035,-2.52665961129094,-1.22097687649542,-1.27368772300895,0.0319950117865706,3.16373194428385,1.85804920948833
835363,66554,2.42195633608134,1.11561353270947,-2.51221366066827,-1.2058708572964,-1.25058853523984,0.0557542681320236,3.12970024182655,1.82335743845469
850526,67661,2.42954510609437,1.12254311878612,-2.52635021949004,-1.21934823218179,-1.28634749777925,0.0206544895290046,3.17200699317476,1.86500500586651
865964,68794,2.42207442367595,1.11441413002802,-2.51220042146724,-1.20454012781931,-1.26394189921083,0.0437183944370936,3.14292227900197,1.83526198535404
881683,69955,2.44453698571937,1.13621921889056,-2.45976718092265,-1.15144941409385,-1.34849189317785,-0.040174126349046,3.15257647038095,1.84425870355215
897687,71117,2.41698263401804,1.10800827089235,-2.49572567719676,-1.18675131407107,-1.32524553016756,-0.0162711670418707,3.19284295534604,1.88386859222034
913982,72293,2.39176065406269,1.08213053577796,-2.48731722897853,-1.17768711069379,-1.32103434480612,-0.0114042265213878,3.20544530172188,1.89581518343715
930572,73515,2.34779040577433,1.03750542212705,-2.43512482921204,-1.12483984556476,-1.29804528740965,0.0122396962376341,3.17423409284714,1.86394910919986
947464,74728,2.3861731231022,1.0752340973347,-2.41771677451263,-1.10677774874513,-1.30950773467902,0.00143129108848461,3.12990576808937,1.81896674232187
964662,75967,2.37682948285635,1.06523729302487,-2.40652902584165,-1.09493683601017,-1.31040672642166,0.00118546340982317,3.12896065140674,1.81736846157526
982172,77223,2.36460454738057,1.05236005194423,-2.44692192578984,-1.1346774303535,-1.29017060369424,0.0220738917420997,3.16134236410335,1.84909786866701
1000000,78498,2.35157013949737,1.03867418225936,-2.43588417704544,-1.12298821980743,-1.31129147597426,0.00160448126374746,3.18445989552217,1.87156393828416
1018152,79834,2.3476174362217,1.03407085092577,-2.46381907876753,-1.1502724934716,-1.25960853394912,0.0539380513468086,3.16466455849488,1.85111797319895
1036633,81176,2.34176915613716,1.02757280555721,-2.49344914143325,-1.1792527908533,-1.23795804161566,0.0762383089642913,3.17849240891155,1.86429605833161
1055450,82508,2.38475246965803,1.06990717857963,-2.50517294670396,-1.19032765562557,-1.20664167962198,0.10820361145641,3.11591653866762,1.80107124758923
1074608,83871,2.35669464499986,1.04120127357138,-2.52158790025933,-1.20609452883085,-1.21162102177135,0.103872349657134,3.16536865903066,1.84987528760218
1094114,85295,2.39117427951336,1.07503365833027,-2.53300385090944,-1.21686322972634,-1.25014596011982,0.0659946610632745,3.18082991351577,1.86468929233267
1113974,86747,2.35674309681244,1.03995606484012,-2.46794854103834,-1.15116150906602,-1.28448767454074,0.0322993574315729,3.18454750076646,1.86776046879414
1134194,88195,2.36417732554787,1.04674473296618,-2.46792492846734,-1.15049233588565,-1.24657861716292,0.0708539754187703,3.13918060208226,1.82174800950057
1154782,89647,2.39776587345028,1.07968852221961,-2.44164355876214,-1.12356620753147,-1.26525028201132,0.052827069219346,3.09798234932308,1.77990499809241
1175743,91172,2.35052424794355,1.0318029901862,-2.43339791805124,-1.11467666029389,-1.24203450755564,0.076686750201707,3.11376255966317,1.79504130190582
1197085,92729,2.34426093305797,1.02489658121472,-2.47301738119683,-1.15365302935358,-1.20452609669323,0.114838255150016,3.12213692683198,1.80277257498874
1218814,94264,2.44165407052859,1.12164746234021,-2.54662283155344,-1.22661622336506,-1.16895430165343,0.151052306534951,3.06277744467818,1.7427708364898
1240938,95808,2.47784094941125,1.15719289203507,-2.51407151335835,-1.19342345598217,-1.19431713686635,0.126330920509828,3.01940208281326,1.69875402543708
1263463,97429,2.4429964061832,1.12170773827971,-2.5346807820284,-1.21339211412491,-1.15407606818442,0.16721259971907,3.03461482602958,1.71332615812609
1286397,99064,2.41379915297395,1.09187069051573,-2.54968965678884,-1.22776119433062,-1.15852017397324,0.163408288484978,3.08326505978795,1.76133659732973
1309747,100709,2.40431978485304,1.08175235335677,-2.48559594827614,-1.16302851677987,-1.20333961005414,0.119227821442126,3.07347015547705,1.75090272398078
1333521,102391,2.38877748152808,1.06557189217808,-2.47693302938993,-1.15372744003992,-1.19815935798232,0.125046231367684,3.07516928784406,1.75196369849406
1357727,104096,2.43090802884146,1.10706508299197,-2.56234255937017,-1.23849961352068,-1.23849366704934,0.0853492788001471,3.15878257957786,1.83493963372837
1382372,105861,2.45560116343296,1.13112168237022,-2.62971857693225,-1.30523909586951,-1.20362020166704,0.120859279395704,3.16659199716617,1.84211251610343
1407465,107627,2.51500052844625,1.18988530512558,-2.65169304804294,-1.32657782472227,-1.20543185010615,0.119683373214521,3.13097875170266,1.80586352838198
1433013,109422,2.47735987221387,1.15160972604243,-2.67607894588295,-1.35032879971151,-1.17276287699374,0.152987269177694,3.16033633266267,1.83458618649123
1459024,111268,2.50561344548285,1.17922919960212,-2.65784262582955,-1.33145837994881,-1.19771701060836,0.128667235272378,3.13880057295486,1.81241632707413
1485508,113138,2.48733407100525,1.16031650801727,-2.68247202666313,-1.35545446367516,-1.22902361716194,0.0979939458260335,3.21301595481967,1.88599839183169
1512473,115064,2.48562905544398,1.15797897033231,-2.64162436489443,-1.31397427978275,-1.22725853078362,0.100391554328056,3.17210822223399,1.84445813712232
1539927,116958,2.46782416491513,1.13954236754277,-2.62060733664725,-1.2923255392749,-1.21905359325726,0.109228204115098,3.16069114698914,1.83240934961678
1567879,118919,2.51654870430906,1.18763599933619,-2.62929966942974,-1.30038696445687,-1.20539681382533,0.123515891147542,3.10700216094588,1.77808945597301
1596339,120882,2.51256662573644,1.1830237944554,-2.65553473245276,-1.32599190117172,-1.22514868821196,0.104394143069085,3.15697117692804,1.82742834564699
1625315,122906,2.51554712203566,1.18537497054474,-2.64281265549434,-1.31264050400343,-1.22202303071992,0.108149120770987,3.13814294617848,1.80797079468756
1654817,124976,2.49549233697306,1.16469165549559,-2.64125726959813,-1.31045658812066,-1.19866294084974,0.132137740627725,3.13328225547465,1.80248157399719
1684855,127071,2.47005226377746,1.13862383122266,-2.64209199337654,-1.31066356082174,-1.22417005148492,0.107258381069882,3.18506416308387,1.85363573052906
1715438,129203,2.48232914330268,1.15027375180893,-2.67575629426332,-1.34370090276957,-1.19368500858815,0.138370382905604,3.17596654154866,1.84391115005491
1746576,131351,2.42173167271628,1.08905011011827,-2.64238747726094,-1.30970591466293,-1.20288555099972,0.129796011598283,3.21239573754426,1.87971417494625
1778279,133551,2.43987572914077,1.10656878265387,-2.64528030108843,-1.31197335460154,-1.20895624884363,0.124350697643264,3.20321520279114,1.86990825630424
1810558,135815,2.46065571631269,1.12672415677206,-2.61825098306892,-1.2843194235283,-1.28355476097491,0.0503767985657133,3.23000440973109,1.89607285019047
1843423,138083,2.44895809831416,1.11440270357403,-2.60059105268982,-1.26603565794968,-1.27762002497383,0.0569353697663095,3.21810736134935,1.88355196660922
1876884,140429,2.41231288324707,1.07713444102369,-2.57864465615251,-1.24346621392913,-1.22043877554691,0.114739666676467,3.17562493045227,1.8404464882289
1910953,142783,2.44272662298357,1.10692589727711,-2.62337549131124,-1.28757476560478,-1.17248209026243,0.163318635444023,3.14198534058997,1.80618461488351
1945640,145204,2.47513339453079,1.1387111662503,-2.58227919632802,-1.24585696804753,-1.26100514537762,0.0754170829028618,3.15700532917478,1.82058310089429
1980957,147606,2.46518977808526,1.12814681231273,-2.57221080040674,-1.23516783463421,-1.24539553479195,0.0916474309805733,3.14127093911327,1.80422797334074
2016915,150121,2.46743770978429,1.12977477738143,-2.55879291927653,-1.22112998687366,-1.23200869515131,0.105654237251559,3.11221828664347,1.7745553542406
2053525,152620,2.44989138305237,1.11160926357085,-2.56238625559362,-1.2241041361121,-1.22154063927363,0.116741480207894,3.12288989381477,1.78460777433325
2090800,155185,2.45902368744513,1.12012313893002,-2.54781297503246,-1.20891242651735,-1.20142623910607,0.137474309409033,3.07906990869313,1.74016936017803
2128752,157791,2.43274287135807,1.09322465140895,-2.56294126175675,-1.22342304180763,-1.22757557218674,0.111942647762381,3.14662834458525,1.80711012463613
2167392,160446,2.43205922821755,1.09192411317701,-2.54724784565965,-1.20711273061911,-1.28019663662366,0.0599384784168848,3.18423963606554,1.844104521025
2206734,163126,2.42659184365766,1.08584058398427,-2.53371968120913,-1.19296842153574,-1.30716435198792,0.03358690768547,3.20314657153926,1.86239531186587
2246790,165861,2.40987964728936,1.06851300324834,-2.54513938034864,-1.20377273630763,-1.27585084605144,0.0655157979895782,3.19996496111057,1.85859831706955
2287573,168662,2.41042684053266,1.06844556985733,-2.51504010594414,-1.1730588352688,-1.28840027269732,0.0535809979780228,3.18186792010869,1.83988664943335
2329097,171477,2.41489737219516,1.07230221894311,-2.51297416524525,-1.1703790119932,-1.27845385018085,0.0641413030711981,3.16538502523076,1.82278987197871
2371374,174346,2.41560969576358,1.07240142338949,-2.52549642531122,-1.18228815293713,-1.30383229537003,0.0393759770040574,3.20257340691757,1.85936513454348
2414418,177270,2.34576519308834,1.00194455811181,-2.47884749022685,-1.13502685525032,-1.28835803467246,0.0554626003040743,3.21029471381073,1.8664740788342
2458244,180241,2.36567012738067,1.02123786936777,-2.52041114667495,-1.17597888866205,-1.30444844413492,0.0399838138779749,3.24804384542907,1.90361158741617
2502865,183270,2.37390332000891,1.0288601932647,-2.51217074085469,-1.16712761411048,-1.29115118664708,0.0538919400971174,3.2182729894925,1.8732298627483
2548297,186338,2.3537958249488,1.00814256080323,-2.52256861049756,-1.17691534635199,-1.29609505867955,0.0495582054660151,3.25372222622804,1.90806896208247
2594553,189501,2.37559510724492,1.02933245821929,-2.5257399456375,-1.17947729661187,-1.2593468163775,0.086915832648125,3.19834603676969,1.85208338774407
2641648,192684,2.40460327576324,1.05773199167199,-2.56090407318914,-1.21403278909789,-1.24998086748712,0.0968904166041216,3.19513604691286,1.84826476282162
2689599,195930,2.40084350817722,1.05336431448203,-2.62078420378037,-1.27330501008519,-1.22169938424355,0.125779809451633,3.23049446184643,1.88301526815125
2738420,199214,2.43232368388482,1.08423732376081,-2.69109346911841,-1.34300710899441,-1.19263693611481,0.155449424009195,3.24026110334802,1.89217474322401
2788127,202566,2.4227161975183,1.07402340964376,-2.64769267626411,-1.29899988838958,-1.23605808971968,0.11263469815486,3.24988895046511,1.90119616259057
2838736,206035,2.45436648030392,1.10506800246152,-2.64717815743006,-1.29787967958766,-1.23063150452208,0.118666973320323,3.21229756364795,1.86299908580555
2890264,209466,2.45834571423308,1.10844227501076,-2.63128684551054,-1.28138340628823,-1.24766046853614,0.102242970686174,3.20945598181345,1.85955254259114
2942727,212970,2.46072959823812,1.1102219323914,-2.63368040272707,-1.28317273688034,-1.27564333174269,0.0748643341040365,3.2374485182313,1.88694085238458
2996143,216548,2.43179761513494,1.08068644400485,-2.61628403229389,-1.2651728611638,-1.23499858623387,0.116112584896221,3.20833938539255,1.85722821426246
3050528,220171,2.3805723393985,1.02885839713439,-2.5709438712563,-1.2192299289922,-1.22854611848629,0.123167823777814,3.20777203234371,1.85605809007961
3105900,223888,2.36294171536974,1.01062572968607,-2.50426164225985,-1.15194565657617,-1.24182642216903,0.11048956351465,3.17200073105897,1.8196847453753
3162278,227647,2.37823063367949,1.02531331901463,-2.5387256798009,-1.18580836513605,-1.22887231273569,0.12404500192917,3.17822174085671,1.82530442619185
3219678,231549,2.39062528909852,1.03710738195494,-2.53327275364791,-1.17975484650432,-1.25694892433307,0.0965689828105141,3.18845077088213,1.83493286373854
3278121,235472,2.38342135297268,1.02930356266828,-2.5360794783021,-1.1819616879977,-1.26849085164412,0.0856269386602779,3.2100033589731,1.8558855686687
3337625,239395,2.36540081100679,1.01068385486827,-2.5279625723,-1.17324561616147,-1.24922666063759,0.105490295500935,3.20064280393041,1.84592584779188
3398208,243430,2.4193316138477,1.06401621985949,-2.52648240932507,-1.17116701533686,-1.29325089595028,0.0620644980379288,3.18925607342732,1.83394067943911
3459892,247549,2.3906336739833,1.03472054481946,-2.51616430941107,-1.16025118024722,-1.34994554959707,0.00596757956677751,3.2643305670245,1.90841743786066
3522695,251637,2.45692173436527,1.10041159017849,-2.50544666355398,-1.1489365193672,-1.37128934760034,-0.0147792034135588,3.20866865878884,1.85215851460206
3586638,255835,2.46649842043365,1.10939197306737,-2.51084628565155,-1.15373983828528,-1.35328249445234,0.00382395291393367,3.18648474167003,1.82937829430375
3651741,260166,2.42399241438608,1.06629038027284,-2.50304018873868,-1.14533815462544,-1.34328732781148,0.0144147063017563,3.2111894841637,1.85348745005046
3718027,264586,2.34488304800732,0.986586124369191,-2.51564732218429,-1.15735039854617,-1.29946253388908,0.0588343897490431,3.25908119006573,1.9007842664276
3785515,269037,2.39405327651326,1.03516218090152,-2.49766110013195,-1.13877000452021,-1.28957628271837,0.069314812893372,3.18203848833684,1.8231473927251
3854229,273593,2.40834272827249,1.04885815748351,-2.50160028122906,-1.14211571044009,-1.29785012129668,0.0616344494922962,3.17996205625292,1.82047748546395
3924190,278195,2.39922759024398,1.03915025025501,-2.51474996714683,-1.15467262715785,-1.28077003163327,0.0793073083557081,3.18514679053595,1.82506945054698
3995421,282851,2.39736321094733,1.03669380297352,-2.53507550649988,-1.17440609852607,-1.2726479718043,0.0880214361695089,3.19921464935652,1.83854524138271
4067944,287649,2.37053239221336,1.00927162433928,-2.55385559596021,-1.19259482808614,-1.25177341445385,0.109487353420228,3.22395100020054,1.86269023232646
4141785,292469,2.41792048070295,1.05606903886503,-2.58549527567345,-1.22364383383553,-1.26159097709666,0.10026046474126,3.21802015406695,1.85616871222903
4216965,297434,2.4927545321749,1.13031312388127,-2.59882538333915,-1.23638397504552,-1.29421036202473,0.0682310462689015,3.18913559518847,1.82669418689485
4293510,302406,2.51784010211986,1.15480941990192,-2.59875101479054,-1.2357203325726,-1.28834699042898,0.0746836917889639,3.15811228509943,1.79508160288149
4371445,307472,2.51109754693675,1.14747828012867,-2.58625423298247,-1.22263496617439,-1.29143336395128,0.0721859028567953,3.15544443199673,1.79182516518865
4450794,312719,2.60009551167121,1.23588835717795,-2.64396339018674,-1.27975623569347,-1.35290740530797,0.0112997491852935,3.18562966582323,1.82142251132996
4531584,317985,2.53683057082651,1.17203621413876,-2.59010399086026,-1.2253096341725,-1.32741138529747,0.0373829713902873,3.16953918733094,1.80474483064319
4613840,323362,2.50913748904202,1.14375662239134,-2.56900514644678,-1.20362427979611,-1.35683418979954,0.00854667685113375,3.20555622920403,1.84017536255336
4697589,328818,2.55720632120841,1.19123963238003,-2.60976275368961,-1.24379606486123,-1.33993551037719,0.0260311784511924,3.181346324858,1.81537963602962
4782858,334343,2.52090093486271,1.15434911069297,-2.62967166282726,-1.26311983865752,-1.28786749469447,0.0786843294752761,3.18549260465875,1.818940780489
4869675,339985,2.53817939891513,1.17104312185813,-2.6322652730849,-1.2651289960279,-1.33075495801768,0.0363813190393218,3.21369521418711,1.84655893713011
4958068,345773,2.50758269220563,1.13986264382353,-2.59979712630036,-1.23207707791826,-1.37223453591554,-0.0045144875334362,3.25330335201005,1.88558330362795
5048066,351600,2.47501630017456,1.10671315794818,-2.62699535254785,-1.25869221032147,-1.3262333404798,0.0420698017465759,3.26706677485299,1.89876363262661
5139697,357538,2.53260003518744,1.16371448227689,-2.62784536464892,-1.25895981173837,-1.33069033835812,0.0381952145524254,3.21479004981944,1.84590449690889
5232991,363554,2.54856713235529,1.17909984797409,-2.65949100483948,-1.29002372045828,-1.32019280001788,0.0492744843633208,3.21997105450174,1.85050377012054
5327979,369707,2.54024226582595,1.17019392261992,-2.61539977052649,-1.24535142732046,-1.33899921633645,0.0310491268695863,3.20301110303672,1.83296275983068
5424691,375946,2.54315402438488,1.17252529801445,-2.63471584978788,-1.26408712341746,-1.3393123534135,0.031316372956919,3.21972856081612,1.8490998344457
5523158,382263,2.52991584845876,1.15870741468632,-2.64292152361924,-1.2717130898468,-1.29613196776648,0.0750764660059522,3.19799202492675,1.82678359115431
5623413,388683,2.53832455137342,1.16653707774829,-2.64098637458977,-1.26919890096464,-1.28258960844619,0.0891978651789409,3.17410581366221,1.80231834003708
5725488,395255,2.47789959944083,1.10553375466172,-2.55559342010673,-1.18322757532761,-1.29247771857717,0.0798881262019422,3.15902592124286,1.78666007646374
5829415,401875,2.4878693593306,1.11492581629648,-2.57552468644258,-1.20258114340846,-1.30417557037379,0.0687679726603345,3.18068527948543,1.80774173645131
5935229,408733,2.48364348992999,1.11012291234634,-2.5597380548528,-1.18621747726915,-1.31973683419039,0.0537837433932569,3.18468578111282,1.81116520352917
6042964,415611,2.48135914346341,1.10726219495178,-2.54077981503337,-1.16668286652175,-1.31738709466737,0.0567098538442592,3.165662148237,1.79156519972538
6152654,422624,2.53030655289791,1.15563390012865,-2.56141793406249,-1.18674528129323,-1.32823992307726,0.0464327296920002,3.14820568624151,1.77353303347225
6264335,429751,2.51721951103701,1.14197181641803,-2.53123185640982,-1.15598416179083,-1.27255954498543,0.102688149633557,3.07542627235779,1.7001785777388
6378044,437017,2.52920649646222,1.15338441656573,-2.58624646597258,-1.21042438607608,-1.27010669225496,0.10571538764154,3.11600104376504,1.74017896386854
6493816,444359,2.48736005215579,1.11096425108705,-2.58383717173183,-1.20744137066309,-1.23302295407944,0.143372846989299,3.11835445565498,1.74195865458624
6611690,451916,2.52695967212549,1.14999080480516,-2.61328176693166,-1.23631289961134,-1.22007726833766,0.156891598982662,3.09525374514351,1.71828487782319
6731704,459542,2.53999788930179,1.16245660997908,-2.65416531167261,-1.2766240323499,-1.18222927043422,0.19531200888849,3.0852510748046,1.70770979548189
6853896,467311,2.51891033883754,1.14079730424676,-2.62600941433288,-1.2478963797421,-1.22180878290806,0.156304251682724,3.11776224040312,1.73964920581234
6978306,475273,2.47866506657522,1.09998092975445,-2.60086755120517,-1.22218341438441,-1.23794527202233,0.140738864798434,3.14900213865207,1.7703180018313
7104974,483360,2.43764377337999,1.05838918704015,-2.6177787666544,-1.23852418031456,-1.22032715913844,0.158927427201403,3.1893165344124,1.81006194807256
7233942,491462,2.46547226494289,1.08564787583045,-2.6425728524751,-1.26274846336266,-1.21970142616311,0.160122962949324,3.18565639569493,1.8058320065825
7365250,499769,2.43396125148098,1.05356771250106,-2.61623782589504,-1.23584428691512,-1.25711251952305,0.123281019456873,3.22824347593695,1.84784993695703
7498942,508193,2.44575351502391,1.06479147101669,-2.57661991386806,-1.19565786986084,-1.30703757633205,0.0739244676751687,3.22675835717592,1.84579631316871
7635061,516796,2.42057853898592,1.03904863454121,-2.59147843570605,-1.20994853126134,-1.28565416655005,0.0958757378946624,3.24540844526996,1.86387854082525
7773650,525520,2.43504659555293,1.05294947811121,-2.59158378807103,-1.20948667062931,-1.30871640258704,0.0733807148546839,3.25410797710492,1.8720108596632
7914755,534434,2.43716990325993,1.05450621404136,-2.59220043772405,-1.20953674850548,-1.30368567396005,0.0789780152585222,3.24757059042395,1.86490690120538
8058422,543449,2.46085916559292,1.07762954313241,-2.56857155174708,-1.18534192928657,-1.30398506833109,0.0792445541294229,3.20055183648492,1.81732221402441
8204696,552607,2.44899356488594,1.06519865213514,-2.60857621233811,-1.22478129958731,-1.26264693175807,0.121147980992729,3.21108396120991,1.82728904845911
8353625,561992,2.47724351530093,1.09288395109767,-2.62623078071113,-1.24187121650787,-1.28456954336707,0.0997900208361884,3.22241119077688,1.83805162657362
8505258,571452,2.48130644156288,1.09638286031292,-2.6220607691011,-1.23713718785114,-1.29276815542511,0.0921554258248503,3.22237686496288,1.83745328371292
8659643,581194,2.44230009818591,1.05681313687001,-2.58855974850206,-1.20307278718617,-1.29057466143809,0.0949122998778129,3.22568869375391,1.84020173243801
8816831,591049,2.3972661924019,1.01121648280261,-2.60774508554607,-1.22169537594678,-1.24763883741406,0.138410872185232,3.2469721125579,1.86092240295861
8976871,601015,2.44492852087092,1.05831669997248,-2.58708604268907,-1.20047422179063,-1.27786209435703,0.1087497265414,3.20887399817497,1.82226217727653
9139817,611150,2.47253573251896,1.08536242810115,-2.582094038337,-1.19492073391919,-1.26753426024902,0.119639044168796,3.16594694806696,1.77877364364914
9305720,621541,2.45107636021396,1.06334220463031,-2.57065674033805,-1.18292258475441,-1.28371620762607,0.104017947957575,3.19215096974995,1.8044168141663
9474635,632013,2.44722862857293,1.05893424831332,-2.59406496096307,-1.20577058070346,-1.29545566831905,0.0928387119405605,3.23114638270891,1.8428520024493
9646616,642742,2.45415928599493,1.06530530838573,-2.61057154679708,-1.22171756918787,-1.32629058878507,0.0625633888241304,3.27155723158694,1.88270325397774
9821719,653633,2.43837112133093,1.04895817118747,-2.61862115460104,-1.22920820445758,-1.28672416217705,0.102688787966413,3.25582857744695,1.86641562730348
10000000,664579,2.46434372326195,1.07437242611031,-2.62313878059808,-1.23316748344645,-1.3406582421901,0.0493130549615324,3.28830768152591,1.89833638437427
10181517,675856,2.50233680295491,1.11180778192232,-2.67560863583304,-1.28507961480045,-1.33023862900507,0.0602903920275295,3.29236484388292,1.90183582285033
10366329,687277,2.47400852907191,1.08292240510574,-2.69025126827205,-1.29916514430588,-1.35358813017609,0.0374979937900797,3.3586852513759,1.96759912740973
10554496,698973,2.44565493290395,1.05401232502971,-2.67574264601609,-1.28410003814185,-1.34721560045205,0.0444270074221966,3.36615769556391,1.97451508768967
10746078,710860,2.44652535573692,1.05432688422453,-2.72377871552703,-1.33158024401463,-1.29603535123903,0.096163120273371,3.36214309302898,1.96994462151658
10941138,722890,2.46909628922992,1.07634257005981,-2.72923157251807,-1.33647785334796,-1.26514111925405,0.127612599916058,3.31413078454193,1.92137706537182
11139739,735119,2.52336165513293,1.13005330333083,-2.72984487597904,-1.33653652417694,-1.27202364963102,0.121284702171079,3.26736125247697,1.87405290067487
11341944,747562,2.51475015528291,1.12088778800531,-2.69674912119308,-1.30288675391548,-1.28665397241707,0.107208394860531,3.25750732032691,1.86364495304931
11547820,760259,2.48670529569489,1.09228952442698,-2.65153991714908,-1.25712414588117,-1.30285148915311,0.0915642821147935,3.25654049260692,1.86212472133901
11757433,773158,2.49688881135091,1.10192024794657,-2.66937070686504,-1.27440214346069,-1.27153309016506,0.12343547323928,3.23286936767892,1.83790080427457
11970850,786277,2.46882607486498,1.07330533196086,-2.65455620531907,-1.25903546241495,-1.25555938987503,0.139961353029089,3.23014390232896,1.83462315942484
12188142,799574,2.50137127243596,1.10529895633311,-2.68662289363203,-1.29055057752918,-1.26091333972806,0.135158976374787,3.23501934292398,1.83894702682113
12409378,813176,2.46993395875495,1.07331067782197,-2.65627266754507,-1.25964938661209,-1.23976881487306,0.156854466059921,3.2149619056629,1.81833862472992
12634629,826954,2.45353069764593,1.05635706032028,-2.67033722073808,-1.27316358341243,-1.24139081233409,0.15578282499156,3.2470517174259,1.84987808010026
12863969,841020,2.51698916499902,1.11926577564637,-2.69775996218095,-1.3000365728283,-1.28009883336892,0.117624555983724,3.24972401255104,1.85200062319839
13097473,855125,2.51045197092606,1.1121794308003,-2.68625631098189,-1.28798377085613,-1.28644044286591,0.111832097259848,3.25109916492204,1.85282662479628
13335214,869641,2.45536885426998,1.05654776930372,-2.68408935104196,-1.2852682660757,-1.30720418417798,0.0916169007882857,3.32477906295003,1.92595797798377
13577271,884316,2.44528745420894,1.04591842419138,-2.64188560390699,-1.24251657388943,-1.32271868239502,0.076650347622536,3.30817121409302,1.90880218407547
13823722,899375,2.44304684266297,1.04313046687355,-2.64095767718902,-1.24104130139961,-1.3014916612251,0.0984247145643116,3.288256877751,1.88834050196158
14074647,914607,2.4720902804911,1.07162715639795,-2.65805016688489,-1.25758704279174,-1.29827319045296,0.102189933640195,3.27308745884704,1.87262433475389
14330126,930121,2.47589373076596,1.0748844571345,-2.64896697150596,-1.2479576978745,-1.29672768552996,0.104281588101501,3.25865530827002,1.85764603463856
14590242,945949,2.52532579132208,1.12377096485439,-2.6732473469699,-1.27169252050222,-1.34188120638998,0.0596736200776982,3.27865714403811,1.87710231757042
14855080,961999,2.52604831428698,1.12394852866258,-2.64454360204104,-1.24244381641664,-1.371577099761,0.0305226858634013,3.27892676951501,1.87682698389061
15124725,978239,2.52808812759702,1.12544397666107,-2.64038668388298,-1.23774253294704,-1.34580330501899,0.056840845916954,3.24695624330502,1.84431209236908
15399265,994793,2.46621422339592,1.06302629822147,-2.57024700905197,-1.16705908387752,-1.33001945070805,0.0731684744664012,3.22290661836394,1.81971869318948
15678788,1011735,2.48415146234606,1.08042035439783,-2.55866794358599,-1.15493683563776,-1.36410220924597,0.0396288987022577,3.22747307248608,1.82374196453785
15963385,1028912,2.49649469566702,1.09222099406092,-2.52840080630108,-1.12412710469497,-1.39993089708105,0.0043428045250562,3.22069138971494,1.81641768810884
16253148,1046336,2.49548411545697,1.09066840823269,-2.51833917855902,-1.11352347133473,-1.40096967031502,0.00384603690926544,3.2126791154169,1.80786340819262
16548171,1064053,2.53219234329799,1.12683521681195,-2.50025592308202,-1.09489879659598,-1.40166819483807,0.00368893164797779,3.15858615662194,1.75322903013589
16848549,1082173,2.51063088334797,1.10473292356084,-2.53544874664397,-1.12955078685683,-1.34978249201197,0.0561154677751645,3.16345473730803,1.7575567775209
17154379,1100583,2.49363173794302,1.08719352989177,-2.58137937010895,-1.1749411620577,-1.34837236053295,0.0580658475183011,3.22497437469906,1.81853616664781
17465760,1119278,2.51053588623893,1.10355801361005,-2.53152637445305,-1.12454850182417,-1.40139826451707,0.00557960811180647,3.21124313473092,1.80426526210204
17782794,1138288,2.501371034415,1.09385407752682,-2.52526090876108,-1.1177439518729,-1.41230995741307,-0.00479300052488685,3.22505421375899,1.81753725687081
18105582,1157615,2.489806538582,1.08175107922193,-2.53960883489799,-1.13155337553792,-1.379549583982,0.0285058753780765,3.21820626229805,1.81015080293798
18434230,1177257,2.45196003424508,1.04336665038419,-2.52137226144293,-1.11277887758205,-1.389420113803,0.0191732700578908,3.24768672300104,1.83909333914015
18768843,1197269,2.53257518075588,1.123444451351,-2.52510141757602,-1.11597068817114,-1.38191198506411,0.0272187443407761,3.16329260388397,1.75416187447909
19109530,1217534,2.50248683974598,1.0928193413484,-2.55520363624203,-1.14553613784444,-1.38349497391403,0.0261725244835567,3.22506615241002,1.81539865401244
19456401,1238277,2.487584908293,1.07738121661702,-2.57812960890305,-1.16792591722707,-1.35365721980304,0.0565464718729403,3.23305630241293,1.82285261073695
19809568,1259259,2.48809190346401,1.07735259336319,-2.60943251982803,-1.19869320972721,-1.32243066772401,0.0883086423768118,3.23262566608798,1.82188635598717
20169146,1280675,2.47740609586594,1.06613173989021,-2.5870361566341,-1.17576180065836,-1.36983035659409,0.0414439993816449,3.26831479936197,1.85704044338624
20535250,1302354,2.51966458195898,1.1078557534386,-2.58029374510511,-1.16848491658473,-1.36813205166106,0.0436767768593134,3.21761559680692,1.80580676828655
20908000,1324509,2.51335798794901,1.10101525675128,-2.59896419205108,-1.18662146085335,-1.37359857385502,0.0387441573427103,3.24805915995694,1.83571642875921
21287517,1347005,2.51772843002391,1.10485236432484,-2.58679435296006,-1.17391828726098,-1.41457037618011,-0.00169431048103608,3.27249068111587,1.8596146154168
21673922,1369877,2.52119569155809,1.10778686087418,-2.58501860880995,-1.17160977812604,-1.389667702878,0.0237411278059101,3.24234500213004,1.82893617144613
22067341,1393273,2.52122429244196,1.10728326373151,-2.60548193720206,-1.19154090849161,-1.40075641633405,0.0131846123763955,3.27386844309399,1.85992741438355
22467901,1416747,2.48429257407804,1.06981991351355,-2.62801754783402,-1.21354488726953,-1.32063123761804,0.0938414229464497,3.25321059337398,1.83873793280948
22875732,1440884,2.50545888146996,1.09045515352172,-2.65629807777805,-1.2412943498298,-1.31368913757399,0.101314590374256,3.25338271588191,1.83837898793367
23290966,1465398,2.51596652958801,1.1004322975117,-2.66176415498398,-1.24622992290767,-1.30587331226798,0.109660919808334,3.24052531966402,1.82499108758771
23713737,1490302,2.53818375940989,1.12211958574327,-2.6864383753101,-1.27037420164348,-1.30095907902603,0.115105094640594,3.23806807692597,1.82200390325935
24144182,1515579,2.53838409396099,1.12179053980889,-2.69359642479105,-1.27700287063896,-1.31306750306703,0.10352605108506,3.25713421589705,1.84054066174496
24582441,1541434,2.54707747331497,1.12995509775339,-2.66208647502503,-1.24496409946345,-1.32859770200901,0.0885246735525749,3.23246108571902,1.81533871015744
25028654,1567644,2.56047924848394,1.14282861159231,-2.68193544314408,-1.26428480625245,-1.32247132860005,0.0951793082915873,3.23278190525991,1.81513126836828
25482967,1594195,2.53332168411396,1.1151433428743,-2.6909530889061,-1.27277474766645,-1.30922526359404,0.108953077645609,3.25571105038591,1.83753270914626
25945527,1621337,2.46658493677091,1.0478794470434,-2.63129312034505,-1.21258763061753,-1.28677470693708,0.131930782790434,3.24033727251094,1.82163178278343
26416483,1648930,2.47530029150198,1.05606820876631,-2.64978400719008,-1.2305519244544,-1.28338016863802,0.135851914097657,3.24671826632596,1.82748618359028
26895988,1676958,2.49629475422603,1.07653663213241,-2.62650301517795,-1.20674489308433,-1.27958008049791,0.140178041595708,3.19864272345001,1.77888460135639
27384196,1705456,2.52347997839797,1.10319637070344,-2.64911452829404,-1.2288309205995,-1.27907528043795,0.141208327256584,3.19356421233397,1.77328060463943
27881267,1734488,2.51422947874903,1.09342093589596,-2.63609362189902,-1.21528507904595,-1.32918132810698,0.0916272147460881,3.23989985325704,1.81909131040397
28387360,1764023,2.5245251353939,1.10319220864389,-2.67170952152605,-1.25037659477605,-1.33918823899808,0.0821446877519307,3.27522700712984,1.85389408037984
28902639,1794013,2.5352827248721,1.11342596406849,-2.68544327665597,-1.26358651585236,-1.35595278185599,0.0659039789476199,3.29496771564004,1.87311095483643
29427272,1824482,2.52786177303994,1.10548172561502,-2.69909647139207,-1.27671642396715,-1.32399847839201,0.0983815690329084,3.28408755874398,1.86170751131905
29961427,1855591,2.52880498896502,1.10590220297186,-2.65627676937902,-1.23337398338586,-1.35619769261507,0.066705093378093,3.27252385502902,1.84962106903586
30505279,1887224,2.55792904269197,1.1345040629498,-2.65669595516408,-1.23327097542191,-1.35681819576803,0.0666067839741413,3.24443949023998,1.82101451049781
31059002,1919359,2.51368045348295,1.08973382559752,-2.70582012602108,-1.28187349813565,-1.307214413265,0.11673221462043,3.28820846780297,1.86426183991754
31622777,1951958,2.51574377307793,1.09127603981813,-2.68818345874604,-1.26371572548624,-1.3094577774981,0.115009955761702,3.27075184516593,1.84628411190613
32196784,1985179,2.541453256674,1.1164649619222,-2.67240139153,-1.2474130967782,-1.30852791914606,0.116460375605741,3.22833043600201,1.80334214125021
32781212,2019000,2.55782337503194,1.13231505860651,-2.73248933957996,-1.30698102315452,-1.31891511329604,0.106593203129389,3.28243545984401,1.85692714341858
33376247,2053422,2.57277162726905,1.14674383065646,-2.69046752548297,-1.26443972887038,-1.36572953462303,0.0602982619895645,3.27227981483702,1.84625201822443
33982083,2088342,2.58040802288895,1.15386128516507,-2.72015177068306,-1.29360503295919,-1.34370144232707,0.0828452953967989,3.27229957212091,1.84575283439704
34598917,2123725,2.59248987060198,1.16542472894257,-2.67248093603007,-1.24541579437066,-1.37541440231803,0.0516507393413839,3.24425984974596,1.81719470808655
35226947,2159808,2.58685047692597,1.15926746875918,-2.69980038780602,-1.27221737963923,-1.32810547897805,0.0994775291887473,3.22990977185805,1.80232676369125
35866376,2196599,2.64112144014791,1.21302110195332,-2.70536772812,-1.2772673899254,-1.37458199391199,0.0535183442826068,3.22768266388391,1.79958232568932
36517413,2234034,2.65167538770606,1.22305825318775,-2.72752042562195,-1.29890329110364,-1.36271514496593,0.065901989552378,3.227414564882,1.79879743036369
37180267,2272062,2.62278741318096,1.19365401629301,-2.67408590293496,-1.24495250604702,-1.377282480247,0.0518509166409431,3.21743535200096,1.78830195511301
37855152,2310724,2.62831610383898,1.19866697779896,-2.67963137336096,-1.24998224732094,-1.34691610964103,0.0827330163989912,3.18708576116308,1.75743663512306
38542289,2350143,2.59970198983297,1.1695376647901,-2.696590650899,-1.26642632585613,-1.35558586570698,0.07457845933588,3.24132890877297,1.81116458373011
39241898,2390256,2.54264529393708,1.11196630074017,-2.69894374825901,-1.2682647550621,-1.32266383005492,0.10801516314199,3.26781666637703,1.83713767318012
39954206,2431043,2.55703949991096,1.12584636786029,-2.75112393726511,-1.31993080521444,-1.28019709294904,0.150996039101631,3.26313591230291,1.83194278025225
40679443,2472423,2.56710987329893,1.13540313096139,-2.70068609474106,-1.26897935240352,-1.290358492309,0.141348250028542,3.21278909575096,1.78108235341343
41417845,2514546,2.57189004111297,1.13967021504874,-2.68891448008299,-1.25669465401876,-1.26998093310704,0.162238892957189,3.17585975407701,1.74363992801279
42169650,2557301,2.55863812163489,1.12590573799571,-2.67909953381707,-1.24636715017789,-1.28810054806911,0.144631835570064,3.1974163422509,1.76468395861173
42935102,2600854,2.57788771914602,1.14464330252727,-2.68444625680195,-1.2512018401832,-1.32908207017795,0.1041623464408,3.22449498983406,1.79125057321531
43714448,2645131,2.53801914405301,1.10426321845342,-2.65029463863902,-1.21653871303944,-1.32591207650694,0.107843849092651,3.22704195309302,1.79328602749343
44507941,2690184,2.4960349858261,1.06176807365655,-2.66644240044593,-1.23217548827638,-1.29945863814987,0.134808274019679,3.25872043477011,1.82445352260056
45315836,2736185,2.49200550691103,1.05722813064988,-2.66086229017299,-1.22608491391184,-1.33053014453697,0.104247231724179,3.28824130979899,1.85346393353785
46138397,2782854,2.46307483539897,1.02778751484609,-2.61216352832901,-1.17687620777612,-1.34564898838903,0.0896383321638548,3.28359206331902,1.84830474276614
46975888,2830305,2.42413646420505,0.988339719464308,-2.65044939853897,-1.21465265379823,-1.32101378083905,0.114782963901688,3.33618109717304,1.9003843524323
47828581,2878472,2.41993842118404,0.983632770692541,-2.67840616257195,-1.24210051208044,-1.28222617470396,0.154079475787537,3.32954829809205,1.89324264760055
48696753,2927435,2.39106062378698,0.954246584316282,-2.65387242889699,-1.21705838942629,-1.27083881686099,0.165975222609715,3.32250500397095,1.88569096450024
49580682,2977441,2.43240636130793,0.995084450294955,-2.66031327040412,-1.22299135939115,-1.33111599888002,0.106205912132949,3.34787728997594,1.91055537896297
50480657,3028199,2.41005370112691,0.9722244332545,-2.64305626336113,-1.20522699548872,-1.31792338382513,0.11990588404728,3.33978032805896,1.90195106018655
51396968,3079872,2.43712942151797,0.998793311141283,-2.64927597525002,-1.21093986487334,-1.31044595744197,0.127890152934712,3.31144689317398,1.8731107827973
52329911,3132349,2.45113991247899,1.01229747319257,-2.59968847231301,-1.16084603302658,-1.33314086041696,0.105701578869466,3.27054380225104,1.83170136296461
53279789,3185800,2.42020966709993,0.980861410866332,-2.56906018390407,-1.12971192767048,-1.34982253097996,0.0895257252536299,3.28752742978395,1.84817917355036
54246909,3239988,2.46879678238497,1.02894322034804,-2.58602547416695,-1.14617191213001,-1.35081474430297,0.0890388177339685,3.25689781808501,1.81704425604807
55231584,3295251,2.50336906789198,1.06301071015071,-2.63764995366796,-1.19729159592668,-1.32985732077202,0.110501036969255,3.25299258854795,1.81263423080668
56234133,3351550,2.48282189980091,1.04195925525466,-2.6082804457111,-1.16741780116485,-1.31767171456306,0.123190929983188,3.23198464247287,1.79112199792662
57254879,3408741,2.51758117722102,1.07621475445779,-2.64081908002299,-1.19945265725977,-1.36346175045503,0.0779046723081938,3.27555403525696,1.83418761249374
58294153,3466822,2.52185737099001,1.07998767722365,-2.68328724738194,-1.24141755361559,-1.33161479580201,0.110254897964342,3.28189905419401,1.84002936042766
59352293,3525947,2.57206624617697,1.12969378680312,-2.67021563978699,-1.22784318041314,-1.38732782347097,0.0550446359028829,3.27433159908094,1.83195913970709
60429639,3586147,2.55301346691294,1.11013874746747,-2.66094554077108,-1.21807082132561,-1.35481945045501,0.0880552689904603,3.25160590631299,1.80873118686752
61526541,3647271,2.53869469263384,1.0953182169955,-2.6440869552581,-1.20071047961977,-1.36697446407015,0.0764020115681816,3.26122110869392,1.81784463305558
62643354,3709417,2.52727757999298,1.08339985102445,-2.66606778447101,-1.22219005550248,-1.37795606027498,0.06592166869355,3.30560064675296,1.86172291778443
63780438,3772774,2.53459745191208,1.09021897209329,-2.69413899510391,-1.24976051528512,-1.39305899718397,0.0513194826348176,3.34145492237599,1.8970764425572
64938163,3837111,2.51971688973708,1.07483815964931,-2.64415274391899,-1.19927401383122,-1.42227273903495,0.0226059910528209,3.33556297521704,1.89068424512927
66116903,3902653,2.57291036465199,1.12753188417236,-2.64305231267213,-1.1976738321925,-1.43884998972408,0.00652849075554962,3.29784631974394,1.85246783926431
67317038,3969411,2.56584953958486,1.11997180819778,-2.66301229410305,-1.21713456271598,-1.42339174747508,0.0224859839120002,3.309408883993,1.86353115260592
68538958,4037147,2.52571941999008,1.07934293550122,-2.64409780294591,-1.19772131845704,-1.40708131017391,0.0392951743149592,3.31431407513014,1.86793759064127
69783058,4106144,2.49937124745998,1.05249650686277,-2.6025740600719,-1.15569931947469,-1.4228310808121,0.0240436597851053,3.31488827542398,1.86801353482677
71049741,4176090,2.51343072347504,1.06605822262044,-2.64806751304877,-1.20069501219417,-1.40599168437689,0.0413808164777141,3.32948285595126,1.88211035509666
72339416,4247595,2.53678899088095,1.08891922499146,-2.67929453197098,-1.23142476608149,-1.42617900529103,0.0216907605984551,3.35753892838102,1.90966916249153
73652501,4320048,2.57483964826906,1.12647311133073,-2.68941864437488,-1.24105210743655,-1.46123299361102,-0.012866456672685,3.36466637171702,1.91629983477869
74989421,4393729,2.58414153546619,1.13527872046182,-2.70538646745376,-1.25652365244939,-1.44445447817793,0.00440833682644115,3.35455379216614,1.90569097716177
76350608,4468818,2.55796533614284,1.10860673531408,-2.71263094054507,-1.2632723397163,-1.38454741183705,0.0648111889917193,3.32806739823877,1.87870879741001
77736503,4545054,2.55848445911693,1.10863056354356,-2.71214103318698,-1.26228713761361,-1.40498745741093,0.0448664381624435,3.34749841348093,1.89764451790757
79147554,4622607,2.51703775291389,1.06668905287639,-2.71418684056198,-1.26383814052447,-1.35244860667399,0.0979000933635195,3.33845207632203,1.88810337628452
80584219,4701511,2.49473332786692,1.04389031220276,-2.69231453256907,-1.2414715169049,-1.35026342822107,0.1005795874431,3.33669901492294,1.88585599925877
82046961,4782035,2.53819772540987,1.08686088265154,-2.65784347032604,-1.20650662756771,-1.39637700886601,0.0549598338923183,3.30487713578191,1.85354029302358
83536255,4863574,2.548626328301,1.09679614546144,-2.66448257251113,-1.21265238967158,-1.3494042273071,0.102425955532453,3.25411485351697,1.80228467067741
85052582,4946532,2.55363800450277,1.10131496795397,-2.67029031668108,-1.21796728013227,-1.34787287801714,0.104450158531659,3.25337957219494,1.80105653564614
86596432,5031122,2.54392715712902,1.09111175250179,-2.61867645150301,-1.16586104687577,-1.40122918343104,0.0515862211961915,3.26483285980498,1.81201745517775
88168307,5117074,2.50964761390401,1.05634032511561,-2.6002970652321,-1.1469897764437,-1.41314030144008,0.0401669873483192,3.2926441347679,1.8393368459795
89768713,5204364,2.5134066641142,1.05960797496923,-2.62222878389389,-1.16843009474892,-1.38242364411394,0.0713750450310258,3.28010014589404,1.82630145674907
91398170,5293442,2.57237994241996,1.11809033512847,-2.6531601224799,-1.19887051518842,-1.40073661644396,0.053552990847519,3.27037117850409,1.81608157121261
93057204,5383761,2.55887534031285,1.10409529653675,-2.67946749686712,-1.22468745309102,-1.38112098749525,0.0736590562808523,3.29056752604879,1.83578748227269
94746353,5475797,2.56266518888901,1.10739518901768,-2.68943784571093,-1.23416784583959,-1.34686107462699,0.108408925244349,3.26248811344908,1.80721811357775
96466162,5569481,2.55032294795092,1.09456347190242,-2.66948472073705,-1.21372524468855,-1.37263374622103,0.083125729827471,3.28064990100688,1.82489042495838
98217189,5664717,2.54546716346408,1.08921868980164,-2.68123538115606,-1.22498690749361,-1.33577033898405,0.120478134678396,3.26039293867598,1.80414446501353
100000000,5761455,2.51358294165993,1.05684594819604,-2.66984762446418,-1.21311063100029,-1.35725563287201,0.0994813605918847,3.30237469767599,1.84563770421209
101815172,5859909,2.59631728643399,1.13909225002932,-2.67928521637396,-1.22206017996929,-1.40097202268998,0.0562530137146779,3.27279433462991,1.81556929822524
103663293,5960167,2.60155788683096,1.14384528326061,-2.69323159971691,-1.23551899614656,-1.422453626893,0.0352589766773523,3.30298172177913,1.84526911820878
105544960,6062173,2.59508075844792,1.136881062842,-2.69223376949594,-1.23403407389002,-1.38659393661987,0.0716057589860446,3.27260132966808,1.81440163406216
107460783,6165863,2.58293634283291,1.12425002911895,-2.66653397378718,-1.20784766007322,-1.3793587024511,0.0793276112628614,3.25181071540487,1.79312440169091
109411381,6271407,2.59217927637792,1.13300681781097,-2.68199964537007,-1.22282718680313,-1.37478414102611,0.0843883175408329,3.25345889201799,1.79428643345104
111397386,6378633,2.55428106960403,1.09462293832789,-2.66800709744007,-1.20834896616393,-1.36285711329606,0.0968010179800771,3.26543752313205,1.80577939185591
113419440,6487719,2.57027126138496,1.11012792879557,-2.66883683835908,-1.20869350576969,-1.34196366217111,0.11817967041828,3.22938362114496,1.76924028855557
115478198,6598379,2.61706834444794,1.15644028087239,-2.67261897421599,-1.21199091064044,-1.37220913864394,0.0884189249316123,3.21661415041194,1.75598608683639
117574327,6711311,2.59144874148978,1.13033641617244,-2.66046530652216,-1.19935298120481,-1.37025784127013,0.0908544840472119,3.22812878830177,1.76701646298443
119708503,6825909,2.60145747073398,1.13986135254675,-2.66948668245391,-1.20789056426668,-1.37455490785396,0.0870412103332623,3.23143850157408,1.76984238338685
121881418,6942650,2.60709073857902,1.14501129517181,-2.67625084648512,-1.21417140307791,-1.37636283026518,0.0857166131420311,3.23437732017101,1.7722978767638
124093776,7061479,2.60922900022297,1.14666669816534,-2.67423489202906,-1.21167258997143,-1.38925191518501,0.0733103868726175,3.24311218899106,1.78054988693343
126346292,7182407,2.62964035289497,1.16659565806628,-2.66430603457707,-1.20126133974838,-1.39573860229711,0.0673060925315763,3.21925866597894,1.75621397115025
128639694,7305294,2.60021132253678,1.13668470011246,-2.63650635062322,-1.1729797281989,-1.4107050712953,0.0528215511290226,3.23585448138078,1.77232785895646
130974726,7430347,2.61502166111609,1.15101357499014,-2.67959081237586,-1.21558272624992,-1.39967115053196,0.0643369355939856,3.25309468379191,1.78908659766597
133352143,7557402,2.59923575158996,1.13474666490144,-2.73440521129419,-1.26991612460567,-1.35265859884203,0.111830487846496,3.27668244054598,1.81219335385746
135772714,7686652,2.56872264513481,1.10375302020456,-2.70995916813717,-1.24498954320692,-1.35027802346917,0.114691601461082,3.28036892847081,1.81539930354055
138237223,7818096,2.54883519288796,1.08338549101616,-2.7087077226679,-1.24325802079609,-1.34659166956385,0.118858032307958,3.29531858134396,1.82986887947216
140746466,7951939,2.55621255689084,1.09028323878952,-2.67156171782131,-1.20563239971999,-1.36219698374111,0.103732334360205,3.26640052667085,1.80047120856953
143301257,8088149,2.5527622135819,1.08635373870084,-2.638925512274,-1.17251703739294,-1.38279646570595,0.0836120091751078,3.257814146398,1.79140567151695
145902422,8226558,2.59212577901189,1.12523860606861,-2.65543419610026,-1.18854702315698,-1.39063856402026,0.0762486089230154,3.2428013631079,1.77591419016462
148550802,8367469,2.59632676364299,1.12896135061582,-2.6640999935089,-1.19673458048172,-1.40555452858484,0.0618108844423324,3.26218214045116,1.79481672742398
151247255,8510573,2.57680705874714,1.10896386256539,-2.674985874821,-1.20714267863926,-1.37931567846499,0.0885275177167555,3.26634887653904,1.79850568035729
153992653,8656169,2.59536218840981,1.12704166523728,-2.66976658217413,-1.2014460590016,-1.36064770579401,0.107672817378521,3.22390648155783,1.7555859583853
156787884,8804437,2.59893172095894,1.1301343261613,-2.67819489710496,-1.20939750230732,-1.38985592965696,0.0789414651406835,3.25797348780293,1.78917609300528
159633854,8954979,2.53398720017503,1.06471338800618,-2.68190292040094,-1.21262910823209,-1.32770608572105,0.141567726447802,3.26447618794691,1.79520237577806
162531484,9108322,2.53888225833589,1.0691324821895,-2.67217983152,-1.20243005537361,-1.34789960986018,0.121850166286206,3.27005156504401,1.80030178889763
165481710,9264321,2.56792951495709,1.09770422764318,-2.68502314789498,-1.21479786058108,-1.36742462447091,0.10280066284299,3.27337263940899,1.80314735209509
168485488,9423047,2.59431093740909,1.1236105906691,-2.71555546740296,-1.24485512066297,-1.38428590542298,0.0864144413170107,3.29438481741704,1.82368447067704
171543790,9584701,2.6403201651749,1.16914520990386,-2.71048154318123,-1.23930658791019,-1.40763429670506,0.0635406585659877,3.26665005671089,1.79547510143984
174657605,9748739,2.57106253723305,1.09941342357853,-2.72761957732314,-1.25597046366862,-1.374672051983,0.0969770616715202,3.32008347407304,1.84843436041853
177827941,9915892,2.59000755572015,1.11788473292345,-2.76941350422771,-1.29729068143102,-1.37337330615992,0.0987495166367769,3.34163363666812,1.86951081387142
181055824,10085759,2.54792629772896,1.07533021417364,-2.70666719533506,-1.23407111177973,-1.39144964714706,0.0811464364082675,3.3390449267531,1.86644884319778
184342299,10258247,2.54996608470015,1.07689718786119,-2.72030660906398,-1.24723771222502,-1.41063516619192,0.0624337306470353,3.36983007255617,1.89676117571721
187688429,10434160,2.56880546235016,1.09526419893529,-2.72009486627394,-1.24655360285908,-1.41233148651781,0.0612097768970483,3.35247527244223,1.87893400902737
191095297,10612813,2.51402205937393,1.04000887522491,-2.73614165868617,-1.26212847453714,-1.40353085409402,0.0704823300550077,3.41450483540598,1.94049165125696
194564006,10794601,2.54630165919707,1.0718169992473,-2.74888397055497,-1.2743993106052,-1.37955869117104,0.0949259687787294,3.37099538452912,1.89651072457935
198095678,10979233,2.49594193553389,1.02098624394963,-2.74222048220213,-1.26726479061786,-1.38443168047002,0.0905240111142485,3.41956460913798,1.94460891755371
201691455,11167409,2.50900246642095,1.03357618664713,-2.719063966151,-1.24363768637718,-1.39505983033905,0.080366449434768,3.39397571206905,1.91854943229523
205352503,11358851,2.51501126543303,1.039114839773,-2.73390284854304,-1.25800642288301,-1.35817895020705,0.117717475452985,3.36592491531701,1.89002848965698
209080004,11553411,2.51938388273607,1.04301775301609,-2.73537693561593,-1.25901080589596,-1.35587821109198,0.120487918627994,3.36072564597202,1.88435951625205
212875166,11751383,2.50558771608507,1.02875232308001,-2.71115862408692,-1.23432323108186,-1.34428335785901,0.132552035146049,3.33870864786104,1.86187325485598
216739217,11952850,2.53515387469088,1.05784965837064,-2.69344998632505,-1.21614577000482,-1.37222437044102,0.105079845879216,3.31937486407492,1.84207064775468
220673407,12157539,2.53865280446303,1.06088020402799,-2.70748968742487,-1.22971708698983,-1.36724727647288,0.110525323962154,3.32493854143513,1.8471659410001
224679009,12366203,2.55364310278082,1.07540255662511,-2.72635018684309,-1.24810964068738,-1.36511567201114,0.113124874144572,3.32667713807291,1.84843659191719
228757320,12578039,2.58147073199893,1.1027626776104,-2.75474153932896,-1.27603348494043,-1.40002471641697,0.0786833379715648,3.36214990574695,1.88344185135842
232909659,12793758,2.61609822584296,1.13692309998233,-2.77583394833709,-1.29665882247647,-1.39754111779303,0.0816340080676012,3.34613122228689,1.86695609642626
237137371,13013016,2.5943192839859,1.11467752245892,-2.76834965227795,-1.28870789075097,-1.39770964214995,0.0819321193770293,3.36059439244195,1.88095263091498
241441822,13236395,2.57901833466599,1.09891037269995,-2.81259346224192,-1.33248550027588,-1.34086005578206,0.139247906183977,3.36328956535795,1.88318160339191
245824407,13463333,2.59914056012599,1.11856683191605,-2.79756239504195,-1.31698866683201,-1.34992758210592,0.130646146104022,3.33720379902206,1.85663007081212
250286543,13694099,2.58296515059897,1.10192608966605,-2.78830368600893,-1.30726462507601,-1.349854960333,0.131184100599912,3.34404787774315,1.86300881681023
254829675,13928952,2.57410869986415,1.09260473881864,-2.77158447415195,-1.29008051310643,-1.33019359634,0.151310364705522,3.31652375262797,1.83501979158246
259455272,14167859,2.55495680668992,1.07298837746152,-2.71346383890204,-1.23149540967365,-1.38572848354215,0.0962399456862457,3.33308989775401,1.85112146852561
264164832,14410707,2.5580445568869,1.07561209049203,-2.75245417210112,-1.27002170570625,-1.38194859218902,0.100483874205853,3.36521258940297,1.8827801230081
268959879,14657951,2.53584289914306,1.05294682580745,-2.69338122374074,-1.21048515040513,-1.41327810632492,0.0696179670106929,3.35967081292324,1.87677473958762
273841963,14909066,2.54990377604008,1.06654452535686,-2.6414704959559,-1.15811124527268,-1.45381812032406,0.0295411303591668,3.33423922224006,1.85087997155683
278812667,15164962,2.56864453861294,1.08482253908687,-2.70114741656312,-1.21732541703704,-1.40082517039514,0.0829968291309364,3.32218243034481,1.83836043081874
283873596,15425212,2.58843391658002,1.1041495962557,-2.7059503373639,-1.22166601703958,-1.41537801087588,0.0689063094484359,3.32174881366018,1.83746449333586
289026391,15689623,2.59687724051196,1.11213102634749,-2.70469662779192,-1.21995041362745,-1.39414137524,0.0906048389244685,3.29081514451991,1.80606893035545
294272718,15958882,2.56632988660181,1.08112220490481,-2.70229081507,-1.21708313337301,-1.38675851264202,0.0984491690549769,3.31157382310994,1.82636614141294
299614274,16232516,2.6042382593921,1.11856953574924,-2.70881363197191,-1.22314490832905,-1.38153980829588,0.104128915346978,3.27496956287609,1.78930083923323
305052789,16511151,2.60620040247477,1.1200710615659,-2.69023434694122,-1.20410500603236,-1.39933800128119,0.0867913396276754,3.27222632774669,1.78609698683782
310590022,16794596,2.59197041387984,1.1053808796849,-2.6715642370923,-1.18497470289737,-1.3971609232442,0.0894286109507318,3.26560912845594,1.779019594261
316227766,17082666,2.57697192764408,1.08992262327333,-2.69181999170814,-1.20477068733739,-1.39043297342823,0.0966163309425201,3.29413541949179,1.80708611512104
321967844,17375584,2.59089346941573,1.10338481731878,-2.68537412398018,-1.19786547188323,-1.38360604326044,0.103902608836505,3.26694107982394,1.77943242772699
327812115,17673880,2.59727557243559,1.10930799417067,-2.65464207100422,-1.16667449273929,-1.39948731304457,0.0884802652203505,3.24570819361179,1.75774061534687
333762469,17977029,2.57141044554373,1.08298436199579,-2.64180389530429,-1.15337781175635,-1.4057847028721,0.0826413806758459,3.2650325346317,1.77660645108376
339820833,18285514,2.59105544973681,1.1021712809123,-2.62641942656319,-1.13753525773867,-1.46511953075515,0.0237646380693688,3.28933788958057,1.80045372075605
345989166,18599630,2.58953589204657,1.10019405730052,-2.63464968836161,-1.14530785361556,-1.46230341782939,0.0270384169166555,3.29627159614256,1.80692976139652
352269465,18918663,2.5850108362356,1.09521175409109,-2.62440718735661,-1.1346081052121,-1.43258907820064,0.0572100039438728,3.26083981131933,1.77104072917482
358663762,19243474,2.58750755486972,1.09725164311199,-2.64528592991428,-1.15503001815655,-1.47062156462198,0.0196343471357514,3.31725432166604,1.82699840990831
365174127,19573706,2.60180197100453,1.11108964660408,-2.65849412836769,-1.16778180396724,-1.47442615883165,0.0162861655688045,3.31997269819249,1.82926037379203
371802666,19909615,2.60746996378202,1.11630164300691,-2.68063728994593,-1.18946896917083,-1.44254869171391,0.0486196290611989,3.30457039987823,1.81340207910312
378551525,20252081,2.56954393064279,1.07792002893893,-2.6938888295731,-1.20226492786923,-1.43210010239318,0.0595237993106863,3.34529938332298,1.85367548161912
385422887,20599825,2.5194945916719,1.02741552379689,-2.66381653552799,-1.17173746765297,-1.43009270538823,0.0619863624867818,3.36326903124382,1.8711899633688
392418976,20953499,2.51726902725568,1.02473520718852,-2.65565065006422,-1.16311682999706,-1.41440030264039,0.0781335174267705,3.34163630744752,1.84910248738036
399542056,21313039,2.53744701440974,1.04445885537759,-2.65779743554231,-1.16480927651016,-1.46031524969021,0.0326729093419331,3.36952005282183,1.87653189378968
406794432,21679101,2.53414636355865,1.04070427804476,-2.672912795917,-1.17947071040312,-1.40975887985724,0.0836832056566481,3.33737969421463,1.84393760870075
414178451,22051445,2.53971550735878,1.04581990709441,-2.70570369592542,-1.21180809566106,-1.40724224680935,0.0866533534550205,3.36208481737458,1.86818921711021
421696503,22429967,2.52718696602597,1.03283826196886,-2.71702685987793,-1.22267815582083,-1.35509844514991,0.139250258907196,3.33379272100183,1.83944401694473
429351021,22815364,2.54389253100226,1.04909113336265,-2.70054948055349,-1.20574808291388,-1.39351713199767,0.101284265641938,3.33902846354658,1.84422706590698
437144481,23207085,2.56644108960472,1.07118740791442,-2.69049281356365,-1.19523913187335,-1.42639437878734,0.0688593029029627,3.3393004847444,1.8440468030541
445079406,23605969,2.55935285567602,1.06364729867083,-2.6848273394121,-1.1891217824069,-1.45883098245622,0.0368745745489767,3.37315984819179,1.87745429118659
453158364,24011476,2.58577079419592,1.08961376986486,-2.72046111769987,-1.2243040933688,-1.4345509398081,0.0616060845229602,3.35809564531201,1.86193862098094
461383968,24423925,2.61054496559473,1.11393688127022,-2.70675461542533,-1.21014653110082,-1.4399226321093,0.0566854522152045,3.32498666393849,1.82837857961398
469758882,24843673,2.62326465716478,1.12620591932987,-2.70577851550752,-1.2087197776726,-1.46588734272746,0.0311713951074595,3.33725558306878,1.84019684523387
478285814,25270547,2.64137787333675,1.14386888786142,-2.70217403857532,-1.20466505309999,-1.51193056247939,-0.0144215770040586,3.36158110971655,1.86407212424122
486967525,25704825,2.6420048041,1.14404597603908,-2.68767848143989,-1.18971965337897,-1.49490262441168,0.00305620364924031,3.32943068375198,1.83147185569106
495806824,26146449,2.63174136476073,1.13333309846727,-2.68407490976324,-1.18566664346978,-1.5165166009233,-0.0181083346298399,3.35770452792485,1.8592962616314
504806572,26595315,2.66520527926104,1.16634797833679,-2.74462770817536,-1.2457704072511,-1.51701755520708,-0.0181602542828208,3.38529436612089,1.88643706519663
513969680,27051960,2.65562793976187,1.15632200715433,-2.71659215475393,-1.21728622214639,-1.49714638165824,0.00215955094929687,3.34696497864979,1.84765904604226
523299115,27517001,2.66783677592457,1.16808261377461,-2.73922266982345,-1.23946850767349,-1.47719677661144,0.0225573855385206,3.33743705250845,1.83768289035849
532797895,27989935,2.64268694823204,1.14248495801396,-2.70365336240002,-1.20345137218194,-1.47554911668431,0.0246528735337728,3.32536991285178,1.82516792263371
542469094,28471085,2.66405173651629,1.1634023189809,-2.7264399941314,-1.22579057659601,-1.45637870237533,0.0442707151600565,3.30762134198858,1.80697192445319
552315842,28960675,2.67577744063965,1.17468099580741,-2.76185428797999,-1.26075784314774,-1.45162185033223,0.0494745945000119,3.32655307967161,1.82545663483937
562341325,29458442,2.64749123416868,1.14594816136834,-2.75081121955509,-1.24926814675475,-1.46184926364322,0.0396938091571226,3.35402363102867,1.85248055822833
572548788,29964746,2.65321000466065,1.15122070247928,-2.79722617679545,-1.29523687461407,-1.4313728414113,0.0706164607700719,3.36424339554469,1.86225409336332
582941535,30480007,2.6407506894725,1.13831555575484,-2.7766034829433,-1.27416834922564,-1.40068066873937,0.101754464978292,3.32538784420876,1.8229527104911
593522927,31003999,2.61903516451275,1.11615459648894,-2.76814498332715,-1.26526441530333,-1.36720977075947,0.135670797264339,3.30517397157291,1.8022934035491
604296390,31537695,2.61976950297503,1.11644389709379,-2.79491932971723,-1.29159372383599,-1.32859340559298,0.17473220028826,3.29259761433514,1.78927200845389
615265410,32079823,2.62436854395855,1.12059829598111,-2.76011038820934,-1.2563401402319,-1.35387228106947,0.149897966907974,3.27846850731885,1.7746982593414
626433537,32630933,2.6169041166936,1.1126896216661,-2.76257755861025,-1.25836306358274,-1.35092684494657,0.153287650080937,3.2854546688618,1.7812401738343
637804384,33192247,2.60027776865672,1.09561942096838,-2.74926197549166,-1.24460362780332,-1.3527165303035,0.151941817384845,3.29055511913657,1.78589677144823
649381632,33762943,2.57510916015781,1.07000735344856,-2.78049528776592,-1.27539348105666,-1.33441971979028,0.170682086918976,3.32866022939788,1.82355842268863
661169026,34343829,2.55615667791153,1.05061180518152,-2.75736133388045,-1.25181646115044,-1.32358989507247,0.181954977657536,3.31364893303953,1.80810406030952
673170382,34934453,2.59427181841875,1.08828427191653,-2.7648223704814,-1.25883482397918,-1.33429102038554,0.171696526116682,3.29369595444678,1.78770840794456
685389584,35534830,2.56962224293875,1.06319241421168,-2.72536277068139,-1.21893294195432,-1.39406540676509,0.112364421961976,3.33866031650678,1.83223048777971
697830585,36146432,2.58243539636305,1.07556367631239,-2.75253218062107,-1.24566046057041,-1.38043461043708,0.126437109613586,3.33938577669505,1.83251405664439
710497411,36768262,2.60642617570556,1.09911295454268,-2.74927234304232,-1.24195912187943,-1.36045027351838,0.146862947644506,3.29215082285373,1.78483760169084
723394163,37400722,2.61472307878648,1.10696874596954,-2.75259984597324,-1.2448455131563,-1.35192840495347,0.155825927863471,3.27865955413881,1.77090522132187
736525012,38043637,2.60088389081784,1.09268883520494,-2.73070703022222,-1.22251197460932,-1.36154281483414,0.146652240778765,3.28022033623802,1.77202528062511
749894209,38697994,2.62355498926763,1.11491959897376,-2.77477624161656,-1.26614085132269,-1.37896830120826,0.12966708908561,3.31904393555578,1.81040854526191
763506080,39363763,2.68307613631987,1.17400079879126,-2.77209283436014,-1.26301749683153,-1.41435763762775,0.0947176999008594,3.29222871766797,1.78315338013936
777365030,40040790,2.61883206046468,1.10931716246488,-2.74525677229121,-1.23574187429141,-1.41010082729554,0.0994140707042683,3.32537992112066,1.81586502312085
791475544,40730343,2.63020785326717,1.12025378087759,-2.74481286267292,-1.23485879028334,-1.40691267040893,0.103041401980647,3.31037206181509,1.80041798942551
805842188,41431301,2.62190142226382,1.11150856089816,-2.73973089268429,-1.22933803131864,-1.42298110440061,0.087411756965051,3.32966495681967,1.81927209545401
820469611,42144351,2.58452093962887,1.07368967403077,-2.70593608138734,-1.19510481578923,-1.42630079447099,0.0845304711271122,3.33657031822895,1.82573905263085
835362547,42869628,2.59367032897853,1.08240104320516,-2.70013856897731,-1.18886928320393,-1.45822284212136,0.0530464436520173,3.35354546411872,1.84227617834535
850525815,43607446,2.56274218645876,1.05103526390988,-2.71872614654922,-1.20701922400034,-1.45389830094928,0.0578086215996036,3.39873664303877,1.88702972048989
865964323,44357695,2.58837404938868,1.07622987276474,-2.73308189971112,-1.22093772308718,-1.43580268081905,0.0763414958048871,3.36936491314054,1.8572207365166
881683067,45120921,2.5918764608241,1.07929541215958,-2.73081990245601,-1.21823885379149,-1.43010192708789,0.0824791215766287,3.35789975071975,1.84531870205523
897687132,45897155,2.58724305812984,1.07422551884042,-2.72735521803816,-1.21433767874873,-1.40553209053041,0.107485448759012,3.33449863243777,1.82148109314835
913981699,46687655,2.5885451687559,1.07509151953939,-2.74652065414011,-1.2330670049236,-1.4004233639962,0.113030285220316,3.34725323137991,1.8337995821634
930572041,47491184,2.57728472743747,1.06339534833172,-2.74763081015817,-1.23374143105242,-1.42821672589434,0.0856726532114096,3.38741719061363,1.87352781150788
947463526,48308785,2.57438502085051,1.06006029125317,-2.72892152870145,-1.2145967991041,-1.4267286317413,0.0875960978560479,3.37011952159082,1.85579479199348
964661620,49140880,2.61537154435973,1.10061184301469,-2.75505944656425,-1.2402997452192,-1.41091088728399,0.103848814061053,3.339453171488,1.82469347014296
982171889,49986380,2.62350863366373,1.10831433864325,-2.76674248671225,-1.25154819169176,-1.40775988576024,0.107434409260245,3.3398481208078,1.82465382578731
1000000000,50847534,2.62092701131087,1.10529850001878,-2.74049721529309,-1.224868704001,-1.45380565044888,0.0618228608432025,3.36223023643106,1.84660172513897
1018151722,51723345,2.63907960127381,1.12301725046844,-2.76146794146234,-1.24540559065697,-1.45297115951826,0.0630911912871153,3.36421388170584,1.84815153090047
1036632928,52613792,2.64187565659404,1.12537984240602,-2.73539090355371,-1.21889508936569,-1.41962475422588,0.0968710599621432,3.30199438318641,1.78549856899839
1055449601,53519735,2.60515682777668,1.0882279256318,-2.71890367911146,-1.20197477696658,-1.40611167689531,0.110817225249577,3.30871291022868,1.79178400808379
1074607828,54441688,2.64354666280678,1.12618504753364,-2.75106627666128,-1.23370466138814,-1.44405029826112,0.0733113170120234,3.34042429411511,1.82306267884197
1094113811,55379640,2.64716744552288,1.12937349125259,-2.78569676761299,-1.2679028133427,-1.44651266137316,0.0712812928971285,3.37389636546277,1.85610241119248
1113973860,56333602,2.62001239249867,1.10178647276791,-2.78074512200101,-1.26251920227026,-1.40643546662932,0.111790453101433,3.35602257813071,1.83779665839995
1134194404,57303167,2.55335450648454,1.03469699413998,-2.7663331214676,-1.24767560912304,-1.3685914496873,0.150066062657258,3.37042444666849,1.85176693432393
1154781985,58289769,2.57110299531996,1.05201426259914,-2.78549873168004,-1.26640999895922,-1.36917824200009,0.149910490720729,3.37242836036012,1.8533396276393
1175743266,59294236,2.59228135542753,1.0727617739128,-2.78647356555666,-1.26695398404193,-1.37159010191272,0.147929479602014,3.35463669403953,1.8351171125248
1197085030,60315068,2.59661849185113,1.07666843249094,-2.76011320782072,-1.24016314846053,-1.40639654616461,0.113553513195577,3.35874564413507,1.83879558477488
1218814185,61354166,2.60294453917186,1.08256437224526,-2.74049944454009,-1.2201192776135,-1.44150630385593,0.0788738630706629,3.36791559122412,1.84753542429752
1240937761,62410740,2.61086819648381,1.09005829166917,-2.72187938148454,-1.2010694766699,-1.4512993268404,0.0695105779742395,3.35116489383972,1.83035498902508
1263462918,63486255,2.63749439620506,1.11625512253446,-2.71935678242289,-1.1981175087523,-1.47685085707872,0.0443884165918782,3.34756762529696,1.82632835162637
1286396945,64580342,2.59261731230481,1.07094903818425,-2.71143851561919,-1.18977024149864,-1.46314825477521,0.0585200193453503,3.37082384008863,1.84915556596808
1309747264,65693203,2.60535197206809,1.08325506526611,-2.75204362934392,-1.22994672254193,-1.4735599569276,0.0485369498743793,3.40910599620429,1.88700908940231
1333521432,66824841,2.56940289451313,1.04687772215779,-2.73158421265498,-1.20905904029964,-1.50939825667092,0.0131269156844209,3.46043395681318,1.93790878445784
1357727142,67977131,2.60358259405166,1.0806295226533,-2.74010178616027,-1.21714871476191,-1.49595282007658,0.0270002513217797,3.42132639418378,1.89837332278542
1382372227,69148179,2.59860394038606,1.07522333583214,-2.71797919399432,-1.1945985894404,-1.49738223603799,0.0259983685159271,3.40561187164576,1.88223126709184
1407464663,70339539,2.59635593408348,1.07254816162618,-2.71331742062421,-1.18950964816691,-1.47558791852862,0.0482198539286791,3.38140378706748,1.85759601461019
1433012570,71552016,2.58506449172955,1.06082991600083,-2.7388709278307,-1.21463635210198,-1.45634333535054,0.0678912403781877,3.39900415344937,1.87476957772064
1459024216,72785090,2.56864916465975,1.04398814966284,-2.70823230862015,-1.18357129362325,-1.47049872394018,0.0541622910567252,3.39893624989963,1.87427523490273
1485508017,74039773,2.5830607358198,1.05797364496436,-2.70144818790004,-1.1763610970446,-1.47851973590014,0.0465673549553007,3.38576156997988,1.86067447912444
1512472545,75316364,2.56736393979099,1.04185113584255,-2.74021003048892,-1.21469722654048,-1.4477542231698,0.0777585807786456,3.40945469587041,1.88394189192197
1539926526,76614902,2.58175232664053,1.05581417174798,-2.77561528427941,-1.24967712938687,-1.45221330915956,0.0737248457329818,3.43493064880022,1.90899249390768
1567878844,77935411,2.62132448500961,1.0949613407127,-2.75870063271032,-1.2323374884134,-1.49932061170966,0.0270425325872505,3.42555114141032,1.89918799711341
1596338544,79279110,2.64423555486064,1.11744778209496,-2.77334990077907,-1.24656212801339,-1.48062025809941,0.0461675146662726,3.39858898602051,1.87180121325483
1625314837,80645622,2.63875711514993,1.1115450742216,-2.77610510789054,-1.24889306696221,-1.49059168640997,0.0366203545183603,3.41679406114963,1.8895820202213
1654817100,82035799,2.62939950108012,1.10176355168528,-2.77640216339933,-1.24876621400449,-1.50175802535978,0.0258779240350562,3.43761506968076,1.90997912028593
1684854879,83450352,2.62011632172016,1.0920568229634,-2.77085727715985,-1.24279777840309,-1.50974764231978,0.018311856436982,3.44934297976033,1.92128348100357
1715437896,84889489,2.64038591173085,1.11190322208835,-2.75263133934914,-1.22414864970665,-1.51595498386905,0.0125277057734401,3.41705479349093,1.88857210384844
1746576048,86353206,2.62626568906035,1.09736016640244,-2.75420683226002,-1.22530130960212,-1.4868212126994,0.0420843099585113,3.40361673789994,1.87471121524203
1778279410,87842213,2.6193673957996,1.09003939741397,-2.73404821676013,-1.2047202183745,-1.47056403856004,0.0587639598255891,3.37409924151962,1.84477124313399
1810558243,89357744,2.62400386365971,1.09425374621128,-2.73533450733976,-1.20558438989132,-1.44866411370003,0.0810860037484005,3.34884913938004,1.8190990219316
1843422992,90898436,2.62580163860093,1.09562975816313,-2.73511322263948,-1.20494134220168,-1.46055061283914,0.0696212675986612,3.35871657888038,1.82854469844257
1876884294,92465613,2.60669306942964,1.07609978145535,-2.72479728828966,-1.19420400031537,-1.45904359388987,0.0715496940844169,3.36600219474985,1.83540890677556
1910952975,94060365,2.60973860618014,1.07872426555432,-2.68217188797917,-1.15115754735334,-1.46259965209902,0.0684146885268107,3.32388731590072,1.79287297527489
1945640062,95682322,2.63651720618054,1.10508216716604,-2.70253336978021,-1.17109833076571,-1.44844978609945,0.0829852529150574,3.30332033169998,1.77188529268548
1980956779,97333317,2.61056535591979,1.07870997219753,-2.70115913144036,-1.1693037477181,-1.42400654056019,0.107848843162073,3.3034546980798,1.77159931435755
2016914555,99013082,2.6365970379602,1.10432166261526,-2.73101197983942,-1.19873660449448,-1.42319708592004,0.109078289424902,3.30646640980012,1.77419103445518
2053525026,100720648,2.64194504204988,1.10925002757826,-2.73884991151044,-1.20615489703882,-1.40727523343048,0.125419781041143,3.29303448489009,1.76033947041846
2090800041,102458060,2.62773102478968,1.09461672307966,-2.73597564429019,-1.20286134258017,-1.37602811845045,0.157086183259572,3.27312711995,1.74001281823998
2128751662,104225934,2.62040516026082,1.08687192261815,-2.73850670793945,-1.20497347029678,-1.3871416039392,0.146391633703471,3.29409753362052,1.76056429597785
2167392170,106023915,2.67192779934066,1.13797597648906,-2.77892018069906,-1.24496835784745,-1.38132700877941,0.152624814072198,3.27717377214049,1.74322194928888
2206734069,107852793,2.64113011031986,1.1067600524013,-2.75117127023987,-1.2168012123213,-1.39980782196017,0.1345622359584,3.29870336388012,1.76433330596156
2246790092,109713981,2.63155829146035,1.09677034801526,-2.71320826081956,-1.17842031737446,-1.44947747181959,0.0853104716255009,3.31998182318057,1.78519387973548
2287573200,111608195,2.62445206983011,1.08924658983148,-2.72915293788992,-1.19394745789128,-1.42716371172992,0.10804176826872,3.32071896179059,1.78551348179195
2329096592,113533909,2.64088540512057,1.10526273694723,-2.7599911649595,-1.22436849678616,-1.43572039503943,0.0999022731339174,3.34368053688013,1.80805786870679
2371373706,115492859,2.6532351126998,1.11719560414428,-2.74105829702057,-1.20501878846505,-1.4698813215,0.0661581870555226,3.34655888781981,1.81051937926429
2414418221,117485506,2.68303542705053,1.14657942534883,-2.76427913866974,-1.22782313696803,-1.46826318610965,0.0681928155920486,3.33836127973063,1.80190527802893
2458244069,119513357,2.68575382579002,1.14888167757752,-2.7905453304902,-1.25367318227771,-1.46730848036987,0.0695636678426308,3.36095436707001,1.82408221885751
2502865431,121575461,2.68344026955037,1.14615232090048,-2.79175370860958,-1.25446575995968,-1.43560447356958,0.101683475080314,3.33277229463056,1.79548434598066
2548296748,123674859,2.64609800513063,1.10839460153189,-2.76124759150935,-1.22354418791061,-1.42945268154926,0.108250722049475,3.33345664993067,1.79575324633193
2594552721,125810759,2.65070275131984,1.11258423769689,-2.76501581248067,-1.22689729885771,-1.42780073696031,0.110317776662648,3.33096818011927,1.79284966649632
2641648320,127981849,2.64199564672981,1.10346236742544,-2.75817632838971,-1.21964304908534,-1.45875190350944,0.0797813757949288,3.3637869671702,1.82525368786583
2689598786,130191163,2.64311849750993,1.10417079629336,-2.7476500815701,-1.20870238035353,-1.44558150288958,0.0933661983269922,3.3389674689497,1.80001976773313
2738419634,132438178,2.66177147709095,1.12240969718162,-2.74770060322953,-1.2083388233202,-1.45575009286949,0.0836116870398347,3.33053360101076,1.79117182110143
2788126665,134724568,2.67321554972023,1.13344003375207,-2.7635630085997,-1.22378749263154,-1.45502141979978,0.0847540961683817,3.33422326068012,1.79444774471196
2838735965,137050750,2.64470832282041,1.10451941285889,-2.76547804169968,-1.22528913173817,-1.46615555381959,0.0740333561419251,3.37577965470064,1.83559074473912
2890263910,139417375,2.66254559527079,1.12194363283025,-2.76644391388982,-1.22584195144928,-1.46848043788941,0.0721215245511257,3.36123313851022,1.82063117606968
2942727176,141824696,2.69711661391921,1.15610193994204,-2.73662842968042,-1.19561375570325,-1.49221974492048,0.0487949290566922,3.32058594267983,1.77957126870266
2996142741,144273358,2.66613522945954,1.12470818432338,-2.74863551234012,-1.20720846720395,-1.51222073606004,0.029206309076117,3.38357540093966,1.8421483558035
3050527890,146763860,2.67351638428954,1.13167730781765,-2.73010602642989,-1.18826694995801,-1.50301463219057,0.0388244442813166,3.34845865632997,1.80661957985808
3105900224,149298009,2.66160621434119,1.11935544578693,-2.74306581601923,-1.20081504746497,-1.48879183845929,0.0534589300949657,3.35910582214092,1.81685505358666
3162277660,151876932,2.68233972284088,1.13967760091487,-2.77403581395902,-1.23137369203301,-1.48946030259867,0.0532018193273358,3.37001077572131,1.8273486537953
3219678444,154499924,2.69771880407006,1.15464566691391,-2.77080349212974,-1.22773035497359,-1.49384228305007,0.0492308541060784,3.35578135310971,1.81270821595356
3278121151,157167671,2.7102968597801,1.16681304498375,-2.76526844242017,-1.22178462762381,-1.50405058801971,0.0394332267766426,3.34787655265973,1.80439273786338
3337624694,159882838,2.70850679272007,1.16461263731726,-2.76690015652002,-1.22300600111721,-1.49702866244024,0.0468654929625667,3.34427640824015,1.80038225283734
3398208329,162643573,2.67712690123972,1.13282274171151,-2.80091518571953,-1.25661102619133,-1.46505729204,0.0792468674882045,3.37769995851977,1.83339579899156
3459891661,165453326,2.68495468941001,1.14024086168963,-2.80300948394961,-1.25829565622923,-1.46719839726939,0.0775154304509922,3.37410757381076,1.82939374609038
3522694651,168312345,2.65528499510037,1.11016183457349,-2.79568878945975,-1.25056562893286,-1.47884994965989,0.0662732108669961,3.40810812602012,1.86298496549324
3586637624,171220186,2.62317046001954,1.07763830151485,-2.75204439202025,-1.20651223351557,-1.484805618461,0.0607265400436878,3.40253393245985,1.85700177395516
3651741273,174178694,2.60554837583004,1.05960755362693,-2.77944604532968,-1.23350522312656,-1.46201821044997,0.0839226117531444,3.42477026195047,1.87882943974736
3718026664,177187539,2.60259501187011,1.056245859716,-2.79059586036965,-1.24424670821554,-1.42584658128999,0.120502570864116,3.40270181179039,1.85635265963629
3785515249,180249673,2.59954649758038,1.05278934866968,-2.80946847637915,-1.26271132746845,-1.42900593469949,0.117751214211209,3.42778229550095,1.88102514659025
3854228869,183363516,2.60953169870027,1.06236688567843,-2.8311786505401,-1.28401383751826,-1.43294498670002,0.114219826321818,3.44344632053981,1.89628150751797
3924189758,186531169,2.60338717300056,1.05581502798564,-2.82458063343984,-1.27700848842492,-1.44748626491946,0.100085880095456,3.45753410736052,1.9099619623456
3995420559,189754312,2.62390786577998,1.07592872033251,-2.83310786093989,-1.28512871549242,-1.43963562181943,0.108343523628036,3.4376899989802,1.88971085353273
4067944321,193033439,2.62551301733129,1.07712720248435,-2.82870754722899,-1.28032173238205,-1.43391182906907,0.114473985777865,3.42596074097128,1.87757492612434
4141784514,196368942,2.6306544304698,1.08186227671539,-2.79230228405049,-1.24351013029608,-1.46423004336975,0.0845621103846568,3.41473227894949,1.86594012519508
4216965034,199762210,2.60384282903942,1.05464466633005,-2.79008539676033,-1.24088723405096,-1.44999963971986,0.0991985229895098,3.42509658943982,1.87589842673045
4293510210,203214731,2.59484552689082,1.04524168464492,-2.7745076912297,-1.2249038489838,-1.43809493470962,0.111508907536278,3.40661148105028,1.85700763880437
4371444813,206727637,2.5972624488295,1.04725325593066,-2.78153730645045,-1.23152811355161,-1.42729647057058,0.122712722328258,3.40042571018967,1.85041651729083
4450794062,210300024,2.59227079481934,1.04185657962593,-2.77699339797982,-1.22657918278641,-1.41529278346025,0.135121431733163,3.38886976861977,1.83845555342636
4531583638,213935006,2.6128030787404,1.06198416906543,-2.80857883233966,-1.25775992266469,-1.40409868105962,0.146720228615346,3.38872881666066,1.83790990698569
4613839683,217633136,2.60619912924994,1.05497585238823,-2.80513930578945,-1.25391602892774,-1.41488772046978,0.136335556391934,3.40268227901015,1.85145900214844
4697588817,221395819,2.62176276004084,1.07013544275299,-2.82225441107948,-1.27062709379164,-1.4252696702797,0.126357647008139,3.41461570332012,1.86298838603228
4782858142,225222660,2.63576745252976,1.0837364210494,-2.79758638514977,-1.24555535366941,-1.46046193578968,0.0915690956906834,3.41113525040964,1.85910421892928
4869675252,229115570,2.66890349061032,1.11646907064504,-2.81273477194918,-1.2603003519839,-1.46756547466975,0.0848689452955274,3.40025113801039,1.84781671804511
4958068242,233077131,2.65483580087039,1.10199831760249,-2.80615410928931,-1.25331662602141,-1.45009418916925,0.102743294098648,3.39026687959085,1.83742939632296
5048065717,237106511,2.59782187217934,1.04458165026698,-2.78209638222052,-1.22885616030816,-1.41449962702063,0.138740594891724,3.38762851905994,1.83438829714759
5139696801,241205986,2.58417344031022,1.0305308038897,-2.78298848360919,-1.22934584718867,-1.42590997044954,0.127732665970981,3.41357939575028,1.85993675932976
5232991147,245376886,2.59315331651032,1.0391085891958,-2.81081897940931,-1.25677425209478,-1.38504365980953,0.169001067504996,3.39156370471028,1.83751897739576
5327978946,249619707,2.598972723521,1.04452622840686,-2.79907115291917,-1.24462465780503,-1.38569862751956,0.168747867594577,3.37465143892041,1.82020494380627
5424690937,253935811,2.62355432781078,1.06870638747296,-2.81377307306957,-1.25892513273175,-1.42437973890992,0.130468201427902,3.40345286617048,1.84860492583266
5523158417,258326874,2.60946046741992,1.05421140391697,-2.78571956482028,-1.23047050131734,-1.40537621754083,0.149872845962114,3.37048969693933,1.81524063343638
5623413252,262795354,2.65017162497043,1.09452175984119,-2.80372841810913,-1.24807855297989,-1.43449995422907,0.12114991090017,3.37691112937046,1.82126126424122
5725487884,267340783,2.66098531257012,1.10493496684455,-2.78664547278913,-1.23059512706357,-1.42190231742916,0.134148028296407,3.33641685965085,1.78036651392529
5829415347,271963731,2.64602655392991,1.08957604811809,-2.78705231390995,-1.23060180809813,-1.4265873145896,0.129863191222227,3.35646745656959,1.80001695075777
5935229272,276667469,2.65519340688024,1.09834306098373,-2.77932553083974,-1.22247518494323,-1.45312815615944,0.103722189737076,3.36611466212071,1.80926431622419
6042963902,281452603,2.63718748378051,1.07993761728772,-2.75119569637991,-1.19394582988712,-1.45790536305958,0.0993445034332094,3.36076795765985,1.80351809116706
6152654101,286321974,2.64713435016074,1.08948528205031,-2.76774746463889,-1.21009839652845,-1.5115356467586,0.0461134213518331,3.42100314324125,1.86335407513082
6264335367,291274739,2.64522645621037,1.08717850494824,-2.74620256918934,-1.18815461792721,-1.50442143723012,0.0536265140320065,3.39425193220995,1.83620398094783
6378043839,296313309,2.64577753564026,1.08733101919278,-2.75256045367951,-1.19411393723202,-1.51530240143984,0.0431441150076461,3.41093970147995,1.85249318503246
6493816316,301437524,2.65814513793975,1.0993003737607,-2.7324799347798,-1.17363517060075,-1.52726128001996,0.0315834841590952,3.39045045885996,1.83160569468091
6611690262,306654300,2.67149082073956,1.11224812578166,-2.75827301086065,-1.19903031590274,-1.55116941882079,0.0080732761371145,3.42680599094001,1.86756329598211
6731703824,311959807,2.65099868940069,1.09135838010681,-2.74071089663903,-1.18107058734514,-1.53669832643936,0.0229419828545225,3.41526491568038,1.8556246063865
6853895839,317356750,2.63347094031997,1.0734333326325,-2.72918434363964,-1.16914673595217,-1.51358459188032,0.046453015807153,3.39815237719995,1.83811476951248
6978305849,322846792,2.65258014581013,1.09214555517193,-2.75208083703001,-1.19164624639181,-1.53363380490919,0.0268007857290133,3.42198887813083,1.86155428749263
7104974114,328434318,2.63633045453025,1.07549919588495,-2.76160342166986,-1.20077216302456,-1.50192705566951,0.0589042029757931,3.41605440480998,1.85522314616468
7233941627,334115759,2.65970806115001,1.09848044893638,-2.73905720384937,-1.17782959163574,-1.50709124996865,0.0541363622449791,3.37529477467069,1.81406716245706
7365250123,339897878,2.6871726046902,1.12554895284993,-2.75375590503063,-1.19213225319036,-1.53920229099094,0.0224213608493318,3.39463997333041,1.83301632149014
7498942093,345780330,2.67490129600083,1.11288191798421,-2.74075118303881,-1.17873180502219,-1.53557063391963,0.0264487440969858,3.3902749029603,1.82825552494368
7635060803,351762697,2.62889302883013,1.06647823758626,-2.71782720548981,-1.15541241424594,-1.52255340076954,0.0398613904743377,3.40034195943008,1.8379271681862
7773650302,357849827,2.6377590111988,1.07494911918366,-2.72565381720051,-1.16284392518537,-1.54499668004064,0.0178132119744949,3.42174586803958,1.85893597602444
7914755439,364044118,2.64488987117147,1.08168519034787,-2.72993709602815,-1.16673241520455,-1.5555382138682,0.00766646695539586,3.4294398207312,1.8662351399076
8058421878,370345401,2.63773240547016,1.07413324730636,-2.76809866228905,-1.20449950412525,-1.50961304356861,0.0539861145951963,3.42883368239018,1.86523452422637
8204696109,376755735,2.65805575136983,1.09406242684853,-2.76297159878959,-1.19897827426829,-1.48238875487004,0.0816045696512524,3.37615898429067,1.81216565976937
8353625470,383278145,2.68277995643984,1.11839277604825,-2.77274752615995,-1.20836034576835,-1.51059814728069,0.0537890331109039,3.38942009899984,1.82503291860824
8505258154,389912546,2.69912336239031,1.13434263613254,-2.77838911572871,-1.21360838947095,-1.50435448372809,0.0604262425296718,3.372474619071,1.80769389281323
8659643234,396662434,2.70357133223843,1.13839736962321,-2.81246485600059,-1.24729089338538,-1.49843181348115,0.0667421491340634,3.39617971923872,1.83100575662351
8816830668,403528309,2.67344758858962,1.10788069864615,-2.78278178288929,-1.21721489294581,-1.48522206645066,0.0803448234928172,3.38341064274937,1.81784375280589
8976871324,410513954,2.66784023502987,1.1018807263008,-2.8049985910111,-1.23903908228203,-1.47917666328976,0.0867828454393105,3.40518940127004,1.83922989254096
9139816995,417621524,2.65661071954128,1.09025890008002,-2.80573448137875,-1.23938266191749,-1.45685995557869,0.109491863882562,3.39483809942249,1.82848627996123
9305720409,424852288,2.68299308534006,1.11624926272422,-2.78512688645969,-1.21838306384385,-1.48609356149973,0.0806502611161128,3.37708174462023,1.81033792200439
9474635257,432208151,2.69260534637942,1.12546982769796,-2.74292528570004,-1.17578976701858,-1.51811681153958,0.0490187071418793,3.35729113285925,1.79015561417778
9646616199,439691664,2.70607576768816,1.13854885955551,-2.74432630955016,-1.1767994014175,-1.54300225475163,0.0245246533810295,3.37010717860903,1.80258027047638
9821718892,447306601,2.70701078977982,1.13909279832596,-2.76910999569918,-1.20119200424533,-1.53774562141916,0.030172370034693,3.38869920934121,1.82078121788736
10000000000,455052511,2.68022465078138,1.11191588166038,-2.77707608789933,-1.20876731877833,-1.54013953253889,0.0281692365821131,3.42584535166134,1.85753658254034
10181517217,462931984,2.68195002595166,1.11325078433952,-2.77638549244875,-1.2076862508366,-1.51989384864828,0.0488053929638688,3.40318369715169,1.83448445553954
10366329284,470948207,2.68957014574153,1.12048073633784,-2.79834124989793,-1.22925184049424,-1.48126983601833,0.0878195733853608,3.37889532218105,1.80980591277736
10554496009,479101465,2.67097183967962,1.1014925667072,-2.79223036447911,-1.22275109150668,-1.48319270355933,0.0862865694131014,3.39330561035968,1.82382633738725
10746078283,487400504,2.62617085603051,1.05630202324182,-2.76978450884963,-1.19991567606093,-1.48467852644899,0.085190306339705,3.41714656127078,1.84727772848209
10941138106,495842905,2.66020680917973,1.08994871985045,-2.80779673922007,-1.23753864989079,-1.48184657354068,0.0884115157886014,3.41829088558006,1.84803279625078
11139738600,504430840,2.63256530889885,1.06191826583579,-2.83793557198078,-1.26728852891773,-1.44115844894077,0.129488594122284,3.43538309401993,1.86473605095687
11341944035,513166719,2.64399856999989,1.07296287553771,-2.84524943540055,-1.27421374093837,-1.44493986835914,0.126095826103038,3.43504511576066,1.86400942129848
11547819847,522056150,2.66302633319174,1.09160228919522,-2.84122208572808,-1.26979804173156,-1.47717052440748,0.0942535195890322,3.44422065895196,1.87279661495545
11757432659,531100738,2.68750323015956,1.11569113802618,-2.82898240311988,-1.2571703109865,-1.49399676655958,0.0778153255738072,3.42433032152076,1.85251822938737
11970850305,540299656,2.64005592750982,1.06785608816772,-2.77974028032986,-1.20754044098776,-1.48353977897023,0.0886600603718795,3.41207851378931,1.83987867444721
12188141848,549660192,2.67364806316982,1.10106077708308,-2.82095389915048,-1.24836661306374,-1.49364375607001,0.0789435300167294,3.42980397404972,1.85721668796298
12409377608,559182306,2.6958556505997,1.12288121776342,-2.80822249916127,-1.23524806632499,-1.5215309457999,0.0514434870363842,3.4227521763587,1.84977774352242
12634629177,568871253,2.7093828099205,1.13602152986963,-2.80697489500017,-1.23361361494929,-1.52280465592048,0.0505566241303914,3.40925112300101,1.83588984295014
12863969449,578727386,2.72835419105104,1.15460636285706,-2.81328002394912,-1.23953219575514,-1.54281961995002,0.0309282082439513,3.41659983485079,1.84285200665681
13097472643,588754816,2.72456977354886,1.15043569581789,-2.80400291797014,-1.22986884023916,-1.52104680408956,0.0530872736414139,3.38933433050988,1.8152002527789
13335214322,598955995,2.69383444209961,1.11931441297875,-2.82086805654035,-1.24634802741948,-1.47455064401947,0.0999693851013961,3.39043864046107,1.8159186113402
13577271421,609334065,2.71959430597963,1.14468862315732,-2.79755535846016,-1.22264967563785,-1.46845790238149,0.106447780440822,3.33527333685925,1.76036765403694
13823722274,619893636,2.71138494444858,1.13609390515174,-2.80579574311196,-1.23050470381512,-1.43879993827068,0.136491101026162,3.32206511892946,1.74677407963262
14074646633,630634164,2.68084065376934,1.10516455477047,-2.79220657547012,-1.21653047647125,-1.44814289978967,0.127533199209191,3.3483632034895,1.77268710449063
14330125702,641563827,2.67139038423011,1.09532952184168,-2.78473575292992,-1.20867489054149,-1.43722865832933,0.1388322040591,3.33942840903001,1.76336754664157
14590242156,652682229,2.65947128769949,1.08302595777951,-2.78501509170019,-1.20856976178021,-1.42216133389957,0.154283996020408,3.33655951989931,1.76011418997934
14855080172,663995290,2.66187135258951,1.0850418505407,-2.80010981917076,-1.22328031712194,-1.42737773060981,0.149451771439012,3.35447057919009,1.77764107714127
15124725453,675503173,2.64833279367122,1.07111941444477,-2.80685948069004,-1.22964610146359,-1.409948559849,0.167264819377443,3.3573296288705,1.78011624964406
15399265261,687211768,2.6491240680898,1.07152710618178,-2.77150407643057,-1.19390711452254,-1.43991248538987,0.137684476518161,3.35114687572968,1.77354991382165
15678788438,699124581,2.65427126543,1.0762910148878,-2.80210149496997,-1.22412124442777,-1.43415168796855,0.143828562573648,3.37083629951121,1.79285604896901
15963385443,711241650,2.67983280571934,1.10146956013682,-2.7803565872,-1.20199334161749,-1.46198728935997,0.116375956222551,3.35136545283967,1.77300220725715
16253148373,723570519,2.66514873237975,1.08640278490362,-2.80281126358022,-1.2240653161041,-1.46067542345918,0.118070524016946,3.38719233666052,1.80844638918439
16548170999,736112674,2.65931102535978,1.0801826686876,-2.82343211075931,-1.24430375408713,-1.43912152164012,0.140006835032069,3.39209698904051,1.81296863236832
16848548794,748874963,2.69347482998091,1.11396435636225,-2.82856982389967,-1.249059350281,-1.45527154870069,0.124238924917974,3.37922092462031,1.79971045100165
17154378963,761857230,2.67258021602902,1.09268791726778,-2.8089859301308,-1.22909363136956,-1.50083085093138,0.0790614478298584,3.42609094702857,1.84619864826733
17465760477,775064354,2.69144876169958,1.1111749291531,-2.82779805850078,-1.2475242259543,-1.48239419425954,0.097879638286938,3.40759787305979,1.82732404051331
17782794100,788502185,2.66346841228005,1.08281333686433,-2.77618269332015,-1.19552761790443,-1.48798213044029,0.0926729449754362,3.38955079347943,1.80889571806371
18105582430,802173735,2.68536761207906,1.10433158426381,-2.79946318888142,-1.21842716106617,-1.47196763744068,0.109068390374566,3.37491759624027,1.79388156842502
18434229924,816081105,2.69580228143059,1.11438559124425,-2.83170152536877,-1.25028483518243,-1.46243325216892,0.118983438017422,3.38718687811161,1.80577018792526
18768842936,830230952,2.66674063467144,1.08494357170107,-2.81983875568949,-1.23804169271912,-1.47424208404846,0.107554978921914,3.416194587071,1.83439752410063
19109529750,844627673,2.6706284681004,1.08845132149328,-2.86513586733963,-1.2829587207325,-1.46962503101895,0.112552115588177,3.45298681226086,1.87080966565373
19456400616,859276488,2.66304383853821,1.08048689700228,-2.86644852322206,-1.28389158168613,-1.46233933078111,0.120217610754827,3.45459839745854,1.87204145592261
19809567786,874176143,2.66667037144907,1.08373392325315,-2.85479573015073,-1.2718592819548,-1.49085037499026,0.092086073205665,3.46783011568914,1.88489366749322
20169145547,889336344,2.69488549179914,1.11156982477663,-2.84543527072128,-1.26211960369877,-1.51606917852041,0.0672464885020989,3.45547333943796,1.87215767241545
20535250265,904761351,2.66532094579998,1.08162634734516,-2.8618035952004,-1.27810899674558,-1.47283774979951,0.110856848655307,3.45817478119898,1.87448018274416
20908000413,920453517,2.72749398931046,1.14342074638491,-2.88448668724959,-1.30041344432405,-1.49055653972937,0.0935167031961777,3.43640361966936,1.85233037674382
21287516618,936419626,2.71180588865172,1.1273542877817,-2.88558771402859,-1.30113611315857,-1.48223341806806,0.102218182801958,3.44486962545125,1.86041802458123
21673921696,952662180,2.68941309475849,1.10458342203654,-2.8729508462402,-1.28812117351825,-1.4917557848803,0.0930738878416562,3.46414791835923,1.87931824563728
22067340691,969186282,2.67029860319963,1.08509114428683,-2.85774206616043,-1.27253460724763,-1.48489168800188,0.100315770910912,3.46118953295809,1.87598207404529
22467900918,985996589,2.68160148269999,1.09601652282578,-2.8535788406607,-1.26799388078649,-1.50044699650061,0.0851379633735989,3.46127873646037,1.87569377658616
22875732003,1003101808,2.68828873453094,1.10232655849404,-2.83828346367045,-1.25232128763355,-1.50909338766905,0.0768687883678505,3.44794249880943,1.86198032277252
23290965925,1020500705,2.6814866695513,1.09514756172068,-2.80610618136961,-1.21976707353899,-1.54050572776941,0.0458333800612138,3.45397962159041,1.86764051375978
23713737057,1038206698,2.65596110503066,1.06924534934796,-2.80413944481006,-1.21742368912736,-1.54322875665093,0.0434869990317643,3.48026147842938,1.89354572274669
24144182213,1056219356,2.69098637605202,1.10389425603086,-2.80444480046935,-1.21735268044819,-1.55644741462856,0.0306447053926029,3.45876022105222,1.87166810103105
24582440689,1074541418,2.66733867114817,1.07987046987628,-2.79535345145086,-1.20788525017897,-1.54519423573038,0.0422739655415194,3.46206339802848,1.87459519675658
25028654312,1093184350,2.67448444034017,1.08664044047823,-2.75674865157998,-1.16890465171805,-1.55892556965955,0.0289184302023868,3.43004416290023,1.84220016303829
25482967480,1112150187,2.6827046883991,1.09448517218459,-2.75273809132159,-1.16451857510708,-1.56602900864164,0.0221905075728703,3.42491679355953,1.83669727734503
25945527214,1131446170,2.67549478213004,1.08690003137655,-2.76410291783031,-1.17550816707682,-1.55625226563097,0.0323424851225176,3.43371478332847,1.84512003257498
26416483204,1151080594,2.66919635421982,1.08022665031776,-2.76855651629921,-1.17958681239715,-1.53379968121953,0.0551700226825294,3.42201422529979,1.83304452139773
26895987856,1171054280,2.68042169024193,1.09107731416039,-2.76307565035859,-1.17373127427705,-1.54714039127794,0.0422039848036024,3.41864873340091,1.82930435731938
27384196343,1191376326,2.67802136283899,1.08830259512625,-2.76847545328019,-1.17875668556745,-1.53733090552123,0.0523878621915053,3.41663937795965,1.82692061024692
27881266654,1212051148,2.68574822546179,1.09565534624675,-2.78693850809941,-1.19684562888437,-1.54800342337876,0.0420894558362839,3.43804808802088,1.84795520880583
28387359648,1233084381,2.62932718062075,1.03886046961219,-2.76799384281912,-1.17752713181057,-1.51606988693857,0.074396824069991,3.44359093114144,1.85312422013289
28902639100,1254486049,2.67448778925063,1.08364752574104,-2.79988877099095,-1.20904850748135,-1.52350024066982,0.0673400228397758,3.43775560440918,1.84691534089958
29427271762,1276256814,2.67824111694063,1.08702757980404,-2.81524845993954,-1.22403492280296,-1.5284874748595,0.0627260622770793,3.4543491998611,1.86313566272452
29961427410,1298407671,2.66622589902181,1.07463936671683,-2.79069121337852,-1.19910468107354,-1.52754490869847,0.0640416236065047,3.44086460506151,1.84927807275653
30505278903,1320943514,2.65773818605885,1.06577893662864,-2.77868500101977,-1.18672575158956,-1.53210564722031,0.0598536022099014,3.44190684418027,1.84994759475006
31059002236,1343873070,2.64412898609953,1.05179729717391,-2.7550527006606,-1.16272101173498,-1.51174230258039,0.080589386345236,3.4115203991405,1.81918871021488
31622776602,1367199811,2.64912029755033,1.0564164463444,-2.76145113041093,-1.16874727920501,-1.52140224381037,0.0713016073955524,3.42258745867002,1.8298836074641
32196784443,1390932668,2.64301183544922,1.04993609876676,-2.79673395362988,-1.20365821694743,-1.50236821271028,0.0907075239721709,3.44494471288999,1.85186897620754
32781211514,1415079596,2.64917459884236,1.05572725307582,-2.79787390671845,-1.2044265609519,-1.51226532007786,0.0811820256886884,3.44981900996208,1.85637166419554
33376246943,1439645011,2.64163489354905,1.04781621467965,-2.81794425681073,-1.22412557794133,-1.44963278380965,0.144185895059753,3.41479652906855,1.82097785019915
33982083289,1464635962,2.64098296323937,1.04679322683933,-2.80490543336055,-1.21071569696051,-1.46847863792209,0.125711098477948,3.42125549004049,1.82706575364046
34598916609,1490065019,2.67204238951308,1.07748187074485,-2.81958711384868,-1.22502659508046,-1.46649534296739,0.128065175800835,3.40289444931113,1.80833393054291
35226946515,1515935673,2.66479896549936,1.06986793911879,-2.82881812845881,-1.23388710207824,-1.46894459905889,0.125986427321678,3.4218181440192,1.82688711763863
35866376245,1542257463,2.65178780885253,1.05648654920818,-2.84433831234855,-1.2490370527042,-1.45626535423071,0.139035905413647,3.43767023973123,1.84236898008688
36517412725,1569036591,2.64641547945939,1.05074426049404,-2.8214655756201,-1.22579435665474,-1.51472086706053,0.0809503519048194,3.47862534521846,1.88295412625311
37180266639,1596280196,2.6812152870807,1.08517438233122,-2.83482130883931,-1.23878040408983,-1.52966027191724,0.0663806328322465,3.47212067568034,1.87607977093086
37855152493,1623998889,2.67428576492966,1.07787544752916,-2.79995427410904,-1.20354395670854,-1.55009477763087,0.0463155397696289,3.46461766881112,1.86820735141061
38542288686,1652200262,2.68713308263978,1.09035362531883,-2.82599987792128,-1.22922042060033,-1.54626158408064,0.0505178732403078,3.47398276135937,1.87720330403842
39241897585,1680888529,2.6915695926873,1.09442126777288,-2.84065892446961,-1.24351059955519,-1.52808988843026,0.0690584364841618,3.46603360220979,1.86888527729537
39954205589,1710079102,2.6891931634309,1.09167624284955,-2.81751734996942,-1.22000042938807,-1.53831200432978,0.059204916251566,3.4554905728728,1.85797365229146
40679443211,1739777688,2.67719320383185,1.07930795910827,-2.80848933117159,-1.21060408644801,-1.52443288037102,0.0734523643525522,3.44458338971162,1.84669814498805
41417845144,1769990789,2.69661652692957,1.09836322918966,-2.81657846354938,-1.21832516580946,-1.51403963263147,0.0842136651084511,3.42285595124849,1.82460265350858
42169650343,1800734954,2.68058458090309,1.0819635008738,-2.77085945945873,-1.17223837942945,-1.53441722689968,0.0642038531296096,3.41354648745983,1.81492540743054
42935102101,1832009510,2.70993112264841,1.11094253065843,-2.80457887946977,-1.20559028747979,-1.55804169203111,0.04094689995887,3.4415438308497,1.84255523885972
43714448126,1863828497,2.69459968537922,1.09524385136037,-2.78169173805873,-1.18233590403988,-1.55978965825852,0.0395661757603227,3.43573609294253,1.83638025892369
44507940624,1896203992,2.68262528902051,1.08290248250787,-2.80130301669851,-1.20158021018587,-1.5118165399399,0.0879062665727368,3.41934864962241,1.81962584310977
45315836376,1929143216,2.66890293246979,1.06881342260392,-2.79080852488914,-1.19071901502327,-1.48932750269159,0.110762007174275,3.40008747710817,1.7999979672423
46138396827,1962652710,2.72038278265973,1.11992683818617,-2.79764174994125,-1.1971858054677,-1.53200555534204,0.068450389131514,3.39811890461715,1.7976629601436
46975888167,1996748211,2.76335922141152,1.16253711068201,-2.82585359587029,-1.22503148514078,-1.5137713952281,0.0870507155014042,3.36512015169137,1.76429804096186
47828581417,2031432849,2.73692688073788,1.13573887171154,-2.80893132178244,-1.2077433127561,-1.50393529998109,0.0972527090452462,3.36479412301924,1.7636061139929
48696752517,2066722928,2.74405770382145,1.14250406406586,-2.82790876794024,-1.22635512818465,-1.51021832293918,0.0913353168164086,3.38292376905883,1.78137012930324
49580682417,2102631122,2.74213153000164,1.14021252669319,-2.80979390040011,-1.20787489709165,-1.51615999440037,0.0857590089080882,3.3726767467997,1.77075774349124
50480657167,2139159931,2.74825284210965,1.14596874203427,-2.84184188964718,-1.2395577895718,-1.51277627300806,0.0895078270673277,3.39521970255009,1.79293560247471
51396968008,2176329030,2.75306960586022,1.15042067541478,-2.8391045162607,-1.23645558581527,-1.49453923146211,0.108109698983326,3.36942852385982,1.76677959341439
52329911468,2214142121,2.74472284688818,1.14170935208115,-2.84020258023156,-1.23718908542454,-1.50536320019455,0.0976502946124751,3.38969731552788,1.78668382072086
53279789459,2252619387,2.7187456292304,1.11536783568211,-2.82190228621039,-1.2185244926621,-1.52282183512943,0.0805559584188509,3.41483287411029,1.811455080562
54246909370,2291759777,2.72346367015052,1.11972184309525,-2.81216837664761,-1.20842654959233,-1.52628726612966,0.0774545609256174,3.40384635463124,1.80010452757597
55231584173,2331584863,2.73626339023031,1.13215779451583,-2.8032988563682,-1.19919326065372,-1.54374728844778,0.0603583072667035,3.39963713659017,1.79553154087569
56234132519,2372102733,2.75945215236061,1.15498305244981,-2.83078121859944,-1.22631211868864,-1.55106149563653,0.0534076042742697,3.4112449438835,1.8067758439727
57254878844,2413325521,2.76442409072115,1.15959175069251,-2.8691934144008,-1.26436107437215,-1.54192950492143,0.0629028351072165,3.43555321060194,1.83072087057329
58294153471,2455264226,2.77513308804919,1.16993777159834,-2.87489803058997,-1.26970271413913,-1.56305219298883,0.042143123462012,3.45167151753049,1.84647620107964
59352292723,2497934188,2.75554493938034,1.14998690981951,-2.86740563502099,-1.26184760546016,-1.53573381454044,0.0698242150203949,3.4364488921783,1.83089086261747
60429639024,2541348533,2.76811068278766,1.16219020304781,-2.85153730581442,-1.24561682607456,-1.53485421073128,0.0710662690085744,3.40713521574799,1.80121473600813
61526541015,2585516373,2.74641744246765,1.1401347750988,-2.8237592757323,-1.21747660836345,-1.55633834905166,0.0499443183171897,3.42253456430626,1.81625189693741
62643353666,2630453766,2.73394269913115,1.12729810630307,-2.8101724572698,-1.20352786444172,-1.57549757447123,0.0311470183568485,3.44058171461074,1.83393712178267
63780438389,2676177330,2.73278469854995,1.12577844205338,-2.81977206741067,-1.21276581091409,-1.57001397549175,0.0369922810048258,3.44585572634969,1.83884946985312
64938163158,2722692862,2.71045835959012,1.10309070083703,-2.83106189000682,-1.22369423125373,-1.54791216548983,0.0594554932632603,3.45737007791104,1.85000241915794
66116902624,2770019761,2.7322868154879,1.12455801551305,-2.84563818375318,-1.23790938377834,-1.51597444511208,0.0917543548627651,3.41818019536731,1.81045139539247
67317038241,2818170958,2.70496068184002,1.09687100130106,-2.83634682852062,-1.22825714798166,-1.50647188372022,0.101617796818736,3.42671241239805,1.81862273185909
68538958387,2867163205,2.70340876332921,1.09495846250748,-2.82261472507162,-1.21416442424989,-1.51492947510997,0.093520825711765,3.4229898188496,1.81453951802787
69783058486,2917012020,2.7395708064505,1.13076014525295,-2.85251579347096,-1.24370513227341,-1.52784899498874,0.0809616662088037,3.42964836401006,1.82083770281252
71049741144,2967722738,2.69640455451736,1.08723379247609,-2.87381757592084,-1.26464681387957,-1.50607210768067,0.1030986543606,3.47233951107773,1.86316874903647
72339416274,3019317789,2.70480764885724,1.09527704513061,-2.85370387102012,-1.24417326729349,-1.49528829802148,0.114242305705152,3.43303890217794,1.82350829845131
73652501227,3071812102,2.69271770312116,1.0828275164953,-2.85050703387969,-1.24061684725384,-1.51399433307961,0.0958958535462489,3.460638045839,1.85074785921315
74989420933,3125219581,2.68207315769541,1.07182364658413,-2.82562246198722,-1.21537295087594,-1.50719413566549,0.1030553754458,3.43959782197271,1.82934831086142
76350608034,3179560821,2.6392902714615,1.02868169390739,-2.82627857509942,-1.21566999754531,-1.50007363293844,0.110534944615678,3.47591631858086,1.86530774102674
77736503024,3234849607,2.64541079262926,1.03444340630483,-2.82988370900785,-1.21891632268341,-1.50885309861042,0.102114287714019,3.48218039698986,1.87121301066543
79147554394,3291099942,2.64650116116172,1.03517522336985,-2.82644388943663,-1.21511795164476,-1.52810359983778,0.0832223379540968,3.49690071012083,1.88557477232895
80584218776,3348326707,2.69187142822193,1.08018719589664,-2.84247280281852,-1.23078857049323,-1.54601722577718,0.0656670065481142,3.48547298238191,1.87378875005662
82046961090,3406550286,2.69359969405195,1.08155742375936,-2.87167130754824,-1.25962903725565,-1.51811301058842,0.0939292597041674,3.48503900609285,1.87299673580026
83536254696,3465796056,2.68936968194248,1.07696962988138,-2.85729762805931,-1.24489757599822,-1.51003207109898,0.102367980962123,3.46681439922031,1.85441434715921
85052581544,3526068270,2.70409365852174,1.09133608052493,-2.85940987863796,-1.24665230064115,-1.48709400639927,0.125663571597542,3.43126460852,1.81850703052318
86596432336,3587388702,2.71448568637788,1.10137083791204,-2.85655754401887,-1.24344269555303,-1.50432129326146,0.108793555204388,3.43524753289967,1.82213268443382
88168306678,3649779522,2.70966161150864,1.09618974767586,-2.8534932948096,-1.24002143097682,-1.54068702285076,0.0727848409820111,3.47337308814895,1.85990122431617
89768713245,3713261384,2.6957385532769,1.0819099288154,-2.87379439988217,-1.25996577542068,-1.51759643024343,0.0962321942180668,3.48450665883865,1.87067803437716
91398169947,3777845513,2.68613000653932,1.07194487582382,-2.88462237790009,-1.27043724718459,-1.5009461576592,0.113238973056297,3.48829291102084,1.87410778030534
93057204093,3843556570,2.67845698826204,1.06391560530499,-2.82796283693824,-1.21342145398119,-1.49159452485765,0.122946858099408,3.42995475554198,1.81541337258493
94746352566,3910414062,2.66564237038983,1.05074498884164,-2.84230718917024,-1.22740980762205,-1.47842903620767,0.136468345340517,3.44394823699258,1.82905085544439
96466161991,3978434336,2.64668042020276,1.03142729335331,-2.87452323931939,-1.25927011246994,-1.46144334127894,0.153809785570513,3.47814054240007,1.86288741555062
98217188919,4047644315,2.66432665711909,1.04871803789769,-2.86196266780098,-1.24635404857958,-1.46642721468015,0.149181404541251,3.45291760735927,1.83730898813786
100000000000,4118054813,2.62428514979911,1.00832129077594,-2.85635943508169,-1.24039557605852,-1.43349766016036,0.182466198862808,3.45442632743652,1.83846246841336
101815172172,4189699199,2.63016194699958,1.01384310038603,-2.85152879603993,-1.23520994942638,-1.46359683103947,0.152722015574077,3.47381806208068,1.85749921546714
103663292844,4262583158,2.63802974977807,1.02135616742775,-2.83899542022118,-1.22232183787086,-1.48418048678286,0.132493095567459,3.47400053921592,1.8573269568656
105544960088,4336739964,2.70298114221077,1.08595307562017,-2.86072328551018,-1.24369521891957,-1.51578185482867,0.101246211761928,3.46237838012894,1.84535031353834
107460782832,4412185595,2.71263938316042,1.09525708346968,-2.84519538447785,-1.22781308478711,-1.50186100479914,0.1155212948916,3.42327138812107,1.80588908843033
109411381058,4488950675,2.72273347213923,1.10499719013274,-2.84994150434068,-1.23220522233419,-1.51616304994241,0.101573232064077,3.43222546413745,1.81448918213096
111397385999,4567056321,2.73013807717143,1.11204806327909,-2.84994825990725,-1.23185824601491,-1.50981013382989,0.108279880062456,3.41847469857021,1.80038468467786
113419440350,4646523761,2.73142277788793,1.11297928218514,-2.86409784419084,-1.24565434848805,-1.54047428943159,0.0779692062712045,3.46200373772808,1.84356024202529
115478198469,4727380065,2.71860193740213,1.09980520961112,-2.82952574443698,-1.21072901664597,-1.55782444384022,0.0609722839507931,3.45760263287957,1.83880590508856
117574326592,4809642519,2.72737355319987,1.10822384269037,-2.83074080036022,-1.21159108985072,-1.54623194144006,0.0729177690694423,3.43845357060127,1.81930386009177
119708503050,4893334975,2.71253719159358,1.09303474738331,-2.84327226108871,-1.22376981687844,-1.5130688757672,0.106433568443072,3.43265832727411,1.81315588306384
121881418484,4978490229,2.70884422173913,1.08898929249497,-2.82807701142156,-1.2082220821774,-1.50538059601968,0.114474333224477,3.41346776769933,1.79361283845518
124093776075,5065132590,2.73534563771682,1.11513847175502,-2.83673680328138,-1.21652963731959,-1.55080069732139,0.069406468640403,3.44104624487954,1.82083907891775
126346291765,5153279251,2.73064980741037,1.11009065269772,-2.8348230589072,-1.21426390419455,-1.55646410218833,0.0640950525243216,3.4494917356933,1.82893258098065
128639694494,5242965456,2.71450822996849,1.09359733412268,-2.83480010895073,-1.21388921310492,-1.56260830619067,0.0583025896551399,3.47175456717014,1.85084367132433
130974726430,5334221546,2.73560486882707,1.11434247911798,-2.83228420205342,-1.21102181234433,-1.57145306429447,0.049809325414613,3.45698677950713,1.83572438979805
133352143216,5427061644,2.74219150401041,1.12057786736033,-2.8267354818272,-1.20512184517712,-1.57739800562922,0.044215631020861,3.45079636545051,1.82918272880043
135772714211,5521517139,2.72877734966823,1.10681271265262,-2.86274735437109,-1.24078271735548,-1.54516850549044,0.0767961315251766,3.46799289219052,1.84602825517491
138237222736,5617622039,2.69102381546327,1.06870842431195,-2.81310644097539,-1.19079104982407,-1.55786553153666,0.0644498596146563,3.4688025390642,1.84648714791288
140746466334,5715406787,2.68661231185979,1.0639464124572,-2.81371309618044,-1.19104719677785,-1.56100782310023,0.0616580763023635,3.47696298942174,1.85429709001915
143301257024,5814895333,2.68743176361022,1.06441560149625,-2.79735248042925,-1.17433631831528,-1.5743174725867,0.0486986895272761,3.47309257141023,1.85007640929626
145902421563,5916121284,2.70647065069716,1.08310447106806,-2.83563246670019,-1.21226628707109,-1.58852769742225,0.0348384822068448,3.50654389541887,1.88317771578978
148550801717,6019116247,2.70569399955275,1.08197804726164,-2.87833658276213,-1.25462063047102,-1.55091852672194,0.0727974255691659,3.51241549191764,1.88869953962653
151247254531,6123895409,2.70192591581144,1.07786043536906,-2.83778593162424,-1.21372045118185,-1.57606320986815,0.0480022705742342,3.50077760769636,1.87671212725398
153992652606,6230500473,2.70616926452203,1.08175450009756,-2.82852689039282,-1.20411212596835,-1.59185993935534,0.0325548250691261,3.50307194724155,1.87865718281708
156787884383,6338978778,2.71620190246904,1.09143809789075,-2.84138552341028,-1.21662171883199,-1.56647345333477,0.0582903512435271,3.4805114562696,1.8557476516913
159633854429,6449341433,2.74161847268988,1.1165058714459,-2.86648537002475,-1.24137276878077,-1.57377489430655,0.0513377069374246,3.48749617364956,1.86238357240558
162531483731,6561627631,2.77722135891236,1.15176020415135,-2.8516127924886,-1.22615163772759,-1.59198604265111,0.0334751121098928,3.45523185822822,1.82977070346721
165481709994,6675871074,2.75780941174162,1.1319999462734,-2.87516805770429,-1.24935859223607,-1.57266887713922,0.053140588328995,3.47888190509548,1.85307243962726
168485487944,6792114390,2.76696361615905,1.14080608245532,-2.85986323771795,-1.23370570401422,-1.60718664200249,0.0189708917012406,3.48894064556225,1.86278311185852
171543789634,6910384379,2.76041671188432,1.13391135207969,-2.85800470727554,-1.23149934747091,-1.58882028504013,0.0376850747645043,3.47526266243949,1.84875730263486
174657604766,7030714746,2.76367951864813,1.1368265745403,-2.86907409707055,-1.24222115296272,-1.56290867034841,0.0639442737594236,3.45715763077169,1.83030468666386
177827941004,7153145913,2.74070567750459,1.11350539055539,-2.83308782213862,-1.20588753518942,-1.61294673122029,0.0142535557289136,3.49418325786246,1.86698297091326
181055824303,7277708393,2.76569131395081,1.13814392528685,-2.81149176388863,-1.18394437522466,-1.62558311129396,0.00196427736999794,3.46023794323264,1.83269055456868
184342299241,7404447385,2.71561136103992,1.08771711145329,-2.7950727683201,-1.16717851873347,-1.59707434244046,0.0308199071461612,3.46539013172151,1.83749588213488
187688429358,7533397676,2.73017511212674,1.1019342420756,-2.79956532242795,-1.17132445237681,-1.5691781320711,0.0590627379800419,3.4274227243659,1.79918185431475
191095297497,7664591629,2.71054165386886,1.08195440347831,-2.80754655309283,-1.17895930270228,-1.5505538679281,0.0780333824624488,3.43641314914566,1.80782589875511
194564006159,7798085099,2.7004792949956,1.07154590405815,-2.8120709463692,-1.18313755543175,-1.54203019268607,0.0869031982513788,3.44247622607509,1.81354283513764
198095677855,7933903495,2.68544748031127,1.05616818828775,-2.80841816405155,-1.17913887202802,-1.54461291772895,0.0846663742945661,3.4564379834701,1.82715869144657
201691455473,8072099030,2.70863717314933,1.07901221916942,-2.79823680189293,-1.16861184791302,-1.55059490081476,0.07903005316515,3.42904891154467,1.79942395756476
205352502646,8212690221,2.70682213879627,1.07685176165924,-2.8221641346463,-1.19219375750927,-1.52656738204678,0.103402995090249,3.43076375991222,1.8007933827752
209080004128,8355743143,2.724314356994,1.09399879516948,-2.81416660521063,-1.18385104338611,-1.57341560368513,0.0568999581393876,3.4521222339099,1.82180667208538
212875166180,8501287633,2.74798434159311,1.1173238332216,-2.84340942181007,-1.21274891343855,-1.54845139053214,0.0822091178393756,3.43273085274996,1.80207034437844
216739216957,8649380621,2.73332702185144,1.10232180474516,-2.82417662726948,-1.1931714101632,-1.54656479995174,0.0844404171545385,3.42626878737065,1.79526357026437
220673406908,8800049006,2.73830562177318,1.10695593341668,-2.85102009946422,-1.21967041110772,-1.54724006766628,0.0841096206902201,3.44880892733636,1.81745923897986
224679009181,8953349037,2.72037914430257,1.08868522185328,-2.84566754638217,-1.21397362393289,-1.53680294277729,0.0948909796720028,3.45094572685775,1.81925180440847
228757320032,9109331029,2.70412781540654,1.07208989569562,-2.8522183497189,-1.22018043000798,-1.52161528371653,0.110422635994387,3.4585602000443,1.82652228033339
232909659246,9268018187,2.68172977190261,1.04934809143565,-2.83638984250138,-1.20400816203441,-1.51158134049911,0.120800339967855,3.45509579309874,1.82271411263177
237137370566,9429495614,2.71598449560406,1.08325929056159,-2.80855450759555,-1.17582930255307,-1.53593048999755,0.0967947150449175,3.41735488400445,1.78462967896198
241441822126,9593788175,2.71667860119487,1.08361010743307,-2.7976841980053,-1.1646157042435,-1.53319530040608,0.0998731933557204,3.40305527919554,1.76998678543374
245824406892,9760934933,2.72337279489875,1.08996124795028,-2.80374378869601,-1.17033224174754,-1.54714291229902,0.0862686346494466,3.41636828810442,1.78295674115595
250286543117,9930997770,2.71136911749636,1.07761475257083,-2.8407322241037,-1.20697785917818,-1.51115243730601,0.122601927619518,3.42936992589966,1.79561556097414
254829674798,10104042870,2.74765809770179,1.11356114968642,-2.86047204709757,-1.22637509908221,-1.53826148909866,0.0958354589167065,3.43992982050258,1.80583287248722
259455272140,10280096614,2.74261333150207,1.10817403496258,-2.85629119729856,-1.22185190075907,-1.55117780010187,0.0832614964376213,3.45371004789922,1.81927075135973
264164832039,10459232726,2.77034230699792,1.13556089617886,-2.90597758539661,-1.27119617457755,-1.52732925579767,0.107452155021392,3.4518189162045,1.81703750538544
268959878558,10641488022,2.77382800410123,1.13870471292697,-2.90360965389846,-1.26848636272419,-1.53257919829775,0.102544092876513,3.45121523010312,1.81609193892885
273841963426,10826932875,2.78730393690057,1.1518389989758,-2.88893305390229,-1.25346811597752,-1.54401958909875,0.091445348826015,3.43450308810134,1.79903815017657
278812666541,11015610302,2.79307207689999,1.15726572551026,-2.88628725429589,-1.25048090290616,-1.55892747389589,0.0768788774938398,3.44099703329994,1.8051906819102
283873596476,11207584247,2.76720344750356,1.13105591561609,-2.89080419889797,-1.25465666701049,-1.55197506329569,0.0841724685917904,3.46443019669823,1.82828266481076
289026391002,11402903099,2.77196283629746,1.13547435656182,-2.87501188449824,-1.23852340476259,-1.54660769170005,0.0898807880355976,3.43851112190168,1.80202264216604
294272717621,11601636073,2.75800791959773,1.12117872434633,-2.89511531840253,-1.25828612315113,-1.53628289560584,0.100546299645568,3.46224467639695,1.82541548114554
299614274100,11803842908,2.73204837059893,1.09487869184785,-2.91092997459782,-1.27376029584674,-1.50921237820148,0.127957300549598,3.47694836420123,1.83977868545015
305052789027,12009576644,2.75048207280634,1.11297214225576,-2.90274421639333,-1.26523428584275,-1.51932825359836,0.118181676952219,3.46044477920805,1.82293484865747
310590022362,12218900001,2.75942165309971,1.12157170213485,-2.9306596476963,-1.29280969673144,-1.52089434609661,0.116955604868248,3.48098672270135,1.84313677173649
316227766017,12431880460,2.73882880929887,1.10063906899028,-2.88223081309843,-1.24404107278984,-1.53118509909837,0.107004641210224,3.46344148489879,1.8252517445902
321967844425,12648585059,2.72813855850109,1.08960925960561,-2.88756905349874,-1.24903975460326,-1.52841947149864,0.110109827396839,3.47670434849715,1.83817504960167
327812115139,12869068728,2.71551373290276,1.07664510586397,-2.88784499749454,-1.24897637045575,-1.53633331869059,0.102535308348196,3.49751896530506,1.85865033826627
333762469429,13093405847,2.69538011629629,1.05617239124517,-2.86682762850251,-1.22761990345139,-1.53328015290026,0.105927572150857,3.49358204710006,1.85437432204894
339820832894,13321649629,2.73682401420228,1.09727742095792,-2.88992564100045,-1.25037904775608,-1.55129443019541,0.0882521630489519,3.49325043900171,1.85370384575735
345989166087,13553879942,2.73393525249412,1.09405002056426,-2.88490298470424,-1.24501775277438,-1.5459688231058,0.0939164088240643,3.48579093729495,1.84590570536509
352269465147,13790179868,2.71676379950077,1.07654015808254,-2.87289967569814,-1.23267603427991,-1.54512005369907,0.0951035877191608,3.49011031190457,1.84988667048635
358663762448,14030585183,2.73246606760222,1.09190424558267,-2.87924772239785,-1.23868590037831,-1.51884862360021,0.121713198419338,3.45448466040398,1.81392283838443
365174127255,14275201419,2.71375922509469,1.07285945105143,-2.84760120210558,-1.20670142806232,-1.54861147330666,0.0922883007365938,3.47130783229659,1.83040805825333
371802666391,14524094027,2.7396145856037,1.09837708780566,-2.87763212559366,-1.23639462779562,-1.55376996879204,0.0874675290060067,3.48064189080469,1.83940439300664
378551524926,14777321376,2.75210451520979,1.1105295216176,-2.85543016879092,-1.21385517519873,-1.57898215758905,0.0625928360031394,3.47116219320742,1.82958719961523
385422886862,15034975430,2.71248097060015,1.07056870886703,-2.85150039180007,-1.20958813006695,-1.54813588420075,0.0937763775323737,3.47600968740153,1.83409742566841
392418975848,15297132108,2.73248199569935,1.09023269317153,-2.88215801109618,-1.23990870856837,-1.55083412070235,0.0914151818254629,3.48936451810005,1.84711521557224
399542055895,15563864415,2.74214754639252,1.09956143010995,-2.88006879601016,-1.23748267972759,-1.55110098440491,0.0914851318776586,3.47787661599432,1.83529049971175
406794432108,15835265555,2.73888543560315,1.09596273230014,-2.90113969639788,-1.25821699309487,-1.53888369999913,0.104039003303875,3.489992342802,1.84706963949899
414178451436,16111399082,2.71596625169332,1.07270718779909,-2.89295034190582,-1.24969127801159,-1.53755416430067,0.105704899593554,3.50339263649948,1.86013357260526
421696503429,16392359455,2.73082749079913,1.08723229243842,-2.89402432880161,-1.2504291304409,-1.54410512479808,0.099490073562627,3.49615634480142,1.85256114644071
429351021008,16678220629,2.74422349480301,1.10029238779685,-2.90795997520036,-1.2640288681942,-1.51043079840019,0.133500308605965,3.4630216607984,1.81909055379225
437144481261,16969091486,2.78002815080254,1.13576136066862,-2.91965621119743,-1.27538942106352,-1.52229579359846,0.121970996535458,3.4507782360015,1.80651144586758
445079406236,17265030810,2.77661575620004,1.13201350815349,-2.88686426939967,-1.24226202135311,-1.55354712939879,0.0910551186477613,3.45265002459928,1.80804777655272
453158363760,17566142565,2.79533665000054,1.15039916895452,-2.88870617240173,-1.24376869135571,-1.58405098759977,0.0608864934462523,3.46627489199454,1.82133741094853
461383968273,17872512912,2.78532728229766,1.14005479286391,-2.90268592529901,-1.25741343586526,-1.56150960410014,0.0837628853336136,3.46772262909508,1.82245013966133
469758881671,18184232275,2.789362170799,1.14375489728843,-2.89564108919876,-1.2500338156882,-1.56986545240215,0.0757418211084095,3.46499875280279,1.81939147929222
478285814165,18501396101,2.79779712430172,1.15185529072518,-2.90403919049277,-1.25809735691622,-1.55957741849852,0.0863644150780276,3.45467386670498,1.80873203312843
486967525166,18824104270,2.77062374060915,1.12434757067777,-2.87227475019608,-1.2259985802647,-1.57622273739253,0.0700534325388589,3.46672812900215,1.82045195907076
495806824168,19152458269,2.77265994490153,1.12604966202757,-2.88792653830023,-1.24131625542627,-1.57753607349878,0.0690742093751888,3.48165704889834,1.83504676602438
504806571667,19486539945,2.73933021489938,1.09238604219662,-2.87124163789849,-1.22429746519573,-1.57265907229885,0.0742851004039133,3.49342487729882,1.84648070459606
513969680077,19826463641,2.72741981930449,1.08014197958902,-2.8603198398996,-1.21304200018414,-1.55769384269661,0.0895839970188546,3.47944824529986,1.8321704055844
523299114681,20172320893,2.72984018160787,1.08222889739857,-2.84962947639724,-1.20201819218794,-1.58514665279654,0.0624646314127639,3.4937903296086,1.8461790453993
532797894587,20524237520,2.68955823379656,1.04161372731565,-2.84253220180108,-1.19458769532016,-1.58143467300397,0.0665098334769467,3.52326302300207,1.87531851652116
542469093701,20882294442,2.7052866360973,1.05700912927109,-2.86904802270874,-1.22077051588253,-1.58996063870291,0.0583168681232995,3.54257640729338,1.89429890046718
552315841731,21246600833,2.68572612749995,1.03711584195928,-2.84756127569563,-1.19895099015496,-1.58891514530114,0.0596951402395227,3.53960467549769,1.89099438995702
562341325190,21617284223,2.68667464080499,1.03773179788594,-2.86566124759702,-1.21671840467797,-1.59221028679895,0.0567325561201053,3.56005127560638,1.91110843268733
572548788436,21994427870,2.67921988009766,1.029944700842,-2.8630025747043,-1.21372739544863,-1.59022379150701,0.059051387748648,3.56286086809268,1.91358568883702
582941534714,22378185106,2.67397005439852,1.02436275955442,-2.83890090600471,-1.18929361116061,-1.56512553599896,0.0844817588451421,3.51891076959873,1.86930347475463
593522927230,22768623233,2.67419495110516,1.02425576112774,-2.84110340209736,-1.19116421211993,-1.55786634969991,0.0920728402775193,3.51362918270024,1.86368999272282
604296390238,23165900690,2.71683905280224,1.06656818785413,-2.84949533359759,-1.19922446864947,-1.58821508879919,0.0620557761489275,3.50972575160267,1.85945488665456
615265410149,23570114414,2.71495854140085,1.06435622135275,-2.83920384260273,-1.18860152255464,-1.59828144220228,0.0523208778458142,3.51138112539775,1.86077880534965
626433536657,23981392281,2.70761493999453,1.05668138442587,-2.8379221892028,-1.18698863363414,-1.58248158680362,0.0684519687650338,3.50164321799093,1.85070966242227
637804383889,24399867839,2.69777724629967,1.04651267449913,-2.83755655089772,-1.18629197909718,-1.57861666369718,0.0726479081033571,3.50725035030337,1.85598577850283
649381631576,24825654063,2.72721635310154,1.07562098406764,-2.85430721609737,-1.20271184706347,-1.55443249209929,0.0971628769346076,3.47037773710326,1.81878236806936
661169026241,25258876715,2.72785749470495,1.07593154714662,-2.85655373249756,-1.20462778493923,-1.56986398569279,0.0820619618655427,3.48741460550809,1.83548865794976
673170382414,25699679393,2.71214987129497,1.05989356363212,-2.84470492310356,-1.19244861544071,-1.5764759415033,0.0757803661595486,3.49788537529821,1.84562906763536
685389583865,26148181017,2.68496380258875,1.03237735295285,-2.83683726780873,-1.18425081817283,-1.56898286260548,0.0836035870304233,3.50971070979722,1.85712426016131
697830584860,26604529301,2.68204093399982,1.02912456023448,-2.82081580959493,-1.1678994358296,-1.58633256200119,0.0665838117641422,3.51396181959717,1.86104544583184
710497411443,27068848990,2.6706552967953,1.01740921645686,-2.7941144304059,-1.14086835006745,-1.58722391880292,0.0660221615355239,3.49953743439983,1.84629135406138
723394162737,27541285899,2.69671999709681,1.04314442745484,-2.83247882330033,-1.17890325365837,-1.56073527570697,0.0928402939349904,3.48534848389681,1.83177291425485
736525012271,28021987280,2.71350143579184,1.05959659382979,-2.84151299060613,-1.18760814864408,-1.58092978900822,0.0729750529538267,3.49779572579428,1.84389088383223
749894209332,28511099520,2.75702786361217,1.10279396602785,-2.85765852639452,-1.2034246288102,-1.59899346280145,0.0552404347828739,3.48847850759921,1.83424461001489
763506080338,29008749369,2.74475169691141,1.0901889601176,-2.85022979349014,-1.19566705669634,-1.57562991909799,0.0789328176958162,3.46996239770669,1.81539966091289
777365030239,29515104927,2.74735843371309,1.0924670738381,-2.85846891227993,-1.20357755240494,-1.57318819589273,0.0817031639822641,3.47315305651864,1.81826169664365
791475543941,30030302620,2.75314071509638,1.09792094798463,-2.87493176930002,-1.21971200218827,-1.56839225529984,0.0868275118119064,3.47903769148979,1.82381792437805
805842187761,30554512082,2.78175108019786,1.12620312141041,-2.87167475899332,-1.21612680020587,-1.57802179419377,0.0775261645936807,3.45679985500465,1.80125189621719
820469610902,31087901529,2.7897879962984,1.13391206111349,-2.88853312650463,-1.23265719131971,-1.56695392451365,0.0889220106712594,3.45455343669164,1.79867750150673
835362546958,31630594347,2.78616759819852,1.12996390161214,-2.90434684300271,-1.24814314641634,-1.58192781420075,0.0742758823856209,3.48896144100581,1.83275774441944
850525815444,32182787786,2.78223195970349,1.12570071643001,-2.90116675710306,-1.24463551382957,-1.58495944990136,0.0715717933721236,3.49274862930179,1.8362173860283
865964323360,32744633043,2.76885927410331,1.11200069857591,-2.8845722690894,-1.227713693562,-1.57630746389623,0.0805511116311728,3.48087484089774,1.82401626537034
881683066776,33316304717,2.78880863140512,1.13162293777641,-2.91587068619265,-1.25868499256394,-1.57337993459078,0.0838057590379337,3.48929637140827,1.83211067777956
897687132447,33897959016,2.80801573139615,1.15050313353875,-2.91936713620089,-1.26185453834349,-1.57025700219674,0.0872555956606631,3.47046278900234,1.81295019114494
913981699465,34489798356,2.81634111980384,1.15850183131084,-2.91226804819598,-1.25442875970298,-1.59229205019074,0.0655472383022659,3.4770733605983,1.8192340721053
930572040930,35091989114,2.8138667059975,1.15570094018305,-2.9151612015994,-1.25699543578496,-1.57761690839834,0.0805488574161031,3.46776578600111,1.80960002018667
947463525655,35704717918,2.79591941219405,1.13742738209398,-2.91616978219827,-1.2576777520982,-1.58005607660743,0.0784359534926351,3.48916082859796,1.83066879849789
964661619911,36328147671,2.80567164499371,1.14685356336594,-2.9251874830079,-1.26636940138014,-1.58105268220243,0.0777653994253407,3.48942290220293,1.83060482057517
982171889188,36962478878,2.7800014668901,1.12085754621528,-2.90906670870027,-1.24992278802545,-1.55391334790329,0.105230572771527,3.47183297169977,1.81268905102495
1000000000000,37607912018,2.78328009159304,1.12381054407506,-2.91938795719761,-1.25991840967964,-1.54475230840035,0.11471723911763,3.46971455599123,1.81024500847325
1018151721718,38264624845,2.80859551338654,1.14880055095307,-2.91289041620621,-1.25309545377275,-1.56678111420479,0.0930138482286773,3.45993039899622,1.80013543656276
1036632928438,38932816263,2.77660308859777,1.1164829229008,-2.90763278939994,-1.24751262370297,-1.57582145740162,0.0842987082953528,3.49570554020465,1.83558537450768
1055449600879,39612713211,2.79776409218903,1.13731893460541,-2.88476461661048,-1.22431945902687,-1.61810784580302,0.0423373117805914,3.49396275219624,1.83351759461262
1074607828321,40304505632,2.82631863249117,1.16554869412316,-2.87206466709904,-1.21129472873104,-1.6544448739005,0.00632506446749947,3.48904529049469,1.82827535212669
1094113810577,41008386852,2.80348271739786,1.14238820907363,-2.89796600819682,-1.23687149987259,-1.5968570617988,0.0642374465254234,3.48019473459863,1.8191002262744
1113973859995,41724576462,2.78254715738876,1.12112828966295,-2.84954260299855,-1.18812373527274,-1.62194995459868,0.0394689131271335,3.47779978219478,1.81638091446897
1134194403503,42453293474,2.78461634990526,1.12287333305951,-2.87875674849784,-1.21701373165208,-1.59446822290192,0.0672747939438301,3.47746300349536,1.81571998664961
1154781984689,43194775497,2.78516488141031,1.12309792545379,-2.86104690819047,-1.19897995223395,-1.59326185859391,0.0688050973626175,3.45799826740404,1.79593131144751
1175743265921,43949219661,2.77589658669604,1.11350590136594,-2.86179896250542,-1.19940827717532,-1.56688129009854,0.0955093952315609,3.44163804789423,1.77924736256413
1197085030496,44716839189,2.76779467430606,1.1050804690682,-2.87158043408999,-1.20886622885214,-1.57633164169965,0.0863825635382038,3.468971783499,1.80625757826114
1218814184842,45497913655,2.77887020549679,1.11583268954609,-2.88234003329126,-1.21930251734056,-1.58049272130302,0.0825447946476812,3.47281693109835,1.80977941514765
1240937760752,46292637552,2.78240411040315,1.11904349266414,-2.8834812615969,-1.22012064385789,-1.57964418159099,0.0837164361480167,3.46957571481471,1.8062150970757
1263462917654,47101274782,2.78021591520519,1.11653240433259,-2.90697921560786,-1.24329570473527,-1.5788955839962,0.0847879268763969,3.49451326639974,1.83082975552714
1286396944937,47924047772,2.7691412132117,1.10513501759088,-2.88315857919224,-1.21915238357142,-1.56392762639734,0.100078569223472,3.46679937440786,1.80279317878704
1309747264301,48761206627,2.77618806272221,1.11185939046977,-2.87856112248846,-1.21423245023602,-1.59299772248778,0.0713309497646641,3.4842251643131,1.81989649206066
1333521432163,49613024665,2.75407472459483,1.08942378355908,-2.86329462540743,-1.19864368437169,-1.58409926980676,0.0805516712289904,3.48217355260567,1.81752261156993
1357727142105,50479739014,2.75317306068609,1.08820005844758,-2.86279653011297,-1.19782352787446,-1.60040328530886,0.0645697169296531,3.49888113669294,1.83390813445443
1382372227358,51361655053,2.7832042680966,1.11790941196863,-2.85840649429883,-1.19311163817087,-1.63059733509726,0.0346975210307034,3.49465394330036,1.8293590871724
1407464663340,52258957555,2.76640858082101,1.10079207785017,-2.86181886759005,-1.19620236461921,-1.60213657678105,0.0634799261897891,3.48640124560916,1.82078474263832
1433012570237,53171983687,2.75396966219705,1.08803171916371,-2.87699585579685,-1.21105791276351,-1.58492169660167,0.0810162464316699,3.49680227220233,1.83086432916899
1459024215631,54100978082,2.76195776258828,1.09569858600711,-2.88301339819736,-1.21675422161619,-1.60796410900366,0.0582950675775136,3.51787412659905,1.85161495001788
1485508017173,55046218317,2.76779924859875,1.10121904471923,-2.87649478220555,-1.20991457832604,-1.59507031099929,0.0715098928802287,3.49262022659241,1.82604002271289
1512472545311,56008012794,2.75405062591017,1.08714960071711,-2.8746060912963,-1.20770506610324,-1.57520597529947,0.0916950498935938,3.48461582270102,1.81771479750795
1539926526059,56986627065,2.75004060511128,1.08281896432533,-2.87718000689347,-1.20995836610751,-1.56790677769459,0.0993148630913665,3.48390056150674,1.81667892072079
1567878843827,57982381878,2.75618651219702,1.08864446127513,-2.88046435981232,-1.21292230889044,-1.57645430060802,0.0910877503138654,3.48958653019508,1.8220444792732
1596338544288,58995534746,2.75739523209631,1.08953297623233,-2.88756778791139,-1.21970553204741,-1.57222348031064,0.0956387755533452,3.49125041809748,1.82338816223349
1625314837312,60026424984,2.74266982371046,1.07448756783555,-2.89525545109063,-1.22707319521572,-1.53927952267986,0.128902733195047,3.48071953211911,1.8125372762442
1654817099943,61075361433,2.75350892668939,1.0850068754726,-2.90554188050737,-1.23703982929058,-1.54963083370239,0.118871217514401,3.49051816949213,1.82201611827534
1684854879436,62142664981,2.73649265670974,1.06767101455844,-2.89754748009727,-1.22872583794598,-1.53803910208808,0.13078254006322,3.48794830750558,1.81912666535428
1715437896343,63228646315,2.74462867929833,1.07548765035879,-2.90255458670435,-1.23341355776481,-1.53644053470634,0.132700494233201,3.48322082409868,1.81407979515914
1746576047662,64333621303,2.72668640360644,1.05722619176426,-2.90250074199867,-1.23304053015649,-1.51876583199191,0.150694379850265,3.48343455241411,1.81397434057193
1778279410039,65457955727,2.72859971639991,1.05882052528057,-2.92182867600059,-1.25204948488124,-1.52569269559172,0.144086495527632,3.5077760372078,1.83799684608846
1810558243027,66601977870,2.73637252800108,1.0662745609704,-2.92803851880308,-1.25794055177239,-1.54156621640141,0.128531750629278,3.52208658918971,1.85198862215903
1843422992409,67766011251,2.72164386809163,1.05122732825629,-2.93655139750626,-1.26613485767092,-1.54660744390276,0.123809095932587,3.5503693553037,1.87995281546836
1876884293576,68950409539,2.72170731911319,1.05097240932122,-2.93701091449475,-1.26627600470277,-1.54933157209598,0.121403337695998,3.5534895495075,1.88275463971553
1910952974970,70155526587,2.73418943450088,1.06313635734214,-2.94614078190352,-1.27508770474478,-1.54092389989819,0.130129177260552,3.5417296293017,1.87067655214296
1945640061589,71381753591,2.75628164439695,1.08491060220364,-2.9642434460111,-1.29287240381778,-1.52956917160191,0.141801870591405,3.52638535518781,1.8550143129945
1980956778550,72629439006,2.76048503699712,1.08879623184428,-2.94863492979493,-1.27694612464209,-1.5413129485969,0.130375856555944,3.51831722339557,1.84662841824273
2016914554730,73898997329,2.76383370990516,1.09182734361112,-2.9462109117012,-1.27420454540717,-1.54890387850173,0.1231024877923,3.52013546229864,1.84812909600461
2053525026457,75190756452,2.77185931659187,1.09953559071879,-2.9563042166119,-1.28398049073882,-1.55791303260776,0.114410693265323,3.53121231458499,1.85888858871191
2090800041279,76505126608,2.73573256039526,1.06309167624957,-2.91089757840382,-1.23825669425813,-1.58550636359723,0.0871345205484579,3.54952576360665,1.87688487946096
2128751661796,77842490672,2.75495891259925,1.08200107123217,-2.90533226220577,-1.2323744208387,-1.60261611219903,0.0703417291680462,3.54184384379187,1.86888600242479
2167392169568,79203278539,2.79681943489413,1.12354483710215,-2.92767762629956,-1.25440302850757,-1.62934379350918,0.0439308042828082,3.54905636690091,1.87578176910893
2206734069085,80587879961,2.77951481919445,1.10592366551977,-2.90364442160353,-1.23005326792885,-1.62956001760904,0.0440311360656414,3.54254400198988,1.8689528483152
2246790091813,81996742035,2.77101461369602,1.09710710442712,-2.91906785350875,-1.24516034423984,-1.60680370750197,0.0671038017669408,3.543711329301,1.8698038200321
2287573200318,83430268707,2.75357358390465,1.07934991907669,-2.91769257129636,-1.24346890646839,-1.5869089373009,0.0873147275270612,3.53988230669347,1.86565864186551
2329096592461,84888874992,2.75985308589588,1.08531346529121,-2.90803129969572,-1.23349167909104,-1.57110828810255,0.103431332502128,3.50814088390325,1.83360126329857
2371373705662,86373037724,2.75175529859553,1.07689992174417,-2.88757950220315,-1.2127241253518,-1.58078384460532,0.0940715322460364,3.50546243019926,1.8306070533479
2414418221257,87883203704,2.7629175693146,1.08774663549473,-2.86814496268926,-1.19297402886939,-1.6008429806825,0.0743279531373617,3.49492475611623,1.81975382229637
2458244068920,89419790629,2.77308611459739,1.09759982283583,-2.87825685700227,-1.20277056524071,-1.60429687859141,0.0711894131701518,3.49832200299716,1.82283571123559
2502865431175,90983285584,2.79863635571382,1.12283490478645,-2.88466077989142,-1.20885932896404,-1.61540709748806,0.060394353439317,3.49028590371017,1.8144844527828
2548296747979,92574169640,2.78855379238667,1.11243738081896,-2.85068904761283,-1.17457263604512,-1.62797251841403,0.0481438931536813,3.47896215558285,1.80284574401514
2594552721404,94192888452,2.78178815750289,1.10535698357036,-2.88677387210191,-1.21034269816939,-1.61187950169551,0.0645516722370154,3.50571959830995,1.82928842437742
2641648320386,95839956923,2.75286050139403,1.07611476312272,-2.9073439646163,-1.230598226345,-1.60237614861398,0.0743695896573227,3.54571399379347,1.86896825552216
2689598785575,97515889061,2.7899180186796,1.11285791384654,-2.92822772411455,-1.25116761928149,-1.60919853371161,0.0678615711214567,3.53636262108921,1.85930251625615
2738419634264,99221149545,2.79810185279348,1.12072757892715,-2.90205928400974,-1.22468501014341,-1.63924833599594,0.0381259378703869,3.53206014919851,1.85468587533218
2788126665413,100956296512,2.76664454530692,1.08895629968772,-2.88385264789395,-1.20616440227475,-1.61483020830201,0.062858037317183,3.52089269290445,1.84320444728526
2838735964759,102721798407,2.76380724691262,1.08580522657337,-2.89271780468698,-1.21471578434773,-1.60993092709396,0.0680710932452953,3.52769586691284,1.84969384657359
2890263910022,104518244359,2.77696335039218,1.09864775211854,-2.91623416160292,-1.23791856332928,-1.63168815840618,0.0466274398674615,3.55981335160322,1.88149775332959
2942727176209,106346139585,2.78042720940721,1.10179822973816,-2.88879190340231,-1.21016292373326,-1.62685552539187,0.05177345427717,3.52407460140239,1.84544562173335
2996142741004,108206044907,2.78368888919067,1.104746724419,-2.8859928548045,-1.20705069003283,-1.62714731521555,0.0517948495561211,3.51830566278659,1.83936349801491
3050527890267,110098530314,2.77339564840076,1.09414049457349,-2.88227175120846,-1.20301659738118,-1.62441243758076,0.0548427162465204,3.52214292241842,1.84288776859115
3105900223625,112024183136,2.78432111357688,1.10475316649573,-2.90349161322229,-1.22392366614114,-1.59263237120467,0.0869355758764756,3.50065725279273,1.82108930571159
3162277660168,113983535775,2.77197298081592,1.09209243603781,-2.90396187838633,-1.22408133360822,-1.59429370798171,0.0855868367963979,3.51513698761119,1.83525644283308
3219678444251,115977229036,2.7677016936068,1.08750874644427,-2.90638523121015,-1.22619228404763,-1.58011275119497,0.10008019596755,3.50765067079919,1.82745772363667
3278121151393,118005832119,2.77507641658303,1.09457126210471,-2.91233527261647,-1.23183011813815,-1.57163624861278,0.108868905865543,3.49774948658887,1.81724433211055
3337624694292,120069972084,2.75114406156354,1.07032689459459,-2.88876473161508,-1.20794756464614,-1.60056842523045,0.0802487417384965,3.52704347716644,1.8462263101975
3398208328943,122170254785,2.75850470951991,1.07737572464251,-2.88148001290392,-1.20035102802652,-1.60270057368325,0.0784284111941507,3.51453025909723,1.83340127421983
3459891660870,124307345476,2.76009433169384,1.07865372324761,-2.87998292272096,-1.19854231427473,-1.61517964189989,0.0662609665463421,3.52392261489877,1.84248200645254
3522694651473,126481875235,2.77214174281107,1.09038970489355,-2.86482209118549,-1.18307005326797,-1.61613066439168,0.0656213735258464,3.49766539479606,1.81591335687854
3586637624485,128694493409,2.77433859926532,1.09227532573239,-2.85970769112464,-1.17764441759171,-1.6210588835238,0.0610043900091255,3.49528235726757,1.81321908373464
3651741272548,130945853288,2.79110065687564,1.10872634134202,-2.88020924309967,-1.19783492756605,-1.6194705539092,0.0629037616244279,3.49743352207588,1.81505920654226
3718026663914,133236650804,2.7987004648021,1.11601530064174,-2.85058767040027,-1.16790250623991,-1.66499810438836,0.0176870597719987,3.5057396919874,1.82305452782704
3785515249259,135567584393,2.80253820310463,1.11954238345121,-2.86919793888228,-1.18620211922885,-1.66896689729765,0.0140289223557748,3.52448101510527,1.84148519545184
3854228868623,137939396910,2.80447863478912,1.12117235253646,-2.88578746799612,-1.20248118574347,-1.64458047601511,0.0387258062375484,3.51474369119387,1.83143740894122
3924189758485,140352742834,2.80802910917555,1.12441255697809,-2.9028366432176,-1.21922009102014,-1.63052548680571,0.0530910653917491,3.51418740279041,1.83057085059295
3995420558950,142808389869,2.78377972598537,1.09985309625859,-2.88569209960406,-1.20176546987728,-1.61820940641337,0.0657172233134036,3.50897616197472,1.82504953224794
4067944321083,145307004791,2.79438174219104,1.11014522711192,-2.88941900059581,-1.20518248551669,-1.60394329059636,0.0802932244827539,3.487834931002,1.80359841592288
4141784514364,147849442325,2.77978484411142,1.09523863561887,-2.89165485269041,-1.20710864419786,-1.60414890790707,0.0803973005854717,3.50487329848693,1.82032708999438
4216965034286,150436402135,2.78591518881149,1.1010594786068,-2.88905814159079,-1.2042024313861,-1.60528325280757,0.0795724573971235,3.49728058758774,1.81242487738305
4293510210083,153068718113,2.79191125120269,1.10674623074997,-2.89474376520957,-1.20957874475685,-1.59994310079492,0.0852219196578039,3.49162999680266,1.80646497634994
4371444812611,155747149018,2.78337453401764,1.09790039454425,-2.900278994377,-1.21480485490362,-1.59598650957923,0.0894876298941536,3.50174535199767,1.81627121252428
4450794062356,158472541052,2.75954358617309,1.07376051867011,-2.90155349540873,-1.21577042790575,-1.58980888940278,0.0959741781002117,3.52067318058107,1.83489011307808
4531583637601,161245632034,2.77377355928184,1.08768175450445,-2.89788205671357,-1.21179025193618,-1.59565402110456,0.0904377836728201,3.50861690047896,1.82252509570157
4613839682733,164067332973,2.77430709960754,1.08790674807553,-2.89287330119987,-1.20647294966786,-1.61104503800743,0.0753553135245739,3.51846562160063,1.83206527006862
4697588816706,166938515010,2.75786304398207,1.07115433598022,-2.89322159040603,-1.20651288240418,-1.60877508361591,0.0779336243859363,3.53298801198252,1.84627930398068
4782858141654,169859972756,2.78047272609547,1.093455851674,-2.89189418510068,-1.20487731067922,-1.60974205590901,0.0772748185124561,3.51001789688598,1.82300102246452
4869675251659,172832654392,2.78587751407758,1.0985526630526,-2.88915837951936,-1.20183352849438,-1.60755601510755,0.0797688359174344,3.49969126249198,1.812366411467
4958068241685,175857418195,2.75503536648466,1.06740272843857,-2.8881829715101,-1.20055033346402,-1.58810677469592,0.0995258633501734,3.51010876169312,1.82247612364703
5048065716667,178935200073,2.73198688481352,1.04404664909548,-2.87717836679076,-1.18923813107271,-1.57627921359381,0.111661022124239,3.51032507763011,1.82238484191207
5139696800772,182066929270,2.76178181808791,1.07353417381422,-2.86314058149583,-1.17489293722214,-1.58233997388743,0.105907670386261,3.47255311929621,1.78430547502252
5232991146815,185253536112,2.78087533009239,1.09232046614697,-2.88672419750947,-1.19816933356405,-1.5867848835187,0.101769980426709,3.48148813287844,1.79293326893303
5327978945866,188495991821,2.77389553189278,1.08503363692758,-2.89462161771371,-1.20575972274852,-1.58277362491935,0.106088270045838,3.49235409268294,1.80349219771775
5424690937011,191795233860,2.81426930939779,1.12510057183321,-2.91764165059431,-1.22847291302973,-1.59945592258009,0.089712814984481,3.49168264580658,1.802513908242
5523158417307,195152365228,2.77846955740824,1.08899416543357,-2.89913912859629,-1.20966373662161,-1.5828521065996,0.106623285375073,3.49237605978851,1.80290066781384
5623413251903,198568288816,2.76755633039284,1.07777447196664,-2.9081183556118,-1.21833649718561,-1.59282915000222,0.0969527084239772,3.52224555719295,1.83246369876675
5725487884358,202044138213,2.79175697590108,1.10166883875168,-2.92698682571063,-1.23689868856123,-1.59783235529903,0.0922557818503675,3.52191658708034,1.83182844993094
5829415347136,205580875890,2.83758658511215,1.14719235673801,-2.95351627530181,-1.26312204692767,-1.60387220970006,0.0865220186740858,3.50865628191968,1.81826205354554
5935229272297,209179642830,2.84356190491235,1.1528617725825,-2.95698192948475,-1.26628179715491,-1.62733106588712,0.0633690664427267,3.5296054725186,1.83890534018875
6042963902381,212841447205,2.85279535831069,1.16178950906517,-2.94016705130343,-1.24916120205792,-1.64297674849513,0.0480291007503848,3.51920282348874,1.82819697424323
6152654101490,216567491270,2.83613541678642,1.14482403743668,-2.93679894640809,-1.24548756705835,-1.62813730118796,0.0631740781617736,3.5176552128105,1.82634383346076
6264335366569,220358835593,2.8325924751116,1.14097575224092,-2.94010579129099,-1.24848906842031,-1.62591546689509,0.065701255975583,3.52228316510445,1.83066644223378
6378043838892,224216626051,2.81706836470403,1.12514648466794,-2.95103121610009,-1.25910933606401,-1.61523588449927,0.0766859955368131,3.5380531179253,1.84613123788922
6493816315762,228142093848,2.80017886622227,1.10795201514898,-2.94010957379942,-1.24788272272613,-1.61604363459628,0.0761832164770104,3.5448287242034,1.85260187313011
6611690262415,232136360035,2.79807013648679,1.10553850027757,-2.9634983802971,-1.27096674408788,-1.60009231351432,0.0924393226948914,3.55437493929639,1.86184330308718
6731703824145,236200642525,2.81288890881115,1.12005267314079,-2.94638158558519,-1.25354534991483,-1.62152479399811,0.0713114416722507,3.54387185280211,1.85103561713176
6853895838650,240336155554,2.80680686607957,1.11366621639677,-2.92774083151016,-1.23460018182736,-1.62922016793163,0.0639204817511683,3.53900851527578,1.84586786559298
6978305848599,244544161702,2.79562702900148,1.10218215052925,-2.92674610178801,-1.23330122331578,-1.61870760458987,0.0747372738823606,3.53868105940637,1.84523618093414
7104974114427,248826006170,2.80247762880754,1.10872870654363,-2.93961841758573,-1.24586949532183,-1.61323835758958,0.0805105646743258,3.53923352839774,1.84548460613384
7233941627367,253182915628,2.80812879832229,1.11407601703961,-2.9489036044979,-1.25485082321522,-1.58934966087691,0.104703120405772,3.51897884911159,1.82492606782891
7365250122712,257616141249,2.79692473451723,1.10256827876424,-2.96545911428984,-1.27110265853685,-1.59019138829899,0.104165067453999,3.54758015010157,1.85322369434858
7498942093325,262127157562,2.81026399129769,1.11560404539881,-2.97473627628642,-1.28007633038754,-1.58311998069985,0.11153996519903,3.53644664771855,1.84178670181967
7635060803383,266717249830,2.81210343161365,1.11714017966968,-3.00712291960372,-1.31215966765975,-1.56219340080861,0.132769851135358,3.54606727079954,1.85110401885557
7773650302388,271387870707,2.81173483890598,1.11646846479449,-2.98035875870846,-1.28509238459698,-1.5745701926935,0.120696181417983,3.53204849449685,1.83678212038537
7914755439411,276140381729,2.80788920971099,1.11231989708676,-2.99763864549459,-1.30206933287036,-1.54938743708772,0.146181875536517,3.52799125490128,1.83242194227705
8058421877615,280976205833,2.80990314879455,1.11403108108992,-2.98633967601927,-1.29046760831464,-1.56604610400973,0.129825963694902,3.53133701320621,1.83546494550158
8204696109025,285896812700,2.79008472358692,1.09391008401223,-2.95091308280826,-1.25473844323357,-1.56245410640258,0.133720533172098,3.51213684759568,1.815962208021
8353625469578,290903712248,2.79232201061677,1.09584498216078,-2.9507172893791,-1.25424026092311,-1.58346093058935,0.113016097866633,3.53071059141075,1.83423356295477
8505258154440,295998429508,2.80006188960397,1.10328265503422,-2.94182311999612,-1.24504388542636,-1.58634054719005,0.110438687379703,3.51695615961216,1.82017692504241
8659643233601,301182484452,2.78237722278573,1.08529596464895,-2.92481656323071,-1.22773530509393,-1.59528019442223,0.101801063714542,3.52657391678076,1.82949265864399
8816830667756,306457457933,2.76617449338664,1.06879139400919,-2.91826238622889,-1.22087928685144,-1.5821318810049,0.115251218372553,3.5230741557898,1.82569105641235
8976871324473,311824932623,2.73715902140248,1.03947426289069,-2.88971865459462,-1.19203389608283,-1.59242997181718,0.105254786694607,3.53384398698108,1.83615922846929
9139816994655,317286549079,2.77394862120855,1.07596238544915,-2.89741571957711,-1.19942948381772,-1.60156703798566,0.0964191977737316,3.5138885184133,1.8159022826539
9305720409297,322843975350,2.78491507310537,1.0866275417659,-2.8891383408918,-1.19085080955234,-1.5981088457047,0.100178685634763,3.49118649552111,1.79289896418164
9474635256554,328498856640,2.80032388059772,1.1017352351269,-2.91063929139636,-1.21205064592555,-1.61256753580528,0.0860211096655341,3.5117373286048,1.81314868313398
9646616199112,334252885762,2.77626354192034,1.07737396354848,-2.88126571528846,-1.1823761369166,-1.64570989410277,0.0531796842691008,3.53956644950085,1.84067687112899
9821718891880,340107843269,2.79116863748641,1.09197830722577,-2.88410613211454,-1.18491580185391,-1.64212635011063,0.057063980150003,3.52391822671052,1.82472789644989
10000000000000,346065536839,2.77844061711221,1.07894971575746,-2.86846149447956,-1.16897059312481,-1.63296412010095,0.0665267812537955,3.51183937949827,1.81234847814352
10181517217182,352127640224,2.77746754317195,1.07767625130051,-2.88805760521791,-1.18826631334647,-1.61673917880398,0.0830521130674595,3.5161836227926,1.81639233092115
10366329284377,358296160860,2.78423440328334,1.08414290125577,-2.88089099392528,-1.18079949189771,-1.6239724579209,0.0761190441066637,3.50948343047639,1.80939192844883
10554496008786,364572853213,2.73261210176861,1.03222056972904,-2.85522430142737,-1.1548327693878,-1.61280625101062,0.0875852810289415,3.52427283258294,1.82388130054337
10746078283213,370959666365,2.7560145696043,1.05532318748079,-2.88499192919699,-1.18430054707347,-1.62181626079837,0.0788751213251464,3.53964800239191,1.8389566202684
10941138105772,377458514975,2.78101815437549,1.0800271018804,-2.88325893282308,-1.182267880328,-1.65722541962168,0.0437656328734053,3.54832057998283,1.84732952748774
11139738599948,384071370705,2.75518547769752,1.05389493432795,-2.89897083229152,-1.19768028892196,-1.64570602349704,0.0555845198725284,3.57834576009191,1.87705521672234
11341944035028,390800251173,2.78160797781311,1.08001812285124,-2.92287938416121,-1.22128952919934,-1.65154529898427,0.0500445559775926,3.58167108742055,1.88008123245868
11547819846895,397647119429,2.77115185291041,1.06926286542391,-2.90187203147798,-1.19998304399149,-1.63180589748663,0.0700830899998643,3.55138045811327,1.84949147062678
11757432659207,404614130781,2.76329973089742,1.06111178973983,-2.91467718509375,-1.21248924393617,-1.61453341870219,0.0876545224553866,3.55476525489939,1.85257731374181
11970850304957,411703313972,2.76943503302755,1.06694831683867,-2.91865656696609,-1.21616985077721,-1.61352924178937,0.0889574743995141,3.55160515781608,1.8491184416272
12188141848423,418916961004,2.79778203830938,1.09499672551563,-2.91597833330161,-1.21319302050786,-1.6289089100901,0.0738764027036491,3.5359595871123,1.83317427431855
12409377607517,426257057172,2.79643685929477,1.09335312810959,-2.92191514349543,-1.21883141231024,-1.63105171310599,0.0720320180791936,3.54538437930751,1.84230064812232
12634629176545,433725947596,2.80468651390402,1.10130454232824,-2.90715716968407,-1.2037751981083,-1.63700676927692,0.0663752022988515,3.52833180711605,1.82494983554027
12863969449370,441325905516,2.78265456180088,1.07897452762314,-2.91729845580994,-1.2136184216322,-1.63616806900245,0.067511965175294,3.55966634498327,1.85598631080553
13097472643006,449059243413,2.77055314619793,1.06657522699499,-2.921934616199,-1.21795669699606,-1.62857196258847,0.0754059566144731,3.5688078145904,1.86482989538746
13335214321633,456928188674,2.76496271780343,1.06068709094061,-2.89143786218483,-1.18716223532201,-1.63663814260508,0.0676374842577421,3.55196766901645,1.84769204215363
13577271421052,464935316623,2.77836480399128,1.0737916466228,-2.91444943880197,-1.20987628143349,-1.63689387158956,0.0676792857789135,3.56183288840111,1.85725973103264
13823722273579,473082840010,2.78553203161573,1.08066152068511,-2.93257924355567,-1.22770873262505,-1.62509072438115,0.0797797865494634,3.56099231843837,1.85612180750775
14074646633398,481373323907,2.79273719829507,1.0875695105355,-2.94889769970905,-1.24373001194948,-1.64037694933359,0.064790738425986,3.58539183269022,1.88022414493065
14330125702370,489809304409,2.77752195869107,1.07205727062576,-2.92471443046816,-1.21924974240285,-1.63763121207012,0.0678334759951871,3.57367806590628,1.86821337784097
14590242156306,498393354478,2.79483423300553,1.08907272094813,-2.93895616137888,-1.23319464932148,-1.64629502297612,0.0594664890812817,3.57927133340854,1.87350982135114
14855080171728,507128046063,2.8067795697134,1.10072140976833,-2.936509049905,-1.23045088995993,-1.64914550510002,0.0569126548450469,3.56772936729249,1.86167120734742
15124725453106,516015946270,2.78592840919737,1.07957377726021,-2.92530041601276,-1.21894578407561,-1.64734534040326,0.0590092915338907,3.57557172921952,1.86921709728237
15399265260595,525059867820,2.78370918228757,1.07705825404545,-2.93433317891322,-1.2276822506711,-1.61544527288061,0.0912056553615144,3.55492365150712,1.848272723265
15678788438270,534262451520,2.76913577417145,1.06218872510338,-2.91388217901113,-1.20693512994306,-1.61263914383017,0.0943079052379043,3.54623993055429,1.83929288148622
15963385442879,543626497875,2.76512413553428,1.05788114091155,-2.93366141925799,-1.22641842463526,-1.60720679769292,0.100036196929804,3.56459846353391,1.85735546891118
16253148373119,553154942409,2.77510783990147,1.06756907478801,-2.92698225128697,-1.21944348617351,-1.61539184930734,0.0921469158061163,3.55612064269371,1.84858187758025
16548170999432,562850642510,2.77356835518731,1.06573399444005,-2.92535317083821,-1.21751881009095,-1.59815511561465,0.109679245132609,3.5387943132082,1.83095995246095
16848548794358,572716457400,2.79147452232428,1.08334474059354,-2.95371702610282,-1.24558724437209,-1.57679707009811,0.131332711632627,3.52789395587752,1.81976417414678
17154378963429,582755397862,2.79624483390944,1.08781980563927,-2.95756301371148,-1.24913798544131,-1.59785414650105,0.11057088176912,3.54802670830395,1.83960168003378
17465760476621,592970557398,2.8013582219719,1.09263812140045,-2.9508732695831,-1.24215316901165,-1.59395255200798,0.114767548563468,3.53232198162004,1.8236018810486
17782794100389,603365029986,2.8161531619262,1.1071381630861,-2.94655629771296,-1.23754129887287,-1.61695111688459,0.0920638819555004,3.53620863467222,1.82719363583213
18105582430271,613941940611,2.83195150230313,1.12264177902185,-2.93886838294566,-1.22955865966437,-1.6555517881061,0.0537579351751871,3.55132305069128,1.84201332741
18434229924091,624704469441,2.82857556635281,1.118971292253,-2.94545449130237,-1.23585021720256,-1.64882877847413,0.0607754956256896,3.55456208554097,1.84495781144115
18768842935762,635655856081,2.84146499150665,1.13156634000652,-2.94901555485558,-1.23911690335544,-1.66483858210267,0.0450600693974601,3.56124352751067,1.85134487601053
19109529749704,646799555641,2.81896786560537,1.10877500991905,-2.91870663955342,-1.2085137838671,-1.63698662357638,0.073206232109946,3.5255797796417,1.81538692395538
19456400615886,658138798145,2.83660718775354,1.12612030089144,-2.91721095744288,-1.20672407058078,-1.65317800384946,0.0573088830126383,3.52263615571428,1.81214926885218
19809567785503,669677103524,2.81000201159623,1.0992212663654,-2.90219022601377,-1.19140948078294,-1.66220437840093,0.0485763668298995,3.54324697481934,1.83246622958851
20169145547303,681417918342,2.81681117258267,1.10573674158716,-2.90961333143059,-1.19853890043508,-1.65854356181808,0.0525308691774351,3.54020010255044,1.82912567155493
20535250264571,693364935561,2.81246673892019,1.10109879456139,-2.90737364068627,-1.19600569632747,-1.66795843106229,0.0434095132965109,3.55171971488744,1.84035177052864
20908000412787,705521604347,2.84355288586812,1.13189160034514,-2.94385307934135,-1.23219179381837,-1.65258156129858,0.0590797242244026,3.54173613665625,1.83007485113328
21287516617964,717891693494,2.85434627742507,1.14239182273508,-2.91745567979524,-1.20550122510526,-1.67761248379247,0.034341970897509,3.52957626822172,1.81762181353174
21673921695684,730478942747,2.87044324399903,1.15819579193764,-2.93069924315205,-1.21845179109066,-1.6712896291865,0.0409578228748859,3.52040001039859,1.8081525583372
22067340690846,743287088342,2.85897036711685,1.14643008927843,-2.92288928525522,-1.2103490074168,-1.64382191328332,0.0687183645551086,3.49659521353897,1.78405493570054
22467900918126,756320144191,2.85622842621524,1.14339549399327,-2.92144333262695,-1.20861040040499,-1.64994513662532,0.0628877955966447,3.50401442497969,1.79118149275772
22875732003184,769582041963,2.86671408440452,1.153588668992,-2.92796242801705,-1.21483701260453,-1.63019233761588,0.0829330777966411,3.48029506317107,1.76716964775855
23290965924605,783076746274,2.86502647039015,1.15160874277988,-2.92986883519916,-1.21645110758889,-1.61237962002633,0.101038107583934,3.466076366778,1.75265863916773
23713737056617,796808377212,2.84172682021745,1.12801695120243,-2.94702158501605,-1.23331171600103,-1.59802955621853,0.115680312796479,3.492178703018,1.77846883400299
24144182212566,810781082389,2.84087303705746,1.12687119723123,-2.95796770456946,-1.24396586474323,-1.59138243697817,0.122619402848064,3.49733148666564,1.78332964683941
24582440689202,824999197473,2.82112844620133,1.1068348059583,-2.92966525780503,-1.215371617562,-1.62021266424563,0.0940809759974042,3.51760385779198,1.80331021754895
25028654311746,839466876497,2.84564162016613,1.13105634970194,-2.93601971183671,-1.22143444137252,-1.62387880386086,0.0907064666033277,3.50311127735768,1.78852600689349
25482967479793,854188591124,2.85245611192659,1.13757938123846,-2.93664287170395,-1.22176614101583,-1.64737967250403,0.0674970581840926,3.52042081434047,1.80554408365235
25945527214040,869168849342,2.82802513730712,1.11285711619422,-2.91766363428906,-1.20249561317615,-1.63062224147143,0.0845457796414786,3.50911512051243,1.79394709939953
26416483203861,884412018553,2.81697803159477,1.1015188896585,-2.90697808761615,-1.19151894567988,-1.63796222320525,0.0774969187310199,3.51681666122749,1.80135751929122
26895987855750,899922952386,2.79567552544177,1.07992543208617,-2.92658419616055,-1.21083410280495,-1.61661782610463,0.0991322672509638,3.53638087864965,1.82063078529406
27384196342644,915706247570,2.78458934387891,1.06854846831099,-2.94758172531147,-1.23154084974355,-1.59475583012681,0.121285045441104,3.54660259350203,1.83056171793411
27881266654131,931766644554,2.78667103307089,1.07033954430095,-2.93333456409164,-1.2170030753217,-1.62095874449005,0.0953727442798853,3.55647665751167,1.84014516874173
28387359647588,948109109075,2.81709040293936,1.10046846978135,-2.95602403668454,-1.23940210352653,-1.62140349746915,0.0952184356888619,3.54919151333161,1.8325695801736
28902639100225,964738535395,2.8211541060009,1.10424189707277,-2.96509163203882,-1.24817942311069,-1.62976478639757,0.0871474225305617,3.56255669437815,1.84564448545001
29427271762093,981660048146,2.79223019594792,1.07502787967193,-2.96654916525586,-1.24934684897987,-1.59274182288209,0.124460493393899,3.5559151743073,1.83871285803131
29961427410044,998878669819,2.80404654989252,1.08655429449562,-2.95113306090934,-1.23364080551244,-1.60558439046144,0.111907864935455,3.54152528353734,1.82403302814044
30505278902670,1016399717908,2.78640408284264,1.06862205635678,-2.93730016553309,-1.21951813904723,-1.6131518263137,0.104630200172159,3.5529022908886,1.83512026440274
31059002236247,1034228365446,2.76876982155954,1.05069819182204,-2.91333569720155,-1.19526406746404,-1.61538350803312,0.10268812170439,3.54880376555957,1.83073213582206
31622776601684,1052370166553,2.77212595462333,1.05376488927716,-2.9245827042032,-1.20622163885703,-1.62808509060415,0.0902759747420248,3.56939622224309,1.85103515689692
32196784442514,1070830671240,2.77105445129564,1.05240411778983,-2.92116222711047,-1.20251189360466,-1.63582731311908,0.0828230203867348,3.57478947087657,1.85613913737075
32781211513935,1089615330911,2.76891346008051,1.04997402567043,-2.93204732669983,-1.21310789228975,-1.63195758353686,0.0869818508732223,3.58394583209883,1.86500639768875
33376246942920,1108729905287,2.79449853114784,1.07527016289556,-2.94761855446268,-1.2283901862104,-1.6352845520596,0.0839438161926718,3.57725895754993,1.85803058929766
33982083289426,1128180200987,2.78959465550724,1.07007752028188,-2.97269799251808,-1.25318085729272,-1.61251137650106,0.107005758724299,3.58446909551276,1.8649519602874
34598916608699,1147972138480,2.78824287949828,1.06843714397631,-2.95817016449291,-1.23836442897094,-1.628734448459,0.0910712870629728,3.5875161155127,1.86771037999073
35226946514731,1168111671106,2.81426241248846,1.09416824315405,-2.94510846352205,-1.22501429418763,-1.63848096347647,0.0816132058579451,3.55818139651092,1.8380872271765
35866376244848,1188604963918,2.80453910550568,1.08415666865103,-2.94662275048904,-1.22624031363439,-1.63734434248181,0.0830380943728386,3.56828236946603,1.84789993261138
36517412725484,1209458299907,2.80013270751806,1.07946216924374,-2.95528174046194,-1.23461120218762,-1.6255866404972,0.0950838977771131,3.56959005550016,1.84891951722584
37180266639145,1230677945107,2.81542624550639,1.09446777172167,-2.98370804649312,-1.2627495727084,-1.60056008247193,0.120398391312792,3.55769626551773,1.83673779173301
37855152492586,1252270287433,2.80939755047439,1.08815130689755,-2.9751400774694,-1.25389383389257,-1.60929170547752,0.111954538099321,3.56388861453161,1.84264237095477
38542288686231,1274241854669,2.81641317647882,1.09487932863751,-2.9580842955038,-1.23655044766248,-1.62167173950002,0.0998621083412949,3.55219724052586,1.83066339268455
39241897584845,1296599482186,2.81063925754279,1.08881797077433,-2.96817318646936,-1.2463518997009,-1.6255489224568,0.0962723643116556,3.57193723355886,1.8501159467904
39954205589499,1319349801621,2.81041683244985,1.08830827190158,-2.9487575875246,-1.22664902697633,-1.64012579951668,0.0819827610315824,3.56732093647588,1.84521237592762
40679443210830,1342499808039,2.8056405215757,1.0832448522053,-2.94357198645594,-1.22117631708554,-1.61896156246075,0.103434106909639,3.54574740957469,1.82335174020429
41417845143644,1366056416815,2.81936822051648,1.0966856070923,-2.95215130748693,-1.22946869406275,-1.63356664753519,0.0891159658889897,3.5552041165065,1.83252150308232
42169650342858,1390027011336,2.82668511150405,1.10371571860542,-2.97636290045921,-1.25339350756058,-1.6189979405026,0.103971452396036,3.55753011151683,1.83456071861819
42935102100835,1414418623655,2.84359655051958,1.12034054253715,-2.98904270149069,-1.26578669350826,-1.59894809348043,0.124307914502003,3.53324862651061,1.80999261852818
43714448126111,1439238786801,2.82155974744819,1.09801728858425,-2.98767362855142,-1.26413116968748,-1.59940302453469,0.124139434329248,3.55437128746416,1.83082882860022
44507940623560,1464495014366,2.81941938947421,1.09559064374301,-2.98532091052039,-1.26149216478919,-1.61487596650841,0.10895277922279,3.56963186949724,1.84580312376605
45315836376008,1490194890360,2.80755894450704,1.08344407573513,-2.98049293953227,-1.25637807076036,-1.62595131149283,0.0981635572790829,3.58773968846072,1.86362481968881
46138396827332,1516346295992,2.81781163351843,1.09341080534496,-2.98319005849771,-1.25878923032424,-1.65691075450741,0.0674900736660629,3.61114356148755,1.88674273331408
46975888167065,1542957230128,2.82337748951977,1.09869086539682,-2.97658536653034,-1.25189874240739,-1.64517133048503,0.079515293637922,3.58723358949646,1.86254696537351
47828581416538,1570035769640,2.8415254324791,1.11655317567201,-2.97262563148979,-1.2476533746827,-1.66462661552941,0.0603456412776811,3.58458119648276,1.85960893967566
48696752516586,1597590147386,2.82697066449327,1.10171293808094,-2.96916549152229,-1.24390776510995,-1.64994594349992,0.0753117829124224,3.58099515247159,1.85573742605925
49580682416847,1625628527013,2.8395072495332,1.11396421640841,-2.96008975047152,-1.23454671734674,-1.67702545446809,0.0485175786566929,3.5864623375237,1.86091930439891
50480657166675,1654159632783,2.82927617250243,1.1034479953722,-2.97603747149697,-1.25020929436673,-1.64459069550503,0.0812374816252031,3.58020637650043,1.85437819937019
51396968007715,1683192085610,2.83492162445327,1.10880846583912,-2.96963655552827,-1.24352339691412,-1.65850461152149,0.0676085470926586,3.58207392448094,1.85596076586679
52329911468149,1712734632957,2.82508801447693,1.09869003671523,-2.95863420556998,-1.23223622780828,-1.63481329753995,0.0915846802217508,3.55721387045924,1.83081589269754
53279789458656,1742796375509,2.81229732953943,1.08561469478172,-2.95099209848559,-1.22430946372787,-1.64599304250441,0.0806895922533029,3.57354219350964,1.84685955875192
54246909370113,1773386250701,2.79688378446735,1.06991665468062,-2.93463400751352,-1.20766687772679,-1.65049998351606,0.0764671462706743,3.57710458850488,1.85013745871815
55231584173071,1804513736777,2.79739999352023,1.07014853048728,-2.94493546249578,-1.21768399946283,-1.6574894504738,0.0697620125591445,3.59387930150842,1.86662783847547
56234132519035,1836188237927,2.79232820152538,1.06479256684511,-2.94148070248775,-1.21394506780748,-1.6644583105226,0.0630773241576634,3.60246519348584,1.87492955880557
57254878843584,1868419358507,2.79128888051491,1.06346923560264,-2.94487205945188,-1.21705241453961,-1.63481438346207,0.093005261450201,3.57725194451632,1.84943229960405
58294153471361,1901216889801,2.80012206046376,1.07201856655153,-2.94201003952185,-1.21390654560962,-1.660942915536,0.0671605783762341,3.59168527647853,1.8635817825663
59352292722970,1934590928283,2.78307701944141,1.0546898375783,-2.93814245652175,-1.20975527465864,-1.63102442055242,0.0973627613106831,3.574944239459,1.8465570575959
60429639023813,1968551382642,2.80936914344784,1.0806984345003,-2.95864500058815,-1.22997429164061,-1.63667996053118,0.0919907484163549,3.57481019943953,1.84613949049199
61526541014904,2003108707015,2.79153548250906,1.06258140716119,-2.9522886214545,-1.22333454610663,-1.6288334694691,0.100120605878768,3.57844099053182,1.84948691518395
62643353665689,2038273377884,2.81110093940515,1.08186365815903,-2.92401018051896,-1.19477289927284,-1.65460581250954,0.0746314687365779,3.5563694355078,1.82713215426168
63780438388922,2074056076470,2.80574282549787,1.07622249867386,-2.91168144647963,-1.18216111965562,-1.65157088648994,0.0779494403340824,3.54636388958897,1.81684356276496
64938163157621,2110467651032,2.80653399648145,1.07673078421848,-2.92871359153651,-1.19891037927354,-1.6415683676023,0.08823484466066,3.5526023444254,1.82279913216243
66116902624148,2147519275578,2.82169944944326,1.0916135116992,-2.94829991855659,-1.21821398081252,-1.6388812426012,0.0912046951428609,3.55433609336615,1.82425015562208
67317038241450,2185222117394,2.80596572940703,1.07559722595893,-2.90432261454407,-1.17395411109596,-1.6549633985851,0.0754051048630107,3.54217466549017,1.81180616204206
68538958386501,2223587615510,2.82199933251832,1.09134842296273,-2.92027075949591,-1.18961984994032,-1.65864638343919,0.0720045261163955,3.54577219253406,1.81512128297847
69783058485987,2262627494214,2.83905940852128,1.1081262522746,-2.91088695148937,-1.17995379524269,-1.67136050353292,0.0595726527137588,3.53204242850188,1.8011092722552
71049741144268,2302353524086,2.83903293253388,1.10781768883261,-2.91036239545792,-1.17914715175665,-1.66398637543898,0.0672288682622926,3.5241702204803,1.79295497677903
72339416273667,2342777969763,2.83681654953398,1.10531937743505,-2.92094739049207,-1.18945021839314,-1.65899117849767,0.0725059936012595,3.53197640157305,1.80047922947412
73652501227123,2383912740151,2.84025609958917,1.10847715797024,-2.92131553241052,-1.18953659079159,-1.65023676049896,0.0815421811199717,3.520150575554,1.78837163393507
74989420933246,2425770710702,2.8239192974288,1.09185874498857,-2.89937189454213,-1.1673113421019,-1.64642604254186,0.0856345098983655,3.51073302142322,1.77867246898299
76350608033833,2468364544607,2.83798992948141,1.10564792473991,-2.92789235454984,-1.19555034980835,-1.66894764255267,0.0633943621888284,3.54770444950555,1.81536244476405
77736503023878,2511707134987,2.8534515905194,1.1208282918183,-2.93880137742963,-1.20617807872853,-1.67730449349619,0.0553188052048998,3.5515086625237,1.81888536382261
79147554394112,2555811585897,2.82451367250178,1.09160923800469,-2.93794884346426,-1.20504440896717,-1.67823547148146,0.0546689630156296,3.58052502456121,1.84762059006412
80584218776148,2600691470531,2.8285774034448,1.09539199113756,-2.93245582457166,-1.19927041226443,-1.66837432852481,0.0648110837824292,3.5611071314197,1.82792171911247
82046961090250,2646360285146,2.83093731757253,1.09747108526353,-2.91814603842795,-1.18467980611895,-1.67398757452611,0.0594786577828914,3.5500506774988,1.8165844451898
83536254695783,2692831912371,2.82952643150929,1.09577953682975,-2.90575615654234,-1.17200926186279,-1.67963441251777,0.0541124821617756,3.54471851955168,1.81097162487213
85052581544400,2740120503980,2.82918688445352,1.09515948485778,-2.91274211555719,-1.17871471596145,-1.68934927950613,0.0446781200896076,3.56175889249425,1.82773149289851
86596432336007,2788240635260,2.82762992149219,1.09332217425804,-2.93018169840798,-1.19587395117383,-1.66076112247538,0.0735466247587684,3.55216728150845,1.8178595342743
88168306677557,2837206686750,2.83707063447218,1.10248269670114,-2.92805284948554,-1.1934649117145,-1.66596644150559,0.0686214962654503,3.54580303851981,1.81121510074877
89768713244731,2887033637929,2.83479913650081,1.09993116511841,-2.93330611160491,-1.19843814022252,-1.67608349956572,0.0587844718166708,3.56344485643785,1.82857688505546
91398169946549,2937736691899,2.83505980344489,1.09991195520101,-2.94582822849043,-1.21068038024654,-1.6756677525118,0.059480095732084,3.57529055944178,1.8401427111979
93057204092970,2989331210974,2.84187412448227,1.10644655595137,-2.95406797144096,-1.21864040291006,-1.6639016114641,0.071525957066801,3.56494984054007,1.82952227200917
94746352565538,3041832888457,2.84004141855985,1.10433428614132,-2.96886456944048,-1.23315743702196,-1.65645000943914,0.0792571229793884,3.57412754255347,1.83842041013494
96466161991120,3095257569168,2.84250870242249,1.10652216234092,-2.97993878554553,-1.24395224546396,-1.65823274955619,0.0777537905253785,3.58451721444726,1.84853067436569
98217188918804,3149621718382,2.87310500151943,1.13683920982491,-2.98695297853556,-1.25068718684103,-1.67888553452212,0.0573802571724016,3.58158789353911,1.84532210184458
100000000000000,3204941750802,2.88624714745674,1.14970226002514,-2.99419126054272,-1.25764637311111,-1.69328963255975,0.0432552548718532,3.59008812741376,1.85354323998216
101815172171818,3261234506440,2.88554456050042,1.14872073303368,-2.98452634341083,-1.2477025159441,-1.6784625594737,0.058361267993035,3.56629872450139,1.82947489703466
103663292843770,3318517122720,2.89070888445713,1.15360627248359,-2.99160359951202,-1.25450098753848,-1.66795361961704,0.0691489923565025,3.55770271643996,1.82060010446642
105544960087860,3376806983283,2.88325745344628,1.14587621232092,-2.99594131449703,-1.25856007337167,-1.67445617855992,0.0629250625654372,3.57599442149512,1.83861318036977
107460782832132,3436122004826,2.86960455449298,1.13194483939774,-2.96595156542026,-1.22829185032501,-1.6889831374865,0.0486765776087392,3.57418453053106,1.83652481543581
109411381057719,3496479880155,2.83006925450172,1.09213122044577,-2.96243475750089,-1.22449672344494,-1.64718488149811,0.0907531525578431,3.56840476649813,1.83046673244218
111397385999480,3557899262954,2.82901695952751,1.09080076134756,-2.94911316852085,-1.2108969703409,-1.63904838054441,0.0991678176355428,3.54799897153862,1.80978277335867
113419440350276,3620398728967,2.81973244645633,1.08123823881689,-2.95370451349299,-1.21521030585356,-1.63193270144984,0.106561506189595,3.55475915048737,1.81626494284793
115478198468946,3683997357774,2.83705676044337,1.09828469783708,-2.97436912357807,-1.23559706097177,-1.63257959962357,0.106192462982729,3.55874634440988,1.81997428180359
117574326592071,3748714452447,2.8234692865517,1.08441952329955,-2.97529635345563,-1.23624659020349,-1.62133200548124,0.117717757770912,3.56201345450245,1.8229636912503
119708503049573,3814569556284,2.80486360553186,1.06553629578355,-2.95027319446672,-1.21094588471841,-1.62712309055496,0.112204219193351,3.56138706149068,1.82205975174237
121881418484229,3881582817267,2.81069961946923,1.0710949172034,-2.94819756445941,-1.20859286219358,-1.64678236446343,0.0928223378023942,3.57313469145447,1.83352998918864
124093776075172,3949774743961,2.81048478651792,1.07060284554246,-2.93892110139132,-1.19903916041586,-1.65721128147561,0.0826706594998428,3.5745019785827,1.83462003760725
126346291765447,4019166018263,2.81369730341248,1.07353827736482,-2.94888628856279,-1.20872726251513,-1.65716321254149,0.0829958135061692,3.58120657945983,1.84104755341217
128639694493697,4089777747337,2.8215054133907,1.08106945573806,-2.94822389865294,-1.20778794100031,-1.67125174263492,0.0691842150177124,3.58682460943237,1.84638865177973
130974726430059,4161631392696,2.81727341748774,1.07656068152746,-2.96411110647023,-1.22339837050994,-1.64720927446615,0.0935034614941339,3.5829013454495,1.84218860948922
133352143216332,4234748825938,2.82982116553467,1.08883180439444,-2.96083966642618,-1.21985030528595,-1.63041491841432,0.110574442725913,3.55028780153953,1.8092984403993
135772714210518,4309152350972,2.82527908147313,1.08401324811131,-2.96664373052772,-1.2253778971659,-1.64306234254036,0.0982034908214557,3.5732813734794,1.83201554011759
138237222735790,4384864493469,2.87121246149763,1.12967030870353,-3.00850741053,-1.2669652577359,-1.63792716653552,0.103614986258586,3.56407649745233,1.82253434465823
140746466333984,4461908561572,2.86822733341251,1.12640901380663,-2.98567893856671,-1.24386061896083,-1.64806856657378,0.0937497530320923,3.55437455349602,1.81255623389014
143301257023696,4540307528279,2.86914876650553,1.1270544325399,-3.00131150544621,-1.25921717148058,-1.66788501339033,0.0742093205752992,3.58890213456471,1.84680780059907
145902421563056,4620085497537,2.84972737147473,1.10735717543313,-3.0190942925401,-1.27672409649851,-1.63983164052479,0.102538555516805,3.59805294347461,1.85568274743302
148550801717278,4701266803957,2.85743434552569,1.11478843952398,-3.02179462253116,-1.27914871652945,-1.6287495305296,0.113896375472107,3.58196418953594,1.83931828353423
151247254531062,4783876276998,2.85352315357886,1.11060168956522,-3.03440195450094,-1.29148049048729,-1.60370029846672,0.139221165546925,3.57343348150607,1.83051201749243
153992652605949,4867939006224,2.84220139845274,1.09900452820796,-3.02159787749406,-1.27840100724927,-1.60818263748661,0.135014232758182,3.57643349852879,1.833236628284
156787884382697,4953480517147,2.85019953048322,1.10672740562097,-3.02568647346925,-1.282214348607,-1.61744031356648,0.126031811295779,3.58178163843695,1.8383095135747
159633854428794,5040526673811,2.81633607554249,1.07258884750961,-2.9990712084109,-1.25532398037801,-1.61735519242939,0.126392035603495,3.58894470753148,1.8451974794986
162531483731186,5129104116860,2.83135545963887,1.08733327971564,-2.9972607283853,-1.25323854846207,-1.61818201234564,0.125840167577589,3.57294166367501,1.82891948375178
165481709994318,5219239996895,2.83085869345814,1.08656171275855,-2.98694018251263,-1.24264320181304,-1.63065159856342,0.113645382136172,3.57558746950235,1.83129048880276
168485487943584,5310961585577,2.85859193757642,1.11402030704845,-3.00667827448342,-1.26210664395545,-1.62700662249699,0.117565008030981,3.56394734152127,1.8193757109933
171543789634288,5404296555932,2.86360285861883,1.11875672904471,-2.99135634547565,-1.24651021590153,-1.63031520543154,0.114530924142578,3.54692307452206,1.80207694494793
174657604766212,5499273883761,2.86134429753292,1.11622381952942,-2.97835450654384,-1.23323402854034,-1.64173221448436,0.103388263519137,3.54759680549614,1.80247632749264
177827941003892,5595921989102,2.87028238654602,1.12488771056472,-2.96880581742153,-1.22341114144022,-1.64996802143287,0.0954266545484386,3.53734583454207,1.79195115856076
181055824302712,5694270455642,2.86240676254965,1.11673803887719,-2.96188544144388,-1.21621671777142,-1.65675161744002,0.0889171062324428,3.54508467856795,1.79941595489548
184342299240911,5794349324839,2.84306034853216,1.09711772729054,-2.94832974346355,-1.20238712222192,-1.66420477547217,0.0817378457694546,3.55832855252083,1.81238593127921
187688429357622,5896188990400,2.85248405253515,1.10626768368197,-2.92789336747956,-1.18167699862638,-1.68725525541231,0.0589611134408623,3.55151895259041,1.80530258373724
191095297497044,5999820404449,2.84046621853486,1.09397625186364,-2.93705486145336,-1.19056489478214,-1.65718629746698,0.0893036692042386,3.54262932250276,1.79613935583155
194564006158864,6105275375019,2.83185345551465,1.08509004065504,-2.94202855252661,-1.19526513766701,-1.66502165654674,0.0817417583128606,3.56405113544315,1.81728772058355
198095677855034,6212585767784,2.82909370656125,1.08205699297935,-2.95351874548942,-1.20648203190752,-1.67204075749032,0.0749959560915807,3.58532017853577,1.83828346495386
201691455473033,6321784307958,2.8163781624753,1.06906829947388,-2.95440084557049,-1.20709098256906,-1.67328992951661,0.0740199334848113,3.60016699449625,1.85285713149482
205352502645715,6432904362865,2.82067315047607,1.07309028719486,-2.95429134147707,-1.20670847819587,-1.65723606548272,0.0903467977984864,3.57970863848459,1.83212577520338
209080004127872,6545979512109,2.81615715951193,1.06830144492791,-2.97143464849796,-1.22357893391394,-1.65132145653479,0.0965342580492339,3.59545332752168,1.84759761293766
212875166179637,6661044599430,2.8191054785857,1.07097706151332,-2.97901741741225,-1.23088900033988,-1.63601708132774,0.112111335744638,3.58478340262081,1.83665498554844
216739216956842,6778134448680,2.82441997155547,1.07601900064697,-2.96343428851105,-1.21503331760255,-1.65165638842154,0.0967445824869617,3.5795250874944,1.8311241165859
220673406908459,6897284640719,2.83520987257361,1.08653649631923,-2.95550758740865,-1.20683421115426,-1.66569825948682,0.0829751167675703,3.57485035655554,1.82617698030116
224679009181264,7018531663255,2.81790756550618,1.06896193223444,-2.94096108258236,-1.19201544931063,-1.66655800654553,0.0823876267262034,3.57846590550616,1.82952027223443
228757320031840,7141912341968,2.84040606964845,1.09118832752647,-2.94941184238996,-1.20019410026798,-1.66622397839092,0.0829937637310683,3.56408413359895,1.81486639147697
232909659246055,7267463955932,2.83852114656474,1.08903144359841,-2.95309149345849,-1.20360179049216,-1.67644471745007,0.0730449855162625,3.5798694465775,1.83037974361117
237137370566166,7395225497741,2.82339253649116,1.07363102052547,-2.94136027945206,-1.19159876348637,-1.6742588954512,0.075502620514482,3.58108102052938,1.8313195045637
241441822125664,7525235322085,2.81265492143575,1.06262174015504,-2.95210306660738,-1.20206988532667,-1.66577907057945,0.0842541107012613,3.59408159740269,1.84404841612198
245824406892020,7657533051369,2.8056611395441,1.0553564404723,-2.96911467250902,-1.21880997343723,-1.66914815653581,0.0811565425359837,3.6214560715016,1.8711513724298
250286543117461,7792159155244,2.79305439046584,1.04247832096676,-2.95692050154321,-1.20634443204413,-1.67884977755602,0.0717262919430564,3.63157027051784,1.88099420101876
254829674797935,7929154685268,2.82733314053621,1.07648584781377,-2.97436195949558,-1.22351466677314,-1.71953166346066,0.031315629261782,3.65541486453731,1.90456757181487
259455272140402,8068561030949,2.80035439843778,1.04923602953629,-2.97669343347661,-1.22557506457513,-1.68206187756732,0.069056491334162,3.64725529449061,1.89613692558912
264164832038609,8210421179092,2.81116227956954,1.05977298137398,-2.96104406041559,-1.20965476222002,-1.68144892842975,0.069940369765823,3.6201850916259,1.86879579343033
268959878557504,8354777956873,2.8189533483237,1.06729326755991,-2.96847714763135,-1.21681706686756,-1.67073829961009,0.0809217811536962,3.60911648045294,1.85745639968915
273841963426436,8501675640549,2.81161085143685,1.05968013467187,-2.95764096849598,-1.205710251731,-1.6906434125267,0.0612873042382871,3.62552791135386,1.87359719458887
278812666541313,8651158663707,2.82240820350125,1.07020699714352,-2.9748054605443,-1.22260425418657,-1.69793936051428,0.0542618458434485,3.6391909995582,1.88698979320046
283873596475876,8803272991947,2.82586661051027,1.07339506080992,-2.9709622815717,-1.21849073187135,-1.69833049364388,0.0541410560564748,3.63228054647334,1.87980899677298
289026391002245,8958064699587,2.83014169544913,1.07739994849821,-2.98248000862077,-1.22973826166985,-1.68308008858003,0.0696616583708909,3.6242727835197,1.87153103656878
294272717620928,9115581076745,2.85310992249288,1.10009812422564,-2.99004074558616,-1.23702894731893,-1.69769264152274,0.0553191567444964,3.62347784661688,1.87046604834965
299614274100436,9275870117908,2.84761504037306,1.09433333656621,-2.98657222348265,-1.2332905196758,-1.69373717159033,0.0595445322165209,3.62154873646796,1.86826703266111
305052789026703,9438980482792,2.85047689755447,1.0969254338274,-2.98232276225463,-1.22877129852756,-1.71528041432612,0.038271049400953,3.63598066172563,1.88242919799856
310590022362471,9604961962025,2.84068719437346,1.08686611618852,-2.96843403368257,-1.21461295549763,-1.71427177358419,0.03954930460075,3.6308729944285,1.87705191624356
316227766016838,9773865306521,2.85872194846161,1.10463140112436,-2.98526575160213,-1.23117520426489,-1.71073877974413,0.043351767593109,3.62613696441986,1.87204641708261
321967844425138,9945742138865,2.87361258873716,1.11925271739664,-2.98464158340357,-1.23028171206305,-1.70942449546419,0.0449353758763313,3.60930787259713,1.85494800125661
327812115139346,10120644193844,2.85564742353745,1.10101837318639,-2.95953012444079,-1.20490107408973,-1.6866885884665,0.067940461884566,3.5794256713707,1.82479662101964
333762469429204,10298625395623,2.86035008961335,1.10545200508846,-2.97050194256008,-1.21560385803519,-1.69417701452039,0.0607210700044996,3.59318324946798,1.83828516494309
339820832894256,10479739800382,2.87685919669457,1.12169222267677,-2.97518625529483,-1.22001928127704,-1.68683245941065,0.0683345146071404,3.57401390071027,1.81884692669248
345989166086993,10664042676177,2.89159838645719,1.1361626674719,-2.99222894548438,-1.23679322649909,-1.65807230956852,0.0973634094167704,3.54755725059658,1.79212153161129
352269465147310,10851590026570,2.87407045136206,1.11836613177938,-2.98191445646808,-1.2262101368854,-1.65950004453771,0.0962042750449672,3.55619843141176,1.80049411182908
358663762448477,11042439237243,2.87971819425002,1.12374541828505,-2.98955190158449,-1.23357912561953,-1.66298039373942,0.0929923822255463,3.56166848237626,1.8056957064113
365174127254838,11236648683811,2.88457264541648,1.12833155712955,-3.01314125861973,-1.25690017033279,-1.66179218655452,0.0944489017324164,3.57921518129297,1.82297409300603
371802666391447,11434277105534,2.8666425794363,1.11013332273317,-2.98564088856801,-1.22913163186489,-1.6599268366117,0.0965824200914243,3.56777952751145,1.81127027080832
378551524925863,11635384937881,2.8591659385711,1.10238865720328,-2.98929874133319,-1.23252145996537,-1.65533081744798,0.101446463919839,3.57431800267659,1.81754072130878
385422886862311,11840033683758,2.84266403061338,1.08561886817835,-2.97090518148616,-1.21386001905113,-1.63723712530918,0.119808037125847,3.55433265864849,1.79728749621346
392418975848454,12048285422981,2.84199706255458,1.08468416249602,-2.9884954856243,-1.23118258556574,-1.64412984950468,0.113183050553884,3.57948265457526,1.8221697545167
399542055894989,12260203791178,2.86535827443004,1.10777778003809,-2.98440384166315,-1.2268233472712,-1.65302428556606,0.104556208825889,3.56092423433438,1.80334373994243
406794432108305,12475853405025,2.86752048367634,1.10967253808786,-2.94006518437527,-1.18221723878679,-1.68304390832782,0.0748040372606675,3.5444429917261,1.78659504613761
414178451436441,12695300041395,2.84894875157624,1.09083349777503,-2.95723142824136,-1.19911617444014,-1.67680174042471,0.0813135133765066,3.57393879955634,1.81582354575513
421696503428582,12918610636569,2.85381758050062,1.09543516131768,-2.97046249941923,-1.21208008023629,-1.67962155560963,0.0787608635733095,3.5851208565291,1.82673843734616
429351021008348,13145853436643,2.84807869745418,1.08942925556797,-2.97969588264823,-1.22104644076202,-1.65853017452173,0.100119267364484,3.57900174148381,1.82035229959759
437144481261109,13377097511911,2.87281465157866,1.11389832951531,-2.9769000923261,-1.21798377026275,-1.67561152833514,0.0833047937282139,3.5685513515491,1.80963502948575
445079406235600,13612413424017,2.88219261053018,1.12300955066376,-2.98964392556809,-1.23046086570166,-1.67032848950475,0.0888545703616703,3.56663418631069,1.80745112644427
453158363760082,13851872990380,2.87669135653414,1.11724170108688,-2.9863323434256,-1.22688268797835,-1.658266735496,0.101182919951255,3.55676210462116,1.7973124491739
461383968273321,14095549187273,2.85555458138697,1.09583847242954,-2.97342736669816,-1.21371125774074,-1.64282268262468,0.116893426332741,3.54954984947108,1.78983374051365
469758881670649,14343516402402,2.86880384152755,1.10882142097928,-2.95944773452356,-1.19946531397529,-1.67447727848776,0.0855051420605166,3.55397555348463,1.79399313293636
478285814165379,14595850038290,2.87244082638063,1.11219223600972,-2.98020470142365,-1.21995611105274,-1.67543721362017,0.084811376750731,3.57205547043122,1.81180688006032
486967525165863,14852627465838,2.88189898733981,1.12138436876364,-2.97923469659872,-1.21872007802256,-1.69902723259293,0.0614873859832414,3.58521732338704,1.82470270481087
495806824168466,15113927133207,2.86751975840889,1.1067392530942,-2.96414186153561,-1.20336135622092,-1.69239595765248,0.0683845476622051,3.5778724423144,1.81709193699972
504806571666747,15379828112973,2.87705824151635,1.11601199077952,-2.96410063048825,-1.20305437975141,-1.70467057055794,0.0563756801788948,3.5805673415307,1.81952109079386
513969680077151,15650412007570,2.86105536250398,1.09974350751123,-2.97558666532859,-1.21427481033585,-1.68260432151146,0.0787075334812832,3.58599000656977,1.82467815157703
523299114681495,15925760983141,2.84807649138384,1.08649917315151,-2.95484490855597,-1.19326759032365,-1.68507274053991,0.0765045776924151,3.58069553924724,1.81911822101492
532797894586564,16205959381065,2.84444493032061,1.08260228971538,-2.93656940176152,-1.17472676115629,-1.69654993363656,0.065292706968664,3.57752878637984,1.81568614577462
542469093701133,16491092532372,2.8631752487272,1.10106742646633,-2.94584169541486,-1.18373387315399,-1.69482179521583,0.0672860270450406,3.56634262460284,1.80423480234197
552315841730710,16781247544091,2.85585538041778,1.09348251706933,-2.94688783562742,-1.18451497227898,-1.68261117162183,0.0797616917266151,3.56249800836667,1.80012514501823
562341325190349,17076512571495,2.86463214736432,1.10199438334743,-2.95702218078077,-1.19438441676388,-1.69408110063523,0.0685566633816619,3.57532551535405,1.81268775133716
572548788435838,17376978215911,2.84440919058397,1.08150666616905,-2.9401716333814,-1.17726910896647,-1.6862931533251,0.0766093710898283,3.57090997858904,1.80800745417412
582941534713607,17682735859633,2.87845392548479,1.11528678079378,-2.99049833440222,-1.22733118971121,-1.67022335040383,0.0929437942871829,3.57112214155495,1.80795499686394
593522927229699,17993879244688,2.87406489532441,1.11063327033101,-2.98672167654149,-1.22329005154809,-1.68235260853544,0.0810790164579593,3.58386377152056,1.82043214652716
604296390238133,18310502763805,2.87565268133767,1.11195671586759,-3.00001574680209,-1.23631978133201,-1.67702140682377,0.0866745586463118,3.59023885335773,1.82654288788765
615265410149037,18632702921112,2.87418763735332,1.11022747108449,-3.01666266657412,-1.25270250030529,-1.68060761853121,0.0833525477376185,3.61193702928722,1.84797686301839
626433536656886,18960578450279,2.86735010752454,1.10312587998736,-3.0010426484514,-1.23681842091422,-1.67942968453281,0.0847945430043748,3.60197660746053,1.83775237992335
637804383889218,19294228972656,2.88314760872163,1.1186594592992,-3.02221264340915,-1.25772449398672,-1.6755461753346,0.0889419740878301,3.60346559272148,1.83897744329904
649381631576211,19633756840400,2.88909363653511,1.12434170446346,-3.01685063145123,-1.25209869937958,-1.68883754336275,0.0759143887089013,3.60544892051257,1.84069698844092
661169026241482,19979265434378,2.89850610331632,1.13349052768465,-3.01041874056682,-1.24540316493514,-1.68691393267363,0.0781016429580434,3.58768095145933,1.82266537582766
673170382414498,20330860197416,2.88359919353388,1.11832011328478,-3.00151168648154,-1.23623260623243,-1.67094212630764,0.0943369539414693,3.57770900148898,1.81242992123988
685389583865008,20688648886773,2.86857339739799,1.10303095132768,-3.01961036655121,-1.25406792048089,-1.66859851870686,0.096943927363454,3.60848986939527,1.84294742332496
697830584859866,21052739643194,2.86747540766373,1.1016697344223,-3.02897699247114,-1.26317131922971,-1.66392970830202,0.101875964939414,3.61428567557596,1.84848000233452
710497411442679,21423244269166,2.86054052156396,1.09447175965558,-3.03132882644422,-1.26526006453584,-1.65533619443886,0.110732567469524,3.61497888155282,1.84891011964443
723394162736675,21800276146253,2.84827031055465,1.08193859833782,-3.03379394928925,-1.26746223707241,-1.65463296929374,0.111698742923094,3.62901099072769,1.86267927851086
736525012271228,22183950186614,2.86849478445947,1.10190026014723,-3.02897001150995,-1.26237548719771,-1.66027924767695,0.10631527663529,3.60960885649547,1.84301433218323
749894209332456,22574383131781,2.88540806947276,1.11855087113294,-3.01863452652469,-1.25177732818487,-1.69369607861154,0.0731611197282869,3.6157769174315,1.84891971909168
763506080338335,22971694145034,2.87569459946826,1.10857486502369,-3.01951120444573,-1.25239147000116,-1.68838832853362,0.0787314059109503,3.62105931551196,1.85393958106739
777365030238776,23376004855255,2.84579633455724,1.07841420178599,-3.01209506136365,-1.24471292859241,-1.67018336942419,0.0971987633470488,3.62533647846431,1.85795434569306
791475543941116,23787438559267,2.84611591044813,1.07847151698376,-3.02208220539615,-1.25443781193177,-1.66229644557461,0.105347947889767,3.62711712252349,1.85947272905911
805842187761482,24206121163361,2.84518057084642,1.07727405417814,-3.04408042132854,-1.27617390466026,-1.65332721732557,0.114579299342717,3.64108145073988,1.87317493407159
820469610902499,24632179802435,2.84754195273854,1.0793734502115,-3.04003386734985,-1.27186536482281,-1.65988279134035,0.108285711186692,3.64122908865102,1.87306058612397
835362546957826,25065745385449,2.86444517457858,1.09601482339407,-3.03098051762208,-1.26255016643758,-1.65640986547805,0.112020485706454,3.61179959052242,1.84336923933792
850525815443996,25506949631706,2.86232531140558,1.09363324862128,-3.01691497256979,-1.24822290978549,-1.65420353645459,0.114488526329718,3.59764757938683,1.82895551660252
865964323360065,25955927234388,2.845022252528,1.07606861505815,-2.99389390763827,-1.22494027016842,-1.66041296743788,0.108540670031964,3.59813900454901,1.82918536707917
881683066775571,26412816024032,2.83466268447228,1.06544760908798,-2.97971200360917,-1.21049692822487,-1.67061888752505,0.0985961878592438,3.60452258842997,1.83530751304568
897687132447314,26877754743765,2.83275391161442,1.0632775349438,-2.98066274030134,-1.21118636363072,-1.67451804829761,0.0949583283730051,3.61128125968389,1.84180488301327
913981699465491,27350885895361,2.85136418440379,1.08162664293225,-2.98702001548372,-1.21728247401218,-1.68460567947477,0.0851318619967716,3.60911589255556,1.83937835108402
930572040929699,27832353418219,2.85884593846276,1.08884736853319,-3.00240987353027,-1.2324113036007,-1.6838765933644,0.0861219765651697,3.61629491043277,1.8462963405032
947463525655375,28322305012390,2.85048146732152,1.08022200513452,-2.99994712858461,-1.22968766639762,-1.69333541276865,0.0769240494183445,3.63165545533411,1.86139599314712
964661619911199,28820889513006,2.87734267441556,1.1068224560297,-2.99204152170569,-1.22152130331983,-1.7033470175229,0.0671732008629597,3.60690024634823,1.83638002796237
982171889188038,29328260071951,2.85615135449916,1.08537051583114,-2.99510924564674,-1.22432840697873,-1.69173241360113,0.079048425066889,3.61954468651675,1.84876384784873
1000000000000000,29844570422669,2.86606212565675,1.09502080248167,-2.99232723447494,-1.22128591129986,-1.70373790641315,0.0673034167619302,3.61885739769787,1.84781607452278
