x,pi_x,lhs_sigma1,data_constant_sigma1,lhs_sigma_minus1,data_constant_sigma_minus1
100,25,1.40980104937525,0.646211236471297,0.00441251299784784,0.768002325901798
102,26,1.31029733035425,0.544562083985096,0.103916232018847,0.869651478387999
104,27,1.40883025817068,0.641000141553165,0.00538330420241673,0.77321342081993
106,27,1.40883025817068,0.638953668682893,0.00538330420241673,0.775259893690202
107,28,1.50550390707524,0.734621589861183,-0.0912903447021494,0.679591972511912
109,29,1.40972127855313,0.636861310503248,0.00449228381996569,0.777352251869847
111,29,1.40972127855313,0.634927199498547,0.00449228381996569,0.779286362874549
113,30,1.31564919171477,0.538962795838388,0.0985643706583257,0.875250766534707
115,30,1.31564919171477,0.537110627646117,0.0985643706583257,0.877102934726978
118,30,1.31564919171477,0.534404280843337,0.0985643706583257,0.879809281529758
120,30,1.31564919171477,0.532645876834763,0.0985643706583257,0.881567685538332
122,30,1.31564919171477,0.530922549276263,0.0985643706583257,0.883291013096832
124,30,1.31564919171477,0.529233020486277,0.0985643706583257,0.884980541886818
126,30,1.31564919171477,0.527576079480852,0.0985643706583257,0.886637482892243
129,31,1.40438484265638,0.613884924035469,0.00982871971671373,0.800328638337626
131,32,1.49175524832248,0.699674958230115,-0.0775416859493891,0.71453860414298
133,32,1.49175524832248,0.69812339967121,-0.0775416859493891,0.716090162701885
136,32,1.49175524832248,0.695847995521801,-0.0775416859493891,0.718365566851295
138,33,1.40631948255081,0.608928597048923,0.00789407982228663,0.805284965324172
141,34,1.49113837551881,0.691569866520261,-0.0769248131457103,0.722643695852834
143,34,1.49113837551881,0.690148830265934,-0.0769248131457103,0.724064732107162
146,34,1.49113837551881,0.68806145044806,-0.0769248131457103,0.726152111925035
149,35,1.4092151834669,0.604101752306717,0.00499837890619381,0.810111810066378
151,36,1.49059402934402,0.684150068511348,-0.0763804669709223,0.730063493861747
154,36,1.49059402934402,0.682193400926463,-0.0763804669709223,0.732020161446632
157,37,1.41078534089726,0.600473204783779,0.00342822147583965,0.813740357589316
160,37,1.41078534089726,0.598604954072998,0.00342822147583965,0.815608608300097
163,38,1.48911138589605,0.675104217181441,-0.0748978235229563,0.739109345191654
165,38,1.48911138589605,0.673908565929273,-0.0748978235229563,0.740304996443823
168,39,1.56649370914946,0.749529532034967,-0.152280146776369,0.664684030338128
172,39,1.56649370914946,0.747238665681985,-0.152280146776369,0.66697489669111
175,40,1.49046511702249,0.669533285050439,-0.0762515546493994,0.744680277322656
178,40,1.49046511702249,0.667890461154054,-0.0762515546493994,0.746323101219041
181,42,1.49087921167297,0.666694435992685,-0.0766656492998763,0.747519126380411
184,42,1.49087921167297,0.665115826870066,-0.0766656492998763,0.749097735503029
188,42,1.49087921167297,0.663058085187505,-0.0766656492998763,0.75115547718559
191,43,1.56323667220221,0.733906163809689,-0.149023109829118,0.680307398563407
195,44,1.49125509712734,0.659955408711349,-0.0770415347542495,0.754258153661746
198,45,1.42000804713943,0.5872627477603,-0.00579448476633937,0.826950814612795
202,46,1.49089616764027,0.656263393631827,-0.0766826052671734,0.757950168741268
205,46,1.49089616764027,0.654876703185476,-0.0766826052671734,0.75933685918762
209,46,1.49089616764027,0.653064825991996,-0.0766826052671734,0.761148736381099
213,47,1.55973900672242,0.720136495862073,-0.145525444349324,0.694077066511022
217,47,1.55973900672242,0.718404359360365,-0.145525444349324,0.69580920301273
221,47,1.55973900672242,0.716709679114602,-0.145525444349324,0.697503883258493
225,48,1.62670395974066,0.782015922984992,-0.212490397367566,0.632197639388104
229,50,1.62699443085515,0.780682255363836,-0.212780868482055,0.63353130700926
233,51,1.56148225264711,0.713579186415606,-0.147268690274013,0.700634375957489
237,51,1.56148225264711,0.712020293874231,-0.147268690274013,0.702193268498864
241,53,1.56175121274234,0.710761177297925,-0.147537650369245,0.70345238507517
246,53,1.56175121274234,0.708892716306293,-0.147537650369245,0.705320846066802
250,53,1.56175121274234,0.707429970589342,-0.147537650369245,0.706783591783753
255,54,1.62487065305212,0.768759377303598,-0.210657090679025,0.645454185069497
259,55,1.56249236689694,0.704978640412119,-0.148278804523845,0.709234921960976
264,56,1.62415500849476,0.764923735708079,-0.209941446121665,0.649289826665016
269,57,1.56318393240979,0.702273054900744,-0.148970370036696,0.711940507472351
274,58,1.62392960633287,0.761375526903864,-0.209716043959775,0.652838035469231
279,59,1.56384542952026,0.699683101745508,-0.149631867147164,0.714530460627587
284,61,1.56363426072085,0.697897271766803,-0.149420698347751,0.716316290606292
289,61,1.56363426072085,0.696354908053483,-0.149420698347751,0.717858654319612
294,62,1.50521363693715,0.636422999465438,-0.0910000745640522,0.777790562907657
300,62,1.50521363693715,0.634648863534344,-0.0910000745640522,0.779564698838752
305,62,1.50521363693715,0.633201981784055,-0.0910000745640522,0.78101158058904
311,64,1.61899144920306,0.745279883371511,-0.204777886829962,0.668933679001584
316,65,1.56246810730863,0.687369106140917,-0.148254544935539,0.726844456232179
322,66,1.50630251167846,0.629572212207757,-0.0920889493053663,0.784641350165339
328,66,1.50630251167846,0.627976191068468,-0.0920889493053663,0.786237371304627
334,67,1.56126748267139,0.681379014713253,-0.147053920298298,0.732834547659842
340,68,1.50679401160111,0.625375946904149,-0.0925804492280133,0.788837615468946
346,68,1.50679401160111,0.623877651863126,-0.0925804492280133,0.79033591050997
352,70,1.50694805155339,0.622563518442769,-0.0927344891802964,0.791650043930326
359,72,1.50650140340908,0.620440586211153,-0.0922878410359873,0.793772976161942
365,72,1.50650140340908,0.619033926877858,-0.0922878410359873,0.795179635495237
372,73,1.55870097850627,0.669626187257706,-0.144487416133175,0.744587375115389
379,75,1.55828949089217,0.667642357372042,-0.144075928519077,0.746571205001053
385,76,1.60938710392293,0.717419019300378,-0.195173541549837,0.696794543072717
392,77,1.55868509126659,0.665205957006896,-0.144471528893497,0.749007605366199
400,78,1.50849652994374,0.613328589481297,-0.0942829675706485,0.800884972891798
407,79,1.45855891299985,0.561945285128533,-0.0443453506267553,0.852268277244562
414,80,1.40911209535644,0.511081495784423,0.0051014670166587,0.903132066588672
422,82,1.40922827434818,0.509612092775211,0.00498528802491371,0.904601469597884
429,82,1.40922827434818,0.508253180922833,0.00498528802491371,0.905960381450262
437,84,1.40933964630087,0.506842792166389,0.00487391607222665,0.907370770206706
445,86,1.50457847610576,0.600591961160725,-0.0903649137326663,0.81362160121237
453,87,1.45738555828746,0.551940233373438,-0.0431719959143653,0.862273328999657
461,89,1.3640328880317,0.45715842484182,0.0501806743413957,0.957055137531275
470,91,1.45678131060399,0.548333148738657,-0.0425677482308962,0.865880413634438
478,91,1.45678131060399,0.546963437819458,-0.0425677482308962,0.867250124553638
487,93,1.54778680228543,0.636459494830639,-0.133573239912336,0.777754067542456
496,94,1.59291617052608,0.680111488866267,-0.178702608152988,0.734102073506828
505,96,1.68227011483644,0.768018862447142,-0.268056552463344,0.646194699925953
514,97,1.63794589411865,0.722277688386089,-0.22373233174555,0.691935873987006
523,99,1.63786204562948,0.720805383578831,-0.22364848325638,0.693408178794264
533,99,1.63786204562948,0.719294790255737,-0.22364848325638,0.694918772117358
542,100,1.59486868759024,0.674969726294848,-0.180655125217146,0.739243836078247
552,101,1.63762560007114,0.71627669609439,-0.223412037698047,0.697936866278705
562,102,1.59525424021044,0.67248550666967,-0.181040677837343,0.741728055703425
573,105,1.63732573212338,0.713028589060904,-0.223112169750289,0.701184973312191
583,106,1.5956951874112,0.670037765935437,-0.181481625038108,0.744175796437659
594,108,1.59590452646419,0.668781636628475,-0.181690964091099,0.74543192574462
604,110,1.59597256796407,0.667544416510323,-0.18175900559097,0.746669145862772
615,112,1.59617169630137,0.666336308566026,-0.181958133928279,0.747877253807069
626,114,1.59610660574286,0.664892775255182,-0.181893043369763,0.749320787117913
638,115,1.63591597717576,0.703229950663562,-0.221702414802664,0.710983611709533
649,118,1.67516855893388,0.741160841840252,-0.260954996560788,0.673052720532843
661,121,1.6360945122015,0.700674128611397,-0.221880949828407,0.713539433761698
673,122,1.59754734497692,0.660743584936933,-0.183333782603822,0.753469977436162
685,124,1.59737815946538,0.659219189168888,-0.183164597092287,0.754994373204207
698,125,1.63541995231081,0.695823392326008,-0.221206389937713,0.718390170047088
710,127,1.56009468527135,0.619198251295854,-0.145881122898255,0.795015311077241
723,128,1.59738839230276,0.655112027288209,-0.183174829929665,0.759101535084886
737,130,1.59754049662272,0.653809658094457,-0.183326934249623,0.760403904278638
750,132,1.67101253317396,0.725959319035934,-0.256798970800861,0.688254243337161
764,135,1.63490746154344,0.688459338633273,-0.220693899170341,0.725754223739822
777,137,1.56287903918143,0.615161730177523,-0.14866547680833,0.799051832195573
791,138,1.5985251894714,0.649468096636599,-0.184311627098306,0.764745465736497
806,139,1.56310337212261,0.612640723687738,-0.148889809749515,0.801572838685357
820,141,1.56305999378691,0.611312358519071,-0.148846431413815,0.802901203854024
835,145,1.56305953340639,0.609962805955571,-0.14884597103329,0.804250756417524
851,146,1.59758336739437,0.64307795386378,-0.183369805021276,0.771135608509315
866,150,1.59734462581546,0.641545918015853,-0.183131063442361,0.772667644357242
882,152,1.52988616911634,0.572735988219532,-0.115672606743241,0.841477574153563
898,154,1.59711556241679,0.638641751459915,-0.182902000043698,0.77557181091318
914,156,1.66345149552147,0.703680833909363,-0.249237933148373,0.710532728463732
931,158,1.66362951601293,0.702509169638437,-0.249415953639836,0.711704392734659
947,161,1.63085750535431,0.668492427466346,-0.216643942981219,0.74572113490675
965,162,1.59846432793473,0.634727415152465,-0.184250765561632,0.77948614722063
982,165,1.63072085278668,0.665714969473251,-0.216507290413584,0.748498592899844
1000,168,1.66271162853067,0.696389261572635,-0.248498066157572,0.717824300800461
1018,170,1.5998109898493,0.632198991138696,-0.185597427476209,0.7820145712344
1037,174,1.59987185056578,0.630926582531777,-0.185658288192683,0.783286979841318
1055,177,1.63086606186272,0.66068322661093,-0.216652499489628,0.753530335762166
1075,180,1.6002519799667,0.628722081740834,-0.186038417593608,0.785491480632261
1094,183,1.63061058702896,0.657827257495562,-0.216397024655866,0.756386304877533
1114,186,1.60049981560308,0.626423683037259,-0.186286253229981,0.787789879335836
1134,189,1.57065840008279,0.595315715017802,-0.156444837709697,0.818897847355293
1155,191,1.57068397542691,0.594038579866562,-0.156470413053815,0.820174982506534
1176,193,1.62922987467164,0.651308536602969,-0.215016312298547,0.762905025770126
1197,196,1.60020415724561,0.621032623059082,-0.185990594872515,0.793180939314013
1219,199,1.51397107504772,0.533516375061788,-0.0997575126746264,0.880697187311307
1241,203,1.51411016757874,0.532398451057506,-0.0998966052056474,0.881815111315589
1263,205,1.51399757026881,0.53105399625296,-0.0997840078957102,0.883159566120135
1286,208,1.54189383466089,0.557688294608879,-0.127680272287799,0.856525267764216
1310,214,1.54174453758169,0.556249297746056,-0.127530975208597,0.857964264627039
1334,217,1.56921679173793,0.58245849540851,-0.155003229364839,0.831755066964585
1358,217,1.56921679173793,0.581221059244285,-0.155003229364839,0.83299250312881
1382,221,1.51526026298623,0.52605174837309,-0.101046700613139,0.888161814000005
1407,222,1.54199593733829,0.551549339827814,-0.127782374965198,0.862664222545282
1433,227,1.51546649554295,0.523758569399979,-0.101252933169853,0.890454992973116
1459,232,1.59431469720864,0.601371212051309,-0.180101134835542,0.812842350321786
1486,235,1.62037032902607,0.626169989608986,-0.206156766652977,0.788043572764109
1512,240,1.6460616373642,0.65067529439834,-0.231848074991108,0.763538267974755
1540,242,1.6972429705903,0.700605042407321,-0.2830294082172,0.713608519965774
1568,247,1.72250531593042,0.724641396088317,-0.308291753557322,0.689572166284778
1596,250,1.79803458120057,0.798969289506308,-0.383821018827472,0.615244272866788
1625,257,1.72315071238531,0.722866115909501,-0.308937150012212,0.691347446463594
1655,259,1.72322655133689,0.721706330036189,-0.309012988963792,0.692507232336906
1685,263,1.7231968738802,0.720466190320513,-0.308983311507102,0.693747372052583
1715,267,1.67468931512292,0.670772378032534,-0.260475752749821,0.743441184340561
1747,272,1.65061259690424,0.645455991162662,-0.236399034531142,0.768757571210433
1778,275,1.62684955514814,0.620516333442921,-0.212635992775042,0.793697228930174
1811,280,1.65047995915324,0.642919496894609,-0.236266396780142,0.771294065478486
1843,282,1.69727087035063,0.688544323336326,-0.283057307977539,0.725669239036769
1877,288,1.69743263660448,0.687491996621824,-0.283219074231387,0.726721565751272
1911,292,1.69745767063983,0.686327595835987,-0.283244108266737,0.727885966537108
1946,295,1.67460595688899,0.662276236944489,-0.260392394515897,0.751937325428606
1981,299,1.67456018979748,0.661055005068873,-0.260346627424388,0.753158557304222
2017,306,1.69695990692115,0.68226994308765,-0.282746344548055,0.731943619285445
2054,310,1.69704649499485,0.681163516301331,-0.282832932621752,0.733050046071764
2091,316,1.69707839638071,0.680026466939732,-0.282864834007618,0.734187095433363
2129,320,1.69724302824127,0.679014653392241,-0.283029465868176,0.735198908980855
2167,326,1.65420025389201,0.634818935851887,-0.239986691518918,0.779394626521208
2207,329,1.71821459887104,0.697644084957708,-0.304001036497942,0.716569477415387
2247,334,1.69684347768789,0.675107874834516,-0.282629915314791,0.739105687538579
2288,340,1.69692750149476,0.674021747823493,-0.282713939121663,0.740191814549602
2329,344,1.6551701964931,0.631117735340544,-0.240956634120003,0.783095827032551
2371,351,1.67568032547885,0.650476580946832,-0.261466763105758,0.763736981426263
2414,358,1.65504165344672,0.628682818977196,-0.240828091073629,0.785530743395899
2458,363,1.6347347588747,0.607217760124199,-0.220521196501601,0.806995802248896
2503,368,1.65482061372203,0.626143072180662,-0.240607051348935,0.788070490192433
2548,372,1.69445721887121,0.664642430637063,-0.280243656498115,0.749571131736032
2595,378,1.69437250200001,0.663393850110068,-0.280158939626918,0.750819712263027
2642,382,1.61622571558005,0.584106722196683,-0.202012153206958,0.830106840176412
2690,391,1.67436813860683,0.641107897484799,-0.260154576233733,0.773105664888296
2738,399,1.71274453804359,0.678365764919099,-0.298530975670492,0.735847797453996
2788,404,1.65554668598419,0.620026020998757,-0.241333123611092,0.794187541374338
2839,412,1.61789681314718,0.581234932786843,-0.203683250774086,0.832978629586252
2890,418,1.65522401161572,0.617443765224967,-0.241010449242622,0.796769797148128
2943,424,1.65507827539175,0.616159099999258,-0.240864713018653,0.798054462373837
2996,429,1.63665133066616,0.596616074708048,-0.222437768293062,0.817597487665047
3051,437,1.63687925889565,0.595709048168461,-0.222665696522554,0.818504514204635
3106,442,1.65490074517102,0.612618359689236,-0.24068718279792,0.801595202683859
3162,446,1.61911767175706,0.575725412687047,-0.204904109383962,0.838488149686048
3220,455,1.63697555362802,0.59245683697385,-0.222761991254922,0.821756725399245
3278,462,1.61924227406,0.573619674794401,-0.205028711686906,0.840593887578694
3338,470,1.65396338391199,0.607221693899346,-0.239749821538898,0.806991868473749
3398,478,1.68854911662852,0.640710706040071,-0.274335554255423,0.773502856333024
3460,483,1.6374614665581,0.58851239191386,-0.223247904185006,0.825701170459235
3523,491,1.6713062156651,0.621251219480661,-0.257092653292002,0.792962342892434
3587,502,1.68800732887799,0.636851357112127,-0.273793766504899,0.777362205260968
3652,510,1.68790619907578,0.635654385236259,-0.273692636702686,0.778559177136836
3718,518,1.65510695065391,0.601764600718115,-0.240893388280819,0.81244896165498
3786,526,1.68783734784259,0.633393894404029,-0.273623785469492,0.780819667969066
3854,535,1.67155797005175,0.616035370316982,-0.257344407678652,0.798178192056113
3924,544,1.6874501098341,0.630838696355799,-0.273236547461006,0.783374866017296
3995,550,1.71933234790583,0.661638582522009,-0.305118785532732,0.752574979851086
4068,560,1.71939862720507,0.660614267554721,-0.305185064831972,0.753599294818374
4142,570,1.75059916022098,0.690731419301684,-0.336385597847882,0.723482143071412
4217,577,1.70418773706652,0.643243873597766,-0.289974174693426,0.770969688775329
4294,589,1.70426001453876,0.642233402705006,-0.290046452165665,0.771980159668089
4371,596,1.6890294143925,0.625941576197331,-0.274815852019405,0.788271986175765
4451,605,1.67383292829641,0.609664454985075,-0.259619365923317,0.80454910738802
4532,615,1.67377657715156,0.608535881985165,-0.259563014778466,0.80567768038793
4614,623,1.70329064853804,0.636986114439953,-0.289077086164947,0.777227447933142
4698,634,1.71783110770124,0.65045849354955,-0.303617545328142,0.763755068823545
4783,642,1.74679578838175,0.678363900445329,-0.332582226008652,0.735849661927766
4870,651,1.70357947065957,0.634084960273689,-0.289365908286477,0.780128602099406
4958,663,1.70355618939733,0.633008213292003,-0.289342627024235,0.781205349081093
5048,675,1.73175019824638,0.66014621011266,-0.317536635873282,0.754067352260435
5140,685,1.75982517378207,0.687163229289971,-0.345611611408972,0.727050333083124
5233,696,1.77377199961962,0.700061883051222,-0.359558437246522,0.714151679321874
5328,705,1.7323722864137,0.657612720044648,-0.318158724040602,0.756600842328447
5425,716,1.74601465813837,0.670204888433344,-0.331801095765272,0.744008673939751
5523,730,1.77297022245647,0.69612049746056,-0.358756660083372,0.718093064912535
5623,739,1.7863882957316,0.708498408666649,-0.372174733358502,0.705715153706446
5725,753,1.75993282333924,0.681003021919278,-0.345719260966142,0.733210540453817
5829,765,1.75985498971089,0.679885950875553,-0.345641427337792,0.734327611497542
5935,779,1.78587359974633,0.704866405261644,-0.371660037373232,0.709347157111451
6043,788,1.79879768395847,0.716753796894982,-0.384584121585372,0.697459765478113
6153,802,1.79877104971254,0.715692291805194,-0.384557487339442,0.698521270567901
6264,814,1.7987795042758,0.714677163524269,-0.384565941902702,0.699536398848826
6378,831,1.78623716667039,0.701104406756568,-0.372023604297292,0.713109155616527
6494,842,1.74886423699789,0.662703832355316,-0.334650674624792,0.751509730017779
6612,854,1.74876268264458,0.661577684522941,-0.334549120271482,0.752635877850154
6732,867,1.73650294126304,0.648296659404919,-0.322289378889942,0.765916902968176
6854,881,1.71217875623068,0.622954741372623,-0.297965193857582,0.791258821000472
6978,897,1.76029148173734,0.670053508916125,-0.346077919364242,0.74416005345697
7105,910,1.79602406183412,0.704768178743243,-0.381810499461022,0.709445383629852
7234,924,1.795949453512,0.70368015023942,-0.381735891138902,0.710533412133675
7365,937,1.78427497992134,0.690996914894775,-0.370061417548242,0.72321664747832
7499,950,1.74940755969197,0.655118072942936,-0.335193997318872,0.75909548943016
7635,968,1.72637046469609,0.631074806357814,-0.312156902322992,0.783138756015281
7774,985,1.73781753445466,0.641513894595919,-0.323603972081562,0.772699667777176
7915,999,1.69253677487515,0.595230915238593,-0.278323212502055,0.818982647134503
8058,1012,1.6814132363976,0.583111006860103,-0.267199674024505,0.831102555512992
8205,1028,1.70341470205032,0.604108506027771,-0.289201139677221,0.810105056345324
8354,1046,1.65949899908225,0.559195366228852,-0.245285436709155,0.855018196144244
8505,1060,1.68128546433595,0.579990965863874,-0.267071901962858,0.834222596509221
8660,1077,1.67045994152372,0.568168444826821,-0.25624637915062,0.846045117546274
8817,1097,1.67026179836067,0.566980436009034,-0.256048235987573,0.847233126364061
8977,1116,1.68087344564729,0.576603232965022,-0.26665988327419,0.837610329408073
9140,1133,1.69141689683424,0.586159206689366,-0.277203334461148,0.828054355683729
9306,1151,1.64980491836544,0.543561460047361,-0.235591355992343,0.870652102325735
9475,1174,1.6602069452432,0.552979744160907,-0.245993382870106,0.861233818212188
9647,1191,1.71133098582477,0.603122364020716,-0.297117423451672,0.811091198352379
9822,1211,1.69086969232574,0.581682249797139,-0.276656129952646,0.832531312575957
10000,1229,1.7110179123892,0.600854509205274,-0.296804350016102,0.813359053167821
10182,1251,1.73094886568162,0.619807283368713,-0.316735303308522,0.794406279004382
10366,1271,1.73107916064651,0.618968154984895,-0.316865598273412,0.7952454073882
10554,1288,1.72132245962726,0.608240455045749,-0.307108897254162,0.805973107327346
10746,1310,1.77944755376223,0.66539347276268,-0.365233991389132,0.748820089610415
10941,1329,1.78898966829518,0.673967818995938,-0.374776105922082,0.740245743377157
11140,1349,1.80794131477215,0.691951343880182,-0.393727752399052,0.722262218492913
11342,1370,1.77958882431057,0.662635527807649,-0.365375261937472,0.751578034565446
11548,1390,1.85427880491881,0.736362474595759,-0.440065242545712,0.677851087777336
11757,1409,1.80790451450932,0.689030366187949,-0.393690952136222,0.725183196185146
11971,1436,1.83541737831835,0.715581827867777,-0.421203815945252,0.698631734505318
12188,1457,1.80818872307865,0.687397518900104,-0.393975160705552,0.726816043472992
12409,1481,1.79023590020254,0.668490581479709,-0.376022337829442,0.745722980893387
12635,1508,1.76334626509349,0.640644489306626,-0.349132702720392,0.773569073066469
12864,1532,1.72795696498563,0.60430514245855,-0.313743402612532,0.809908419914545
13097,1557,1.73680340593576,0.612203944304505,-0.322589843562662,0.80200961806859
13335,1583,1.7891189204697,0.663570534010581,-0.374905358096602,0.750643028362515
13577,1606,1.76328959505401,0.636795338835841,-0.349076032680912,0.777418223537254
13824,1633,1.75468726728393,0.627246619746599,-0.340473704910832,0.786966942626496
14075,1659,1.75467443661404,0.626291021158316,-0.340460874240942,0.787922541214779
14330,1681,1.75469327934026,0.62537090230354,-0.340479716967162,0.788842660069555
14590,1708,1.76303873854219,0.632777801309577,-0.348825176169092,0.781435761063518
14855,1740,1.77933770098506,0.648138971752968,-0.365124138611962,0.766074590620127
15125,1766,1.77948985926368,0.647354452100491,-0.365276296890582,0.766859110272605
15399,1799,1.77134927570341,0.638281997760704,-0.357135713330312,0.775931564612391
15679,1830,1.79534786824011,0.661347031910014,-0.381134305867012,0.752866530463081
15963,1859,1.80332117755338,0.66839205425738,-0.389107615180282,0.745821508115715
16253,1889,1.80338288601276,0.667524480649621,-0.389169323639662,0.746689081723474
16548,1915,1.77212289786837,0.635337769309946,-0.357909335495272,0.778875793063149
16849,1944,1.81065627584349,0.672944169901197,-0.396442713470392,0.741269392471898
17154,1975,1.81844864130356,0.679815682822206,-0.404235078930462,0.73439787955089
17466,2007,1.8489960887728,0.709439636166763,-0.434782526399702,0.704773926206333
17783,2040,1.84155866597204,0.701082360293553,-0.427345103598942,0.713131202079542
18106,2074,1.84176357743767,0.700368413248385,-0.427550015064572,0.71384514912471
18434,2111,1.80485034515689,0.662540401562338,-0.390636782783792,0.751673160810757
18769,2141,1.79017581313176,0.646949896035535,-0.375962250758662,0.76726366633756
19110,2169,1.79020781528666,0.646067833026825,-0.375994252913562,0.76814572934627
19456,2205,1.77581950477541,0.630770235823991,-0.361605942402312,0.783443326549104
19810,2241,1.76157344288816,0.615612110503824,-0.347359880515062,0.798601451869271
20169,2281,1.74741396075043,0.600545829534687,-0.333200398377332,0.813667732838408
20535,2317,1.71931137882226,0.571536878679086,-0.305097816449162,0.84267668369401
20908,2352,1.75412724330213,0.605447152869113,-0.339913680929032,0.808766409503982
21288,2391,1.78856378232122,0.638979209045041,-0.374350219948122,0.775234353328054
21674,2433,1.77503802921049,0.624552700739745,-0.360824466837392,0.78966086163335
22067,2473,1.81553975022613,0.664155284234662,-0.401326187853032,0.750058278138433
22468,2512,1.80888346925046,0.656599538563336,-0.394669906877362,0.757614023809759
22876,2554,1.82212189352787,0.668940738117869,-0.407908331154772,0.745272824255226
23291,2596,1.82199260912332,0.667916709136201,-0.407779046750222,0.746296853236894
23714,2637,1.8024075775109,0.647437544636075,-0.388194015137802,0.76677601773702
24144,2688,1.74428527606888,0.588424106555056,-0.330071713695782,0.825789455818039
24582,2725,1.76349552407829,0.606744395091628,-0.349281961705192,0.807469167281468
25029,2763,1.77624112624706,0.618599539645971,-0.362027563873962,0.795614022727124
25483,2810,1.76984081813197,0.611312538827816,-0.355627255758872,0.802901023545279
25946,2855,1.76348780405045,0.604072951388878,-0.349274241677352,0.810140610984217
26416,2901,1.7386810304618,0.578383798967518,-0.324467468088702,0.835829763405577
26896,2951,1.67743438524511,0.51625362058284,-0.263220822872014,0.897959941790255
27384,2993,1.72608773388585,0.564026284719837,-0.311874171512752,0.850187277653258
27881,3042,1.74400849438069,0.58106765383967,-0.329794932007592,0.833145908533425
28387,3088,1.76781400669637,0.603995353413201,-0.353600444323272,0.810218208959894
28903,3146,1.79137522395949,0.626678920648255,-0.377161661586392,0.787534641724841
29427,3197,1.82039633268964,0.654826195090605,-0.406182770316542,0.75938736728249
29961,3243,1.80869196380576,0.642248706766995,-0.394478401432662,0.7719648556061
30505,3293,1.82016022501296,0.652844878912166,-0.405946662639862,0.761368683460929
31059,3345,1.76303497226631,0.594848864683859,-0.348821409893212,0.819364697689236
31623,3401,1.77440561189164,0.605350349985006,-0.360192049518542,0.808863212388089
32197,3454,1.8136409255354,0.643718379111409,-0.399427363162302,0.770495183261687
32781,3514,1.80245994141956,0.631672226697902,-0.388246379046462,0.782541335675193
33376,3574,1.82436732724278,0.652715352970523,-0.410153764869682,0.761498209402572
33982,3637,1.7861507764441,0.613635751466111,-0.371937214071002,0.800577810906984
34599,3695,1.79693182897527,0.623555244580757,-0.382718266602172,0.790658317792339
35227,3754,1.82381479133952,0.649578404299259,-0.409601228966422,0.764635158073836
35866,3810,1.84505100210621,0.669956818394927,-0.430837439733112,0.744256743978168
36517,3870,1.81362172835345,0.63767068419234,-0.399408165980352,0.776542878180755
37180,3938,1.84494283841733,0.668136164875985,-0.430729276044232,0.74607739749711
37855,4003,1.81894077355825,0.641279979175067,-0.404727211185152,0.772933583198028
38542,4059,1.80879844686496,0.630285300950272,-0.394584884491862,0.783928261422823
39242,4134,1.81388802037824,0.634523332397311,-0.399674458005142,0.779690229975784
39954,4199,1.84913154316427,0.668917603496646,-0.434917980791172,0.74529595887645
40679,4260,1.8839345300592,0.702872684220282,-0.469720967686102,0.711340878152813
41418,4334,1.86429907989649,0.68238980468936,-0.450085517523392,0.731823757683736
42170,4407,1.87904592382971,0.696291126424783,-0.464832361456612,0.717922435948313
42935,4487,1.86938635280839,0.685788174107386,-0.455172790435292,0.728425388265709
43714,4553,1.87900303491112,0.694562764249948,-0.464789472538022,0.719650798123147
44508,4626,1.83608634194536,0.650804486188917,-0.421872779572262,0.763409076184179
45316,4700,1.86441624914296,0.678294656556945,-0.450202686769862,0.73591890581615
46138,4772,1.82691073068489,0.639951483758535,-0.412697168311792,0.77426207861456
46976,4849,1.868653086104,0.680856507813024,-0.454439523730902,0.733357054560071
47829,4930,1.84565825278271,0.657025956963654,-0.431444690409612,0.757187605409441
48697,5008,1.83650325873983,0.647037105039686,-0.422289696366732,0.767176457333409
49581,5093,1.83198362979474,0.641684775630091,-0.417770067421642,0.772528786743004
50481,5178,1.88119127032575,0.690061143444598,-0.466977707952652,0.724152418928497
51397,5256,1.8812863127748,0.689326595055447,-0.467072750401702,0.724886967317648
52330,5349,1.85947224154889,0.666683974064107,-0.445258679175792,0.747529588308988
53280,5435,1.82472322788287,0.631107726658875,-0.410509665509772,0.78310583571422
54247,5518,1.82039413838801,0.625952978061144,-0.406180576014912,0.788260584311951
55232,5612,1.80335684066908,0.608091009729409,-0.389143278295982,0.806122552643686
56234,5703,1.79915198389361,0.603063559977066,-0.384938421520512,0.811150002396029
57255,5806,1.80331576417263,0.60640544307502,-0.389102201799532,0.807808119298075
58294,5902,1.80330788875302,0.605577439465435,-0.389094326379922,0.80863612290766
59352,5998,1.79505063984049,0.596501293949547,-0.380837077467392,0.817712268423548
60430,6095,1.77468237576147,0.575314872547252,-0.360468813388372,0.838898689825843
61527,6189,1.78263853508155,0.582454638199021,-0.368424972708452,0.831758924174074
62643,6289,1.82277828138211,0.621779982217489,-0.408564719009012,0.792433580155606
63780,6395,1.83870899032589,0.636897076402386,-0.424495427952792,0.777316485970709
64938,6490,1.81897600826743,0.616351549204772,-0.404762445894332,0.797862013168323
66117,6602,1.84244885724863,0.639013188285337,-0.428235294875532,0.775200374087758
67317,6706,1.78052096840309,0.576275674559743,-0.366307406029992,0.837937887813353
68539,6816,1.84190803271706,0.636854278447804,-0.427694470343962,0.777359283925291
69783,6918,1.87240864282447,0.666547850713621,-0.458195080451372,0.747665711659474
71050,7036,1.84980685662292,0.643140061924623,-0.435593294249822,0.771073500448472
72339,7159,1.83857707724207,0.63110619735397,-0.424363514868972,0.783107365019125
73653,7273,1.83118944078979,0.622914788604594,-0.416975878416692,0.791298773768501
74989,7393,1.85324041058517,0.644164385767511,-0.439026848212072,0.770049176605585
76351,7512,1.84214946900407,0.632272325164746,-0.427935906630972,0.78194123720835
77737,7641,1.87454757665009,0.66387101657929,-0.460334014276992,0.750342545793805
79148,7756,1.87804885491998,0.666574244359891,-0.463835292546882,0.747639318013204
80584,7884,1.84966078544527,0.637389731705708,-0.435447223072172,0.776823830667387
82047,8025,1.83209462049764,0.619027880527196,-0.417881058124542,0.795185681845899
83536,8152,1.85643257301026,0.642571707168452,-0.442219010637162,0.771641855204643
85053,8282,1.83568076220147,0.62102652354836,-0.421467199828372,0.793187038824735
86596,8420,1.81523397949587,0.599788411326647,-0.401020417122772,0.814425151046448
88168,8553,1.81863527423746,0.6023991252335,-0.404421711864362,0.811814437139595
89769,8691,1.79182522189197,0.574799513966419,-0.377611659518872,0.839414048406676
91398,8839,1.83181461837711,0.614001109655618,-0.417601056004012,0.800212452717477
93057,8987,1.81206561276945,0.593465336283808,-0.397852050396352,0.820748226089287
94746,9134,1.84805488942924,0.628669133347977,-0.433841327056142,0.785544429025118
96466,9290,1.8287196346217,0.608549475442861,-0.414506072248602,0.805664086930234
98217,9432,1.84790925351749,0.626956019331044,-0.433695691144392,0.787257543042051
100000,9592,1.82884533918826,0.60711016034723,-0.414631776815162,0.807103402025866
101815,9749,1.81311907137588,0.590603325577074,-0.398905509002782,0.823610236796022
103663,9905,1.81931602606832,0.596020905863238,-0.405102463695222,0.818192656509857
105545,10071,1.87498611391639,0.650912644787061,-0.460772551543292,0.763300917586034
107461,10232,1.85973391037994,0.6348833694421,-0.445520348006842,0.779330192930995
109411,10401,1.88705455708541,0.661428458107096,-0.472840994712312,0.752785104265999
111397,10566,1.88404780071539,0.657647107248472,-0.469834238342292,0.756566455124623
113419,10745,1.9048554127504,0.677681341626424,-0.490641850377302,0.736532220746671
115478,10912,1.87229841699817,0.644352051877338,-0.458084854625072,0.769861510495757
117574,11094,1.89569504333918,0.666977713286367,-0.481481480966082,0.747235849086729
119709,11274,1.90146773521988,0.671980285594656,-0.487254172846782,0.742233276778439
121881,11463,1.93886131414212,0.708605548970872,-0.524647751769022,0.705608013402223
124094,11655,1.92744484009572,0.696421391543043,-0.513231277722622,0.717792170830052
126346,11851,1.96123475194547,0.729445194936177,-0.547021189572372,0.684768367436918
128640,12043,1.95005596591521,0.717501098589911,-0.535842403542112,0.696712463783185
130975,12242,1.93049768779211,0.697178890675695,-0.516284125419012,0.7170346716974
133352,12447,1.92782723827117,0.693745798639338,-0.513613675898072,0.720467763733757
135773,12649,1.90065510973335,0.665811920777234,-0.486441547360252,0.748401641595861
138237,12860,1.91948337546143,0.683879887196454,-0.505269813088332,0.730333675176641
140746,13075,1.90076776457475,0.66440504640527,-0.486554202201652,0.749808515967825
143301,13286,1.88218491651033,0.645063983870175,-0.467971354137232,0.76914957850292
145902,13498,1.88737761789891,0.649499728805334,-0.473164055525812,0.764713833567761
148551,13719,1.86907579426603,0.630441869591066,-0.454862231892932,0.783771692782029
151247,13955,1.86907451943836,0.629686004232463,-0.454860957065262,0.784527558140632
153993,14187,1.84865890195539,0.608516642121248,-0.434445339582292,0.805696920251847
156788,14418,1.86642381580608,0.62552917399255,-0.452210253432982,0.788684388380545
159634,14652,1.87146663405093,0.629820670059058,-0.457253071677832,0.784392892314037
162531,14889,1.89384603908994,0.651450049491958,-0.479632476716842,0.762763512881137
165482,15132,1.88146557374892,0.638320323396886,-0.467252011375822,0.775893238976209
168485,15373,1.88390381892221,0.640010818516178,-0.469690256549112,0.774202743856917
171544,15627,1.89363345169729,0.648993453967401,-0.479419889324192,0.765220108405694
174658,15889,1.86478275131282,0.619396998426509,-0.450569188939722,0.794816563946586
177828,16144,1.86230653766821,0.616176263020436,-0.448092975295112,0.798037299352659
181056,16418,1.84797689548184,0.601103099917719,-0.433763333108742,0.813110462455376
184342,16693,1.84092265123541,0.593306572057402,-0.426709088862312,0.820906990315694
187688,16979,1.84559443145256,0.59723708955035,-0.431380869079462,0.816976472822745
191095,17253,1.86867220847326,0.619574643798016,-0.454458646100162,0.794638918575079
194564,17536,1.87993093056107,0.630094204740373,-0.465717368187972,0.784119357632723
198096,17829,1.90468286131443,0.654108060013115,-0.490469298941332,0.76010550235998
201691,18116,1.85756972823187,0.606258166230537,-0.443356165858772,0.807955396142558
205353,18410,1.83970181059228,0.587654221846343,-0.425488248219182,0.826559340526752
209080,18724,1.83977065447916,0.586988411546039,-0.425557092106062,0.827225150827056
212875,19036,1.85283104963179,0.599315161860958,-0.438617487258692,0.814898400512137
216739,19340,1.87872265371542,0.624474174001973,-0.464509091342322,0.789739388371122
220673,19667,1.88512008411803,0.630140109572514,-0.470906521744932,0.784073452800581
224679,19994,1.87875731107193,0.623046802934757,-0.464543748698832,0.791166759438338
228757,20326,1.86193993692095,0.6055000890776,-0.447726374547852,0.808713473295495
232910,20670,1.88261359001624,0.625445294049223,-0.468400027643142,0.788768268323872
237137,20992,1.89498810633103,0.637092659831086,-0.480774543957932,0.777120902542009
241442,21339,1.90937198702581,0.650750231135023,-0.495158424652712,0.763463331238073
245824,21699,1.92157852812898,0.662231705345189,-0.507364965755882,0.751981857027906
250287,22065,1.90541531493815,0.645344238963636,-0.491201752565052,0.768869323409459
254830,22420,1.89150890016347,0.630714780432519,-0.477295337790372,0.783498781940576
259455,22794,1.8914752633593,0.629959215169141,-0.477261700986202,0.784254347203954
264165,23165,1.89738991493668,0.635152818554373,-0.483176352563582,0.779060743818722
268960,23558,1.8917321607597,0.628775129255427,-0.477518598386602,0.785438433117668
273842,23945,1.8821209692657,0.618445043100696,-0.467907406892602,0.7957685192724
278813,24345,1.91638078158648,0.651986937848374,-0.502167219213382,0.762226624524721
283874,24747,1.94659476922541,0.681484070575282,-0.532381206852312,0.732729491797814
289026,25142,1.88866845251287,0.622842044525216,-0.474454890139772,0.79137151784788
294273,25556,1.86269308512903,0.59615178884109,-0.448479522755932,0.818061773532005
299614,25967,1.87185319981642,0.604598201908808,-0.457639637443322,0.809615360464288
305053,26415,1.89370112195298,0.625733301892999,-0.479487559579882,0.788480260480096
310590,26847,1.90087714723543,0.632197613512623,-0.486663584862332,0.782015948860472
316228,27293,1.88304612394546,0.613655825989274,-0.468832561572362,0.800557736383821
321968,27765,1.93268434773388,0.662584336613267,-0.518470785360782,0.751629225759828
327812,28233,1.94667523274644,0.675866537163617,-0.532461670373342,0.738347025209478
333762,28702,1.96923824040914,0.697721872090656,-0.555024678036042,0.716491690282439
339821,29173,1.94676032572602,0.674537168909878,-0.532546763352922,0.739676393463217
345989,29655,1.95360744549718,0.680678610385717,-0.539393883124082,0.733534951987379
352269,30153,1.96709663434051,0.69346311035047,-0.552883071967412,0.720750452022625
358664,30652,1.96534019939037,0.691002867932622,-0.551126637017272,0.723210694440473
365174,31155,1.95704237145784,0.682002338691431,-0.542828809084742,0.732211223681664
371803,31651,1.92402058493511,0.648278749085448,-0.509807022562012,0.765934813287647
378552,32181,1.92062686628488,0.644184245596687,-0.506413303911782,0.770029316776409
385423,32717,1.89471476644902,0.617572393026732,-0.480501204075922,0.796641169346363
392419,33266,1.9186847963673,0.64084361983364,-0.504471233994202,0.773369942539455
399542,33823,1.91393306358014,0.635394058039357,-0.499719501207042,0.778819504333738
406794,34360,1.9187274073294,0.639491573261551,-0.504513844956302,0.774721989111544
414178,34926,1.93431233050195,0.654380603112426,-0.520098768128852,0.759832959260669
421697,35518,1.92821116334161,0.647584421214083,-0.513997600968512,0.766629141159012
429351,36099,1.92057465772719,0.639254000306833,-0.506361095354092,0.774959562066262
437144,36731,1.94182305854503,0.659809440816608,-0.527609496171932,0.754404121556487
445079,37353,1.92975577116207,0.647050104507167,-0.515542208788972,0.767163457865928
453158,37947,1.90895619659911,0.625559440559122,-0.494742634226012,0.788654121813974
461384,38564,1.91933071325861,0.63524379253084,-0.505117150885512,0.778969769842255
469759,39205,1.89740407916883,0.612627971448529,-0.483190516795732,0.801585590924566
478286,39872,1.93370701044089,0.648242666155087,-0.519493448067792,0.765970896218009
486968,40524,1.9596580171118,0.673506365120865,-0.545444454738702,0.740707197252231
495807,41221,1.93253370022983,0.645695730039952,-0.518320137856732,0.768517832333144
504807,41892,1.94239216590185,0.654868775859357,-0.528178603528752,0.759344786513739
513970,42590,1.95637787354908,0.668170029342403,-0.542164311175982,0.746043533030692
523299,43311,1.94106327811768,0.652171938794256,-0.526849715744582,0.762041623578839
532798,44039,1.89973349619374,0.610159547083954,-0.485519933820642,0.804054015289141
542469,44759,1.89973704200153,0.609481443571009,-0.485523479628432,0.804732118802086
552316,45500,1.92278053126256,0.631844180155545,-0.508566968889462,0.78236938221755
562341,46243,1.92145845844191,0.629842330251873,-0.507244896068812,0.784371232121222
572549,47020,1.92541330515218,0.633118254457719,-0.511199742779082,0.781095307915376
582942,47808,1.9201863143221,0.627213281296715,-0.505972751949002,0.78700028107638
593523,48616,1.88620284743979,0.592552791690078,-0.471989285066692,0.821660770683017
604296,49423,1.90563454619055,0.611308386682893,-0.491420983817452,0.802905175690202
615265,50247,1.8543756453682,0.559374267060902,-0.440162082995102,0.854839295312193
626434,51082,1.8505214035473,0.554845663592539,-0.436307841174202,0.859367898780556
637804,51933,1.86427576356666,0.567926673059753,-0.450062201193562,0.846286889313342
649382,52775,1.85936586914675,0.562344239870766,-0.445152306773652,0.851869322502329
661169,53661,1.87664821338465,0.578955015011456,-0.462434651011552,0.83525854736164
673170,54549,1.89373385693015,0.59536998732991,-0.479520294557052,0.818843575043185
685390,55463,1.93020190172022,0.631168195898389,-0.515988339347122,0.783045366474707
697831,56397,1.89642806724028,0.596725465483017,-0.482214504867182,0.817488096890078
710497,57340,1.89053431198594,0.590163751052813,-0.476320749612842,0.824049811320282
723394,58294,1.92357652600089,0.622538840408611,-0.509362963627792,0.791674721964484
736525,59274,1.92594444016331,0.624240524233701,-0.511730877790212,0.789973038139394
749894,60230,1.94222417471799,0.639854932396603,-0.528010612344892,0.774358629976493
763506,61241,1.97790947646556,0.674875775785445,-0.563695914092462,0.73933778658765
777365,62270,1.98827686160951,0.684579588375304,-0.574063299236412,0.729633973997791
791476,63320,1.98609104569935,0.681731059197738,-0.571877483326252,0.732482503175357
805842,64386,1.97714825371078,0.672126483523255,-0.562934691337682,0.74208707884984
820470,65453,1.97817602909107,0.672493294295549,-0.563962466717972,0.741720268077546
835363,66554,1.95287734803093,0.646534544659062,-0.538663785657832,0.767679017714034
850526,67661,1.95190385890197,0.644901871593716,-0.537690296528872,0.769311690779379
865964,68794,1.94002488568383,0.632364592035899,-0.525811323310732,0.781848970337196
881683,69955,1.93892731576057,0.630609548931763,-0.524713753387472,0.783604013441332
897687,71117,1.96233655497569,0.653362191849994,-0.548122992602592,0.760851370523101
913982,72293,1.97698064238991,0.667350524105173,-0.562767080016812,0.746863038267922
930572,73515,1.9707703257346,0.660485342087313,-0.556556763361502,0.753728220285782
947464,74728,1.97391361850313,0.662974592735627,-0.559700056130032,0.751238969637469
964662,75967,1.97901966708141,0.667427477249923,-0.564806104708312,0.746786085123172
982172,77223,1.98913433068785,0.676889835251512,-0.574920768314752,0.737323727121583
1000000,78498,2.01020232694219,0.697306369704182,-0.595988764569092,0.716907192668913
1018152,79834,1.9802927095708,0.666746124274869,-0.566079147197702,0.747467438098226
1036633,81176,1.98015854465821,0.665962194078261,-0.565944982285112,0.748251368294835
1055450,82508,1.97426022611095,0.659414935032556,-0.560046663737852,0.754798627340539
1074608,83871,1.96161252451624,0.646119153087754,-0.547398962143142,0.768094409285341
1094114,85295,1.9385851040047,0.6224444828216,-0.524371541631602,0.791769079551496
1113974,86747,1.94435811902933,0.627571087057013,-0.530144556656232,0.786642475316082
1134194,88195,1.9498583689794,0.632425776397703,-0.535644806606302,0.781787785975393
1154782,89647,1.94998884082185,0.631911489591179,-0.535775278448752,0.782302072781916
1175743,91172,1.95454363781487,0.635822380057516,-0.540330075441772,0.778391182315579
1197085,92729,1.94991362804669,0.630549276203443,-0.535700065673592,0.783664286169653
1218814,94264,1.9435219503472,0.623515342158818,-0.529308387974102,0.790698220214277
1240938,95808,1.95966048246448,0.639012425088304,-0.545446920091382,0.775201137284791
1263463,97429,1.95514643725959,0.633857769356095,-0.540932874886492,0.780355793017001
1286397,99064,1.96844164875372,0.646513186295496,-0.554228086380622,0.7677003760776
1309747,100709,1.94652671653623,0.623959285039958,-0.532313154163132,0.790254277333138
1333521,102391,1.96917709027492,0.645971500924914,-0.554963527901822,0.768242061448181
1357727,104096,1.96141686805125,0.63757392220176,-0.547203305678152,0.776639640171335
1382372,105861,1.97594547240838,0.651465991345637,-0.561731910035282,0.762747571027458
1407465,107627,1.96913835676442,0.644023133443745,-0.554924794391322,0.77019042892935
1433013,109422,1.96996117211988,0.64421102594844,-0.555747609746782,0.770002536424655
1459024,111268,1.97985205016168,0.653467804280942,-0.565638487788582,0.760745758092153
1485508,113138,1.97979795552502,0.652780392537041,-0.565584393151922,0.761433169836054
1512473,115064,1.97651176509491,0.648861679983236,-0.562298202721812,0.765351882389859
1539927,116958,1.96041291999591,0.632131122623553,-0.546199357622812,0.782082439749543
1567879,118919,1.97406880778086,0.645156102807985,-0.559855245407762,0.769057459565111
1596339,120882,1.94625427301169,0.616711441730643,-0.532040710638592,0.797502120642452
1625315,122906,1.93047460570727,0.600302454216356,-0.516261043334172,0.81391110815674
1654817,124976,1.94914975014168,0.618349068664209,-0.534936187768582,0.795864493708886
1684855,127071,1.95450247263065,0.623074040075847,-0.540288910257552,0.791139522297248
1715438,129203,1.93301673523723,0.600961343743476,-0.518803172864132,0.813252218629619
1746576,131351,1.92548762170029,0.592806059102281,-0.511274059327192,0.821407503270815
1778279,133551,1.95568999272815,0.622383046241249,-0.541476430355052,0.791830516131846
1810558,135815,1.91993411839476,0.586002558854136,-0.505720556021662,0.82821100351896
1843423,138083,1.94965221316512,0.61509681842498,-0.535438650792022,0.799116743948115
1876884,140429,1.95989482287181,0.62471638064843,-0.545681260498712,0.789497181724665
1910953,142783,1.93659242333771,0.60079169763125,-0.522378860964612,0.813421864741845
1945640,145204,1.95174094645776,0.615318718177272,-0.537527384084662,0.798894844195823
1980957,147606,1.95033934401089,0.613296378238361,-0.536125781637792,0.800917184134734
2016915,150121,1.96375147838895,0.62608854598608,-0.549537916015852,0.788125016387015
2053525,152620,1.95603795566766,0.617755836186137,-0.541824393294562,0.796457726186959
2090800,155185,1.92612844949733,0.587227900982224,-0.511914887124232,0.826985661390871
2128752,157791,1.93432453747749,0.594806317528369,-0.520110975104392,0.819407244844726
2167392,160446,1.95549918184178,0.615364066801236,-0.541285619468682,0.798849495571859
2206734,163126,1.95955984932378,0.618808589650386,-0.545346286950682,0.795404972722709
2246790,165861,1.97892224765024,0.637555603609219,-0.564708685277142,0.776657958763876
2287573,168662,1.97696850523387,0.634987234558528,-0.562754942860772,0.779226327814567
2329097,171477,1.99090302273488,0.648307869482827,-0.576689460361782,0.765905692890269
2371374,174346,2.01117100686814,0.667962734494051,-0.596957444495042,0.746250827879044
2414418,177270,2.02023967940799,0.676419044431458,-0.606026117034893,0.737794517941637
2458244,180241,2.03625612013103,0.691823862118133,-0.622042557757932,0.722389700254962
2502865,183270,2.03168875300818,0.686645626263976,-0.617475190635082,0.72756793610912
2548297,186338,1.98887462521537,0.643221361069798,-0.574661062842272,0.770992201303297
2594553,189501,1.97703815651749,0.630775507491861,-0.562824594144392,0.783438054881234
2641648,192684,2.00730667384423,0.660435389752981,-0.593093111471132,0.753778172620114
2689599,195930,1.99264348194753,0.645164288252345,-0.578429919574432,0.769049274120751
2738420,199214,1.99150380460155,0.643417444477543,-0.577290242228452,0.770796117895552
2788127,202566,1.99519782373775,0.64650503586321,-0.580984261364652,0.767708526509885
2838736,206035,1.98872893890995,0.639430461067545,-0.574515376536852,0.77478310130555
2890264,209466,1.99046131889908,0.640557879676764,-0.576247756525982,0.773655682696331
2942727,212970,2.03613835191308,0.685630686066356,-0.621924789539982,0.728582876306739
2996143,216548,2.04657760468839,0.695466433558295,-0.632364042315292,0.7187471288148
3050528,220171,2.03683065940283,0.685116717138721,-0.622617097029732,0.729096845234374
3105900,223888,2.02358255450875,0.671266568825071,-0.609368992135652,0.742946993548024
3162278,227647,1.9868579156749,0.633940601010039,-0.572644353301802,0.780272961363056
3219678,231549,1.98795467382371,0.63443676668012,-0.573741111450612,0.779776795692975
3278121,235472,2.00519882991423,0.651081039609832,-0.590985267541132,0.763132522763263
3337625,239395,2.01119964914653,0.656482693008003,-0.596986086773432,0.757730869365092
3398208,243430,1.99426698177513,0.638951587786919,-0.580053419402032,0.775261974586176
3459892,247549,2.00027755035005,0.644364421186203,-0.586063987976952,0.769849141186892
3522695,251637,1.98959105736648,0.633080913179698,-0.575377494993382,0.781132649193398
3586638,255835,2.01730098514892,0.66019453778264,-0.603087422775823,0.754019024590455
3651741,260166,1.99677896561912,0.63907693150588,-0.582565403246022,0.775136630867215
3718027,264586,1.98949626516113,0.631199341523,-0.575282702788032,0.783014220850095
3785515,269037,2.00867638580539,0.649785290193644,-0.594462823432292,0.764428272179451
3854229,273593,1.99127592417513,0.631791353386155,-0.577062361802032,0.78242220898694
3924190,278195,2.0013957357974,0.641318395808423,-0.587182173424303,0.772895166564673
3995421,282851,1.99130196123433,0.630632553260515,-0.577088398861232,0.78358100911258
4067944,287649,1.96335757433267,0.602096806458588,-0.549144011959572,0.812116755914507
4141785,292469,1.95956213950904,0.597710697671118,-0.545348577135942,0.816502864701978
4216965,297434,1.97465203049012,0.612210622196488,-0.560438468117022,0.802002940176607
4293510,302406,1.9708494842773,0.607818802059357,-0.556635921904202,0.806394760313738
4371445,307472,1.96213703276717,0.598517765959087,-0.547923470394072,0.815695796414008
4450794,312719,1.96735276659124,0.60314561209797,-0.553139204218142,0.811067950275125
4531584,317985,1.96170128253606,0.596906925848304,-0.547487720162962,0.817306636524792
4613840,323362,1.97900689089537,0.613626024244691,-0.564793328522272,0.800587538128404
4697589,328818,1.96144798524098,0.595481296412597,-0.547234422867882,0.818732265960498
4782858,334343,1.96187531755691,0.595323493387164,-0.547661755183812,0.818890068985931
4869675,339985,1.96819347618377,0.601057199126767,-0.553979913810672,0.813156363246328
4958068,345773,1.97177310140468,0.604053053022575,-0.557559539031582,0.81016050935052
5048066,351600,1.99907753127963,0.630774389053249,-0.584863968906532,0.783439173319846
5139697,357538,1.98834616127752,0.619460608366968,-0.574132598904422,0.794752954006127
5232991,363554,1.99893664389775,0.629469359516548,-0.584723081524652,0.784744202856547
5327979,369707,2.05326417652959,0.683215833323554,-0.639050614156492,0.730997729049541
5424691,375946,2.03301446226071,0.662385735890284,-0.618800899887612,0.751827826482811
5523158,382263,2.02064390114733,0.64943546737489,-0.606430338774232,0.764778094998205
5623413,388683,2.03078396986859,0.658996496243459,-0.616570407495493,0.755217066129636
5725488,395255,2.00466888443386,0.632303039654741,-0.590455322060762,0.781910522718354
5829415,401875,2.01383923214655,0.640895689112426,-0.599625669773452,0.773317873260669
5935229,408733,2.01550999738429,0.641989419800637,-0.601296435011192,0.772224142572459
6042964,415611,2.01625395969784,0.642157011186211,-0.602040397324742,0.772056551186884
6152654,422624,2.02226805693608,0.647595404166815,-0.608054494562982,0.76661815820628
6264335,429751,2.00496953631801,0.629721841699024,-0.590755973944913,0.784491720674071
6378044,437017,2.00649688718689,0.630674807290392,-0.592283324813793,0.783538755082703
6493816,444359,2.01592472463688,0.639528923568133,-0.601711162263783,0.774684638804962
6611690,451916,2.02578040732953,0.648811540009204,-0.611566844956432,0.765402022363891
6731704,459542,2.00106823516094,0.623526955838227,-0.586854672787842,0.790686606534868
6853896,467311,1.99001324204308,0.611900207452297,-0.575799679669982,0.802313354920798
6978306,475273,1.98771437120849,0.609030234387724,-0.573500808835392,0.805183327985371
7104974,483360,1.98358892013169,0.604334333791849,-0.569375357758592,0.809879228581246
7233942,491462,2.00522972650972,0.625405337397281,-0.591016164136622,0.788808224975814
7365250,499769,2.02333091976871,0.642937380788786,-0.609117357395612,0.771276181584309
7498942,508193,2.05411263285501,0.673150588847789,-0.639899070481912,0.741062973525306
7635061,516796,2.03988840434649,0.658358499901779,-0.625674841973392,0.755855062471316
7773650,525520,2.01607706472055,0.633979947278825,-0.601863502347452,0.78023361509427
7914755,534434,2.0417248466622,0.659061157443629,-0.627511284289102,0.755152404929466
8058422,543449,2.03646460972413,0.653234987263617,-0.622251047351033,0.760978575109478
8204696,552607,2.05043926091843,0.666644348167628,-0.636225698545332,0.747569214205467
8353625,561992,2.04589311147337,0.661533547270109,-0.631679549100272,0.752680015102986
8505258,571452,2.05766902419075,0.672745442940789,-0.643455461817652,0.741468119432306
8659643,581194,2.05832008555797,0.672833124242069,-0.644106523184872,0.741380438131026
8816831,591049,2.02957243876769,0.643522729168397,-0.615358876394592,0.770690833204698
8976871,601015,2.03296076754051,0.646348946642074,-0.618747205167413,0.767864615731021
9139817,611150,2.04538966693248,0.65821636251466,-0.631176104559382,0.755997199858435
9305720,621541,2.04764288921178,0.659908733628132,-0.633429326838683,0.754304828744963
9474635,632013,2.04624524605389,0.657950865794277,-0.632031683680792,0.756262696578819
9646616,642742,2.02458140912002,0.635727431510816,-0.610367846746922,0.778486130862279
9821719,653633,2.0384168900367,0.649003939893233,-0.624203327663602,0.765209622479863
10000000,664579,2.02380601217671,0.633834715025073,-0.609592449803612,0.780378847348022
10181517,675856,2.01734487001574,0.626815848983141,-0.603131307642642,0.787397713389954
10366329,687277,2.05007358045801,0.658987456491835,-0.635860018084912,0.75522610588126
10554496,698973,2.06976721690946,0.678124609035215,-0.655553654536362,0.73608895333788
10746078,710860,2.05347007248261,0.661271600970209,-0.639256510109512,0.752941961402886
10941138,722890,2.06202011487636,0.669266395706247,-0.647806552503263,0.744947166666849
11139739,735119,2.07916532231679,0.685856970514684,-0.664951759943692,0.728356591858411
11341944,747562,2.0555817607762,0.661719393498596,-0.641368198403103,0.752494168874499
11547820,760259,2.03274328972315,0.638327518455241,-0.618529727350053,0.775886043917854
11757433,773158,2.00604201366028,0.611073450255932,-0.591828451287182,0.803140112117163
11970850,786277,1.98366747344409,0.588146730539967,-0.569453911070992,0.826066831833129
12188142,799574,2.00343602625314,0.607363710150287,-0.589222463880042,0.806849852222808
12409378,813176,1.9657137823582,0.569090501425217,-0.551500219985102,0.845123060947878
12634629,826954,1.98952058520624,0.592346947880589,-0.575307022833142,0.821866614492506
12863969,841020,1.97219517712937,0.574471787776719,-0.557981614756272,0.839741774596376
13097473,855125,1.99695718951621,0.598684649390449,-0.582743627143112,0.815528912982646
13335214,869641,1.99259048034759,0.593769395381325,-0.578376917974492,0.82044416699177
13577271,884316,1.99224943568413,0.592880405666571,-0.578035873311032,0.821333156706524
13823722,899375,1.99843991958775,0.598523543798336,-0.584226357214652,0.815690018574759
14074647,914607,2.01718098215841,0.616717858065253,-0.602967419785313,0.797495704307842
14330126,930121,2.00233448569003,0.601325212058567,-0.588120923316932,0.812888350314528
14590242,945949,2.01548957895585,0.613934752488164,-0.601276016582752,0.800278809884931
14855080,961999,2.01386953261467,0.611769746990268,-0.599655970241572,0.802443815382827
15124725,978239,2.01076727035312,0.608123119417173,-0.596553707980022,0.806090442955922
15399265,994793,2.05624748727314,0.653059562098686,-0.642033924900042,0.761154000274409
15678788,1011735,2.08873950583628,0.685008397888049,-0.674525943463182,0.729205164485046
15963385,1028912,2.05324030507456,0.648966603468452,-0.639026742701462,0.765246958904643
16253148,1046336,2.05864944156246,0.653833734338171,-0.644435879189363,0.760379828034924
16548171,1064053,2.0326759234339,0.627318796947853,-0.618462361060802,0.786894765425242
16848549,1082173,2.04789774991659,0.641999790129455,-0.633684187543492,0.772213772243641
17154379,1100583,2.05417019276139,0.647731984710137,-0.639956630388292,0.766481577662958
17465760,1119278,2.06347594541562,0.656498072786741,-0.649262383042522,0.757715489586354
17782794,1138288,2.04872727935343,0.641210322465242,-0.634513716980332,0.773003239907853
18105582,1157615,2.0579441883524,0.649888728992323,-0.643730625979303,0.764324833380772
18434230,1177257,2.04853877942117,0.639945395560278,-0.634325217048072,0.774268166812817
18768843,1197269,2.06665028105079,0.657519551645904,-0.652436718677692,0.756694010727191
19109530,1217534,2.04067710077142,0.631009602373835,-0.626463538398322,0.78320395999926
19456401,1238277,2.03633711466853,0.626133422992547,-0.622123552295432,0.788080139380548
19809568,1259259,2.0543810522211,0.643641742120279,-0.640167489848002,0.770571820252816
20169146,1280675,2.05299891187276,0.641724555897019,-0.638785349499662,0.772489006476076
20535250,1302354,2.05724061632788,0.6454317878075,-0.643027053954782,0.768781774565595
20908000,1324509,2.06362324245151,0.651280511253777,-0.649409680078412,0.762933051119318
21287517,1347005,2.06756312420392,0.654687058504845,-0.653349561830822,0.759526503868251
21673922,1369877,2.06312619242909,0.649717361745177,-0.648912630055992,0.764496200627918
22067341,1393273,2.04684428403415,0.632903255323704,-0.632630721661052,0.781310307049391
22467901,1416747,2.07311380833859,0.658641147774093,-0.658900245965492,0.755572414599002
22875732,1440884,2.06409650811554,0.649092780167293,-0.649882945742442,0.765120782205802
23290966,1465398,2.05413793906095,0.638603706984637,-0.639924376687852,0.775609855388458
23713737,1490302,2.05871927305673,0.642655099390105,-0.644505710683632,0.771558462982991
24144182,1515579,2.09453988780012,0.677946333648026,-0.680326325427022,0.736267228725069
24582441,1541434,2.0752015042039,0.658079128642316,-0.660987941830802,0.756134433730779
25028654,1567644,2.07723695521902,0.659586318327385,-0.663023392845923,0.75462724404571
25482967,1594195,2.07857887585094,0.660400534611284,-0.664365313477842,0.753813027761811
25945527,1621337,2.07696943431576,0.658263944588243,-0.662755871942663,0.755949617784852
26416483,1648930,2.0705495654131,0.651317482677422,-0.656336003040002,0.762896079695673
26895988,1676958,2.05039070392991,0.630632581836292,-0.636177141556812,0.783580980536803
27384196,1705456,2.06538113294185,0.645097525247312,-0.651167570568752,0.769116037125783
27881267,1734488,2.06614092376379,0.645332380910716,-0.651927361390692,0.768881181462379
28387360,1764023,2.06855016767106,0.64721724092105,-0.654336605297962,0.766996321452045
28902639,1794013,2.0539828280116,0.632126067207988,-0.639769265638502,0.782087495165108
29427272,1824482,2.04234711845818,0.619967071033255,-0.628133556085082,0.79424649133984
29961427,1855591,2.04955578030536,0.626652994312195,-0.635342217932262,0.7875605680609
30505279,1887224,2.04395979040013,0.620534810657958,-0.629746228027033,0.793678751715137
31059002,1919359,2.0358241983526,0.611877570467166,-0.621610635979502,0.802335991905929
31622777,1951958,2.034239293879,0.6097715606192,-0.620025731505902,0.804442001753896
32196784,1985179,2.04506724428933,0.620078949537528,-0.630853681916232,0.794134612835567
32781212,2019000,2.07515405907517,0.649645742649736,-0.660940496702072,0.76456781972336
33376247,2053422,2.06747510407485,0.641447307462254,-0.653261541701752,0.772766254910841
33982083,2088342,2.06131143873745,0.634764701013574,-0.647097876364352,0.779448861359521
34598917,2123725,2.07309883293657,0.646033691277155,-0.658885270563472,0.76817987109594
35226947,2159808,2.07327445493144,0.645691446764645,-0.659060892558342,0.768522115608451
35866376,2196599,2.06168133506174,0.633580996867142,-0.647467772688642,0.780632565505953
36517413,2234034,2.06424298956276,0.635625855044447,-0.650029427189662,0.778587707328648
37180267,2272062,2.03626423348101,0.60713083659306,-0.622050671107912,0.807082725780035
37855152,2310724,2.05263157440627,0.622982448366247,-0.638418012033172,0.791231114006848
38542289,2350143,2.0404203787227,0.610256053679833,-0.626206816349603,0.803957508693262
39241898,2390256,2.04024872456089,0.609569731363976,-0.626035162187793,0.804643831009119
39954206,2431043,2.0464303020109,0.615237169960229,-0.632216739637802,0.798976392412867
40679443,2472423,2.04076657433656,0.609059831999019,-0.626553011963462,0.805153730374076
41417845,2514546,2.04244870699873,0.610228880934503,-0.628235144625632,0.803984681438592
42169650,2557301,2.04285302505193,0.610120641412754,-0.628639462678833,0.804092920960341
42935102,2600854,2.06718488315207,0.633940466533321,-0.652971320778972,0.780273095839775
43714448,2645131,2.05490342719905,0.621147501599458,-0.640689864825952,0.793066060773638
44507941,2690184,2.04328435680529,0.609017444635737,-0.629070794432192,0.805196117737359
45315836,2736185,2.06644378465181,0.631666408390664,-0.652230222278712,0.782547153982431
46138397,2782854,2.0929188186137,0.657631498060813,-0.678705256240603,0.756582064312282
46975888,2830305,2.07611032583019,0.640313581089447,-0.661896763457092,0.773899981283648
47828581,2878472,2.05218191939002,0.615876268898516,-0.637968357016922,0.798337293474579
48696753,2927435,2.02983279197043,0.593018752499725,-0.615619229597333,0.82119480987337
49580682,2977441,2.0380791735681,0.600757262555126,-0.623865611195002,0.813456299817969
50480657,3028199,2.04372215452835,0.605892886655935,-0.629508592155252,0.80832067571716
51396968,3079872,2.04248144443845,0.604145334061764,-0.628267882065352,0.810068228311331
52329911,3132349,2.06958255271919,0.63074011343276,-0.655368990346092,0.783473448940335
53279789,3185800,2.08156387531223,0.642215619078634,-0.667350312939132,0.771997943294461
54246909,3239988,2.07807697304231,0.638223411005373,-0.663863410669212,0.775990151367722
55231584,3295251,2.07097826135136,0.630619903610082,-0.656764698978263,0.783593658763013
56234133,3351550,2.07280777198564,0.631945127439388,-0.658594209612542,0.782268434933707
57254879,3408741,2.11300993254605,0.671643509782823,-0.698796370172952,0.742570052590272
58294153,3466822,2.10460721232431,0.662737518557954,-0.690393649951212,0.751476043815141
59352293,3525947,2.12502203423469,0.682649574860836,-0.710808471861592,0.731563987512259
60429639,3586147,2.1108145096603,0.667939790214826,-0.696600947287202,0.746273772158269
61526541,3647271,2.11410548494371,0.670729009305372,-0.699891922570613,0.743484553067723
62643354,3709417,2.12956764095286,0.685689911984325,-0.715354078579763,0.72852365038877
63780438,3772774,2.13319965405383,0.688821174235039,-0.718986091680732,0.725392388138056
64938163,3837111,2.10663544305165,0.661756712963875,-0.692421880678552,0.75245684940922
66116903,3902653,2.10407614836315,0.658697667883522,-0.689862585990052,0.755515894489573
67317038,3969411,2.11508375687076,0.669206025483678,-0.700870194497662,0.745007536889418
68538958,4037147,2.10393447803948,0.657557993550611,-0.689720915666382,0.756655568822485
69783058,4106144,2.0886110723925,0.64173633179529,-0.674397510019402,0.772477230577805
71049741,4176090,2.10387466698891,0.656502166134307,-0.689661104615812,0.757711396238788
72339416,4247595,2.11575263301236,0.66788286712287,-0.701539070639263,0.746330695250225
73652501,4320048,2.10688484091487,0.658518303976533,-0.692671278541772,0.755695258396563
74989421,4393729,2.09703193153143,0.648169116527055,-0.682818369158332,0.76604444584604
76350608,4468818,2.09598707011256,0.646628469283791,-0.681773507739462,0.767585093089304
77736503,4545054,2.08405047944704,0.634196583873668,-0.669836917073942,0.780016978499427
79147554,4622607,2.08599200353857,0.63564330350106,-0.671778441165473,0.778570258872035
80584219,4701511,2.0913851460618,0.640542130397628,-0.677171583688702,0.773671431975467
82046961,4782035,2.08305642649964,0.631719583741308,-0.668842864126542,0.782493978631787
83536255,4863574,2.08803095425158,0.636200771412019,-0.673817391878482,0.778012790961076
85052582,4946532,2.06755054247751,0.615227505928706,-0.653336980104412,0.798986056444389
86596432,5031122,2.06775381238911,0.614938407761874,-0.653540250016013,0.799275154611221
88168307,5117074,2.05371321681073,0.600405928022328,-0.639499654437633,0.813807634350767
89768713,5204364,2.0486467448001,0.59484805565513,-0.634433182427003,0.819365506717965
91398170,5293442,2.06820755356014,0.613917946268654,-0.653993991187042,0.800295616104441
93057204,5383761,2.06319658085366,0.608416537077554,-0.648983018480562,0.805797025295541
94746353,5475797,2.07289964752826,0.617629647656923,-0.658686085155162,0.796583914716173
96466162,5569481,2.06532588523192,0.60956640918342,-0.651112322858822,0.804647153189675
98217189,5664717,2.06817227588084,0.611923802218393,-0.653958713507742,0.802289760154702
100000000,5761455,2.07480915811327,0.618072164649372,-0.660595595740172,0.796141397723723
101815172,5859909,2.08812344763391,0.630898411229245,-0.673909885260812,0.78331515114385
103663293,5960167,2.09579155834156,0.638078954771202,-0.681577995968462,0.776134607601893
105544960,6062173,2.09814803630487,0.639948340698949,-0.683934473931773,0.774265221674147
107460783,6165863,2.1022271772548,0.643540863540836,-0.688013614881702,0.770672698832259
109411381,6271407,2.09957461309763,0.640402154530683,-0.685361050724532,0.773811407842412
111397386,6378633,2.09387435152279,0.634216220246651,-0.679660789149692,0.779997342126444
113419440,6487719,2.0771648389349,0.617021506345506,-0.662951276561802,0.797192056027589
115478198,6598379,2.0843378137176,0.623709750142046,-0.670124251344502,0.790503812231049
117574327,6711311,2.10684376365397,0.645731438336624,-0.692630201280872,0.768482124036471
119708503,6825909,2.09093011238615,0.629333994198923,-0.676716550013053,0.784879568174172
121881418,6942650,2.1103526859025,0.648273242495287,-0.696139123529402,0.765940319877809
124093776,7061479,2.09404222823419,0.631479926176556,-0.679828665861092,0.782733636196539
126346292,7182407,2.10619681871441,0.643152123885716,-0.691983256341312,0.771061438487379
128639694,7305294,2.0940827890549,0.630556166630578,-0.679869226681802,0.783657395742517
130974726,7430347,2.08710919583394,0.623101109707994,-0.672895633460842,0.791112452665101
133352143,7557402,2.06958479424108,0.605095707552555,-0.655371231867982,0.80911785482054
135772714,7686652,2.06404529506935,0.599075670139093,-0.649831732696253,0.815137892234002
138237223,7818096,2.09055529944533,0.625105597573519,-0.676341737072232,0.789107964799576
140746466,7951939,2.07336787832033,0.607438560219009,-0.659154315947233,0.806775002154086
143301257,8088149,2.08393006988342,0.617521595002359,-0.669716507510323,0.796691967370736
145902422,8226558,2.06772533070682,0.600838157763538,-0.653511768333723,0.813375404609557
148550802,8367469,2.07044805046429,0.603082637437111,-0.656234488091193,0.811130924935984
151247255,8510573,2.09168584132165,0.623842645139901,-0.677472278948552,0.790370917233194
153992653,8656169,2.10304558362648,0.634725060453948,-0.688832021253382,0.779488501919147
156787884,8804437,2.09811996969837,0.629322574900724,-0.683906407325272,0.784890987472371
159633854,8954979,2.11517392653772,0.645900114368868,-0.700960364164622,0.768313448004227
162531484,9108322,2.12427404265059,0.654524266504203,-0.710060480277493,0.759689295868892
165481710,9264321,2.11637655787956,0.646151270565653,-0.702162995506462,0.768062291807442
168485488,9423047,2.14317283815855,0.672472491418552,-0.728959275785453,0.741741070954543
171543790,9584701,2.1457054708353,0.674530515564255,-0.731491908462202,0.73968304680884
174657605,9748739,2.13704042066859,0.66539130701407,-0.722826858295493,0.748822255359025
177827941,9915892,2.14644854419401,0.674325721397311,-0.732234981820912,0.739887840975784
181055824,10085759,2.12987804031692,0.657281956761594,-0.715664477943822,0.756931605611501
184342299,10258247,2.12566569222066,0.652596795381699,-0.711452129847562,0.761616766991396
187688429,10434160,2.12689446790745,0.653353204492585,-0.712680905534352,0.76086035788051
191095297,10612813,2.13137952312975,0.657366338980725,-0.717165960756652,0.75684722339237
194564006,10794601,2.13915893842987,0.664674278480096,-0.724945376056772,0.749539283892999
198095678,10979233,2.1463983506189,0.671442659034633,-0.732184788245802,0.742770903338462
201691455,11167409,2.13354457463383,0.658118294860009,-0.719331012260732,0.756095267513087
205352503,11358851,2.12705808386595,0.651161658205915,-0.712844521492852,0.763051904167181
209080004,11553411,2.1504204417173,0.674054311997327,-0.736206879344202,0.740159250375768
212875166,11751383,2.12362359311794,0.646788200112876,-0.709410030744842,0.767425362260219
216739217,11952850,2.08772236242121,0.610418146100974,-0.673508800048112,0.803795416272121
220673407,12157539,2.10259188243395,0.624819281998912,-0.688378320060852,0.789394280374183
224679009,12366203,2.11197962807677,0.633739081921052,-0.697766065703672,0.780474480452043
228757320,12578039,2.11504192247928,0.636333868090748,-0.700828360106182,0.777879694282347
232909659,12793758,2.1185769804211,0.63940185456047,-0.704363418048002,0.774811707812625
237137371,13013016,2.11467106121892,0.63502929969194,-0.700457498845822,0.779184262681155
241441822,13236395,2.11388161783355,0.633773655867511,-0.699668055460452,0.780439906505584
245824407,13463333,2.12112511054461,0.640551382334665,-0.706911548171512,0.77366218003843
250286543,13694099,2.14173851677365,0.660699455840731,-0.727524954400552,0.753514106532364
254829675,13928952,2.15154261022392,0.670038649178401,-0.737329047850823,0.744174913194695
259455272,14167859,2.12367231695352,0.64170388772512,-0.709458754580423,0.772509674647976
264164832,14410707,2.09369012802006,0.611257661625185,-0.679476565646962,0.80295590074791
268959879,14657951,2.07788719555888,0.59499112222326,-0.663673633185782,0.819222440149835
273841963,14909066,2.08704473192421,0.603685481240982,-0.672831169551112,0.810528081132113
278812667,15164962,2.09554646187082,0.611724462344744,-0.681332899497723,0.802489100028351
283873596,15425212,2.10714047056454,0.622856150240218,-0.692926908191443,0.791357412132877
289026391,15689623,2.08993522809904,0.605189013934572,-0.675721665725942,0.809024548438523
294272718,15958882,2.09503845933292,0.609830777635922,-0.680824896959822,0.804382784737173
299614274,16232516,2.11307564755963,0.627406923916766,-0.698862085186532,0.786806638456329
305052789,16511151,2.08499649826888,0.598867157360008,-0.670782935895782,0.815346405013087
310590022,16794596,2.0960087275222,0.609419193327265,-0.681795165149102,0.80479436904583
316227766,17082666,2.09201035884291,0.604961054472155,-0.677796796469812,0.80925250790094
321967844,17375584,2.10052722492198,0.61301857282503,-0.686313662548882,0.801194989548065
327812115,17673880,2.11506503047191,0.627097452206983,-0.700851468098812,0.787116110166112
333762469,17977029,2.09772923392812,0.609303150380174,-0.683515671555022,0.804910411992921
339820833,18285514,2.10221169054866,0.613327521724143,-0.687998128175562,0.800886040648953
345989166,18599630,2.10390384438231,0.614562009636263,-0.689690282009212,0.799651552736832
352269465,18918663,2.12357024489004,0.633771162745529,-0.709356682516942,0.780442399627566
358663762,19243474,2.1347876803217,0.644531768563967,-0.720574117948602,0.769681793809128
365174127,19573706,2.11635175515988,0.625639430759426,-0.702138192786782,0.78857413161367
371802666,19909615,2.13412427457616,0.642955953801049,-0.719910712203062,0.771257608572046
378551525,20252081,2.13200285019744,0.640378948493573,-0.717789287824343,0.773834613879522
385422887,20599825,2.14869939798519,0.656620330110173,-0.734485835612092,0.757593232262923
392418976,20953499,2.13226222533166,0.639728405264499,-0.718048662958562,0.774485157108596
399542056,21313039,2.12654172684352,0.633553567811373,-0.712328164470422,0.780659994561722
406794432,21679101,2.1145752721692,0.621133186655314,-0.700361709796103,0.793080375717782
414178451,22051445,2.12002738948706,0.62613178922269,-0.705813827113962,0.788081773150405
421696503,22429967,2.11823655189871,0.623887847841606,-0.704022989525612,0.790325714531489
429351021,22815364,2.1371722775028,0.64237087986319,-0.722958715129702,0.771842682509905
437144481,23207085,2.15760625604366,0.662352574353359,-0.743392693670563,0.751860988019736
445079406,23605969,2.13431745100148,0.63861189399628,-0.720103888628382,0.775601668376815
453158364,24011476,2.13359225700206,0.637435232670992,-0.719378694628962,0.776778329702103
461383968,24423925,2.13735590477889,0.640747820454382,-0.723142342405793,0.773465741918713
469758882,24843673,2.15716836724543,0.660109629410512,-0.742954804872332,0.754103932962583
478285814,25270547,2.15823771632401,0.660728730848674,-0.744024153950912,0.753484831524422
486967525,25704825,2.16812967024401,0.670170842183088,-0.753916107870912,0.744042720190008
495806824,26146449,2.17177696178809,0.673368695494631,-0.757563399414993,0.740844866878464
504806572,26595315,2.1864303925188,0.687573091594542,-0.772216830145702,0.726640470778553
513969680,27051960,2.14049246664651,0.64118653403897,-0.726278904273412,0.773027028334125
523299115,27517001,2.14348370036788,0.643729538217921,-0.729270137994782,0.770484024155174
532797895,27989935,2.14505064247221,0.644848652254129,-0.730837080099112,0.769364910118966
542469094,28471085,2.13437342730419,0.633724009768799,-0.720159864931093,0.780489552604296
552315842,28960675,2.13682979566348,0.635733350831235,-0.722616233290382,0.77848021154186
562341325,29458442,2.1334083968451,0.631865324044758,-0.719194834472002,0.782348238328337
572548788,29964746,2.13403564727078,0.632046345089402,-0.719822084897682,0.782167217283693
582941535,30480007,2.12248911835536,0.620053984637697,-0.708275555982262,0.794159577735398
593522927,31003999,2.12518609415798,0.622305526134165,-0.710972531784883,0.79190803623893
604296390,31537695,2.12868114960992,0.625355543728675,-0.714467587236822,0.78885801864442
615265410,32079823,2.13133930968154,0.627569061704093,-0.717125747308442,0.786644500669003
626433537,32630933,2.16033040075215,0.65611590572464,-0.746116838379052,0.758097656648455
637804384,33192247,2.15200107531427,0.647342727625926,-0.737787512941172,0.766870834747169
649381632,33762943,2.1434071921518,0.638305385442545,-0.729193629778702,0.77590817693055
661169026,34343829,2.16255033932195,0.657005466591939,-0.748336776948852,0.757208095781156
673170382,34934453,2.16372522608657,0.657737679584351,-0.749511663713472,0.756475882788745
685389584,35534830,2.14435526996321,0.637925441236137,-0.730141707590112,0.776288121136958
697830585,36146432,2.15760050240261,0.650728782351943,-0.743386940029512,0.763484780021152
710497411,36768262,2.14986278887221,0.64254956770932,-0.735649226499112,0.771663994663776
723394163,37400722,2.14480108244882,0.637046749631878,-0.730587520075723,0.777166812741217
736525012,38043637,2.1606697721808,0.652474716567895,-0.746456209807702,0.7617388458052
749894209,38697994,2.17834535158722,0.669709961293347,-0.764131789214122,0.744503601079748
763506080,39363763,2.15242947006052,0.643354132531913,-0.738215907687422,0.770859429841182
777365030,40040790,2.14118641591223,0.631671517912422,-0.726972853539132,0.782542044460673
791475544,40730343,2.13213566670057,0.622181594310992,-0.717922104327472,0.792031968062104
805842188,41431301,2.13317603621802,0.622783174852361,-0.718962473844923,0.791430387520734
820469611,42144351,2.14057757521498,0.629746309616875,-0.726364012841882,0.78446725275622
835362547,42869628,2.12188597282429,0.610616687050912,-0.707672410451192,0.803596875322183
850525815,43607446,2.1370151980659,0.625308275517017,-0.722801635692803,0.788905286856078
865964323,44357695,2.14553131612488,0.633387139500939,-0.731317753751782,0.780826422872156
881683067,45120921,2.14362693309413,0.631045884429609,-0.729413370721032,0.783167677943486
897687132,45897155,2.14551066158126,0.632493122291831,-0.731297099208162,0.781720440081264
913981699,46687655,2.12221981151435,0.608766162297835,-0.708006249141252,0.805447400075261
930572041,47491184,2.12091622594598,0.607026846840224,-0.706702663572883,0.807186715532872
947463526,48308785,2.11045304639692,0.596128316799571,-0.696239484023822,0.818085245573524
964661620,49140880,2.10412335077711,0.589363649432065,-0.689909788404012,0.82484991294103
982171889,49986380,2.10858653977701,0.59339224475652,-0.694372977403912,0.820821317616575
1000000000,50847534,2.1131310813431,0.59750257005101,-0.698917518970003,0.816710992322085
1018151722,51723345,2.11939644118253,0.603334090377156,-0.705182878809432,0.810879471995939
1036632928,52613792,2.12842647692709,0.611930662739065,-0.714212914553992,0.80228289963403
1055449601,53519735,2.12765136716281,0.610722465017923,-0.713437804789712,0.803491097355172
1074607828,54441688,2.15509762697322,0.637736011700076,-0.740884064600122,0.776477550673019
1094113811,55379640,2.1491990673057,0.631405113035406,-0.734985504932602,0.782808449337689
1113973860,56333602,2.17051851921518,0.652292599484426,-0.756304956842082,0.761920962888669
1134194404,57303167,2.16119799501429,0.642540482669728,-0.746984432641192,0.771673079703367
1154781985,58289769,2.1615430203677,0.64245428764688,-0.747329457994603,0.771759274726215
1175743266,59294236,2.17574799690063,0.656228415385898,-0.761534434527532,0.757985146987197
1197085030,60315068,2.18782992839163,0.667879869031435,-0.773616366018532,0.74633369334166
1218814185,61354166,2.18003775179554,0.659657584868943,-0.765824189422442,0.754555977504152
1240937761,62410740,2.16239845335779,0.641588548543149,-0.748184890984692,0.772625013829946
1263462918,63486255,2.15480331995623,0.633564046285633,-0.740589757583132,0.780649516087462
1286396945,64580342,2.16219091988315,0.640522645762591,-0.747977357510052,0.773690916610504
1309747264,65693203,2.18075707341519,0.658660166613206,-0.766543511042092,0.755553395759889
1333521432,66824841,2.16289391495299,0.640368742597647,-0.748680352579892,0.773844819775449
1357727142,67977131,2.17621585026054,0.653262778862176,-0.762002287887442,0.760950783510919
1382372227,69148179,2.18008768616253,0.656707081608608,-0.765874123789432,0.757506480764487
1407464663,70339539,2.19646528990916,0.672657517451861,-0.782251727536062,0.741556044921234
1433012570,71552016,2.18410304421445,0.659868468485721,-0.769889481841352,0.754345093887374
1459024216,72785090,2.189459682073,0.664798667076091,-0.775246119699902,0.749414895297005
1485508017,74039773,2.17880299685886,0.653715906003421,-0.764589434485762,0.760497656369674
1512472545,75316364,2.16775540845119,0.642242604502746,-0.753541846078092,0.771970957870349
1539926526,76614902,2.16557691211024,0.639638757217695,-0.751363349737143,0.7745748051554
1567878844,77935411,2.14527220118944,0.618909056892524,-0.731058638816342,0.795304505480572
1596338544,79279110,2.15389052934437,0.627102756578688,-0.739676966971272,0.787110805794407
1625314837,80645622,2.17798398436068,0.650771943432346,-0.763770421987582,0.763441618940749
1654817100,82035799,2.17334499170296,0.645709042308124,-0.759131429329862,0.768504520064971
1684854879,83450352,2.17022582458408,0.642166325827315,-0.756012262210983,0.77204723654578
1715437896,84889489,2.16511666270093,0.636633973058436,-0.750903100327832,0.777579589314659
1746576048,86353206,2.16006953119912,0.63116400854121,-0.745855968826022,0.783049553831886
1778279410,87842213,2.15492711778981,0.625599119404177,-0.740713555416712,0.788614442968919
1810558243,89357744,2.1671537415046,0.637403624056163,-0.752940179131502,0.776809938316932
1843422992,90898436,2.17186428898855,0.641692408550744,-0.757650726615452,0.772521153822351
1876884294,92465613,2.16372198956113,0.633128701586837,-0.749508427188032,0.781084860786258
1910952975,94060365,2.16961921572,0.638604875094171,-0.755405653346902,0.775608687278924
1945640062,95682322,2.17171703615416,0.640281997139655,-0.757503473781062,0.77393156523344
1980956779,97333317,2.18737604273741,0.655520659015149,-0.773162480364312,0.758692903357946
2016914555,99013082,2.17998982827367,0.647714452928728,-0.765776265900572,0.766499109444367
2053525026,100720648,2.1675300363329,0.634835021861272,-0.753316473959803,0.779378540511823
2090800041,102458060,2.15192464136486,0.618810339654836,-0.737711078991762,0.795403222718259
2128751662,104225934,2.15148886125252,0.617955623609848,-0.737275298879422,0.796257938763248
2167392170,106023915,2.16831677204294,0.634364949191331,-0.754103209669842,0.779848613181764
2206734069,107852793,2.15470419296034,0.62033413504177,-0.740490630587242,0.793879427331325
2246790092,109713981,2.16968663348399,0.634898690038895,-0.755473071110892,0.7793148723342
2287573200,111608195,2.16241885623256,0.62721337623392,-0.748205293859462,0.787000186139175
2329096592,113533909,2.16523905507835,0.629616386905005,-0.751025492705252,0.78459717546809
2371373706,115492859,2.16083276778725,0.624793259231727,-0.746619205414152,0.789420303141368
2414418221,117485506,2.15347509805367,0.617019096351967,-0.739261535680573,0.797194466021129
2458244069,119513357,2.15902503283644,0.622152884623941,-0.744811470463342,0.792060677749154
2502865431,121575461,2.16046599708956,0.623178048439661,-0.746252434716462,0.791035513933435
2548296748,123674859,2.16474224780079,0.627038844202048,-0.750528685427692,0.787174718171047
2594552721,125810759,2.17308325079409,0.634964737171132,-0.758869688420992,0.779248825201963
2641648320,127981849,2.15857532773793,0.620042048433561,-0.744361765364832,0.794171513939534
2689598786,130191163,2.17539664187608,0.636448940659504,-0.761183079502983,0.777764621713591
2738419634,132438178,2.17228719633004,0.632925416420709,-0.758073633956942,0.781288145952386
2788126665,134724568,2.16494232572362,0.625166809755459,-0.750728763350523,0.789046752617637
2838735965,137050750,2.16958189712821,0.629392987166692,-0.755368334755112,0.784820575206403
2890263910,139417375,2.16347747214625,0.622875509705711,-0.749263909773153,0.791338052667385
2942727176,141824696,2.16445429503764,0.623439621060469,-0.750240732664542,0.790773941312626
2996142741,144273358,2.15263561147877,0.611208566342606,-0.738422049105672,0.803004996030489
3050527890,146763860,2.16334171960147,0.62150264312958,-0.749128157228372,0.792710919243515
3105900224,149298009,2.17139375118764,0.62914298263338,-0.757180188814542,0.785070579739716
3162277660,151876932,2.16694094606492,0.624278824138909,-0.752727383691822,0.789934738234186
3219678444,154499924,2.16837735772821,0.625304220572058,-0.754163795355112,0.788909341801037
3278121151,157167671,2.15460682286385,0.611123008067496,-0.740393260490752,0.803090554305599
3337624694,159882838,2.17422560845965,0.630331453056837,-0.760012046086552,0.783882109316258
3398208329,162643573,2.16303875107067,0.618734591542462,-0.748825188697572,0.795478970830633
3459891661,165453326,2.19864622126987,0.65393239354949,-0.784432658896772,0.760281168823605
3522694651,168312345,2.18987192017456,0.644748759647673,-0.775658357801462,0.769464802725423
3586637624,171220186,2.18467132199153,0.639139163486844,-0.770457759618432,0.775074398886251
3651741273,174178694,2.19833446235884,0.652393640155724,-0.784120899985742,0.761819922217371
3718026664,177187539,2.20584661523841,0.659497463084303,-0.791633052865312,0.754716099288792
3785515249,180249673,2.19413992253081,0.647382773620108,-0.779926360157712,0.766830788752987
3854228869,183363516,2.19985037057926,0.652685557557418,-0.785636808206162,0.761528004815678
3924189758,186531169,2.19591414653223,0.648342001517309,-0.781700584159132,0.765871560855786
3995420559,189754312,2.19063017987939,0.642651034431917,-0.776416617506292,0.771562527941178
4067944321,193033439,2.19175487132176,0.643369056474818,-0.777541308948662,0.770844505898277
4141784514,196368942,2.18596820539425,0.637176051639838,-0.771754643021152,0.777037510733257
4216965034,199762210,2.20250358767626,0.653305424966885,-0.788290025303162,0.76090813740621
4293510210,203214731,2.18601768552065,0.636413843274744,-0.771804123147552,0.777799719098351
4371444813,206727637,2.17934074917621,0.629331556277368,-0.765127186803112,0.784882006095727
4450794062,210300024,2.18394430305305,0.633530087859639,-0.769730740679952,0.780683474513456
4531583638,213935006,2.20079396848824,0.649975058813269,-0.786580406115142,0.764238503559826
4613839683,217633136,2.20985180230244,0.658628525440725,-0.795638239929342,0.75558503693237
4697588817,221395819,2.21052195469131,0.658894637403465,-0.796308392318212,0.755318924969631
4782858142,225222660,2.23120260790097,0.679171576420603,-0.816989045527872,0.735041985952492
4869675252,229115570,2.21084097029918,0.658406550333895,-0.796627407926082,0.7558070120392
4958068242,233077131,2.21069695419226,0.65785947092436,-0.796483391819162,0.756354091448735
5048065717,237106511,2.20253154683294,0.649291324920582,-0.788317984459842,0.764922237452513
5139696801,241205986,2.18883828241515,0.635195645994629,-0.774624720042053,0.779017916378466
5232991147,245376886,2.20450687300557,0.650462145691046,-0.790293310632473,0.763751416682049
5327978946,249619707,2.21683834764808,0.662391852533941,-0.802624785274982,0.751821709839154
5424690937,253935811,2.22063266481038,0.665784724472556,-0.806419102437282,0.748428837900539
5523158417,258326874,2.21899568164618,0.663746618143229,-0.804782119273082,0.750466944229866
5623413252,262795354,2.19654608161539,0.640896216486149,-0.782332519242292,0.773317345886946
5725487884,267340783,2.18262316917738,0.626572823451812,-0.768409606804282,0.787640738921283
5829415347,271963731,2.18647155202575,0.630021046213924,-0.772257989652652,0.784192516159171
5935229272,276667469,2.19267889602188,0.635828550125364,-0.778465333648782,0.778385012247731
6042963902,281452603,2.17141228648155,0.614162419988757,-0.757198724108452,0.800051142384338
6152654101,286321974,2.17846576577955,0.620816697669112,-0.764252203406452,0.793396864703983
6264335367,291274739,2.15441585336205,0.59636790209992,-0.740202290988952,0.817845660273175
6378043839,296313309,2.14341330994928,0.584966793501792,-0.729199747576182,0.829246768871303
6493816316,301437524,2.15571853499594,0.596873770816886,-0.741504972622842,0.81733979155621
6611690262,306654300,2.15565619326226,0.596413498304352,-0.741442630889162,0.817800064068744
6731703824,311959807,2.1632518660855,0.603611556791611,-0.749038303712402,0.810602005581484
6853895839,317356750,2.19153715161775,0.631499543930278,-0.777323589244652,0.782714018442818
6978305849,322846792,2.16950680577509,0.609072215136888,-0.755293243401993,0.805141347236207
7104974114,328434318,2.17172660015241,0.610895341507102,-0.757513037779312,0.803318220865993
7233941627,334115759,2.19160543142444,0.630377819210806,-0.777391869051342,0.78383574316229
7365250123,339897878,2.17382059924972,0.612196947409443,-0.759607036876622,0.802016614963652
7498942093,345780330,2.20022123021761,0.638201852200989,-0.786007667844512,0.776011710172106
7635060803,351762697,2.20797644084622,0.645561649602341,-0.793762878473123,0.768651912770754
7773650302,357849827,2.22053171748758,0.657721825472442,-0.806318155114482,0.756491736900653
7914755439,364044118,2.20924166584363,0.646036985020028,-0.795028103470532,0.768176577353067
8058421878,370345401,2.19861394923094,0.635014791067135,-0.784400386857842,0.77919877130596
8204696109,376755735,2.20678510889193,0.642791784370631,-0.792571546518832,0.771421778002464
8353625470,383278145,2.20518993642554,0.640802756033945,-0.790976374052442,0.77341080633915
8505258154,389912546,2.1863793346738,0.621598608416033,-0.772165772300702,0.792614953957063
8659643234,396662434,2.20745853492163,0.642284572306417,-0.793244972548532,0.771928990066679
8816830668,403528309,2.20921199417209,0.64364510422861,-0.794998431798992,0.770568458144485
8976871324,410513954,2.1980976959737,0.632138187244624,-0.783884133600602,0.782075375128471
9139816995,417621524,2.20234080799668,0.635988988535422,-0.788127245623582,0.778224573837673
9305720409,424852288,2.20229872650116,0.635554903885316,-0.788085164128063,0.778658658487779
9474635257,432208151,2.19517736086619,0.628041842184724,-0.780963798493093,0.786171720188372
9646616199,439691664,2.21164182944947,0.644114921316811,-0.797428267076372,0.770098641056284
9821718892,447306601,2.21950295323474,0.651584961780882,-0.805289390861643,0.762628600592213
10000000000,455052511,2.2148610550662,0.646552285945197,-0.800647492693103,0.767661276427898
10181517217,462931984,2.1980158367792,0.629316595167049,-0.783802274406103,0.784896967206046
10366329284,470948207,2.1865628771878,0.617473467784109,-0.772349314814702,0.796740094588986
10554496009,479101465,2.18734924342046,0.617869970448031,-0.773135681047362,0.796343591925065
10746078283,487400504,2.19743683936327,0.627568006574574,-0.783223276990172,0.786645555798521
10941138106,495842905,2.20692674967152,0.636668660342237,-0.792713187298422,0.777544902030858
11139738600,504430840,2.21040167858642,0.639754635523365,-0.796188116213322,0.77445892684973
11341944035,513166719,2.21129439628856,0.640258701826377,-0.797080833915462,0.773954860546718
11547819847,522056150,2.21345565410012,0.642031610103601,-0.799242091727022,0.772181952269494
11757432659,531100738,2.22125776421356,0.649445672080174,-0.807044201840462,0.764767890292921
11970850305,540299656,2.23236855425076,0.660168714908652,-0.818154991877662,0.754044847464443
12188141848,549660192,2.21601019976569,0.643422913678944,-0.801796637392592,0.770790648694151
12409377608,559182306,2.22053162590685,0.647557193070568,-0.806318063533752,0.766656369302527
12634629177,568871253,2.21984918669074,0.646487906639865,-0.805635624317642,0.76772565573323
12863969449,578727386,2.21158760863424,0.637839780440263,-0.797374046261142,0.776373781932832
13097472643,588754816,2.21703991935105,0.642905841620069,-0.802826356977952,0.771307720753026
13335214322,598955995,2.21767938244995,0.643159353329078,-0.803465820076853,0.771054209044017
13577271421,609334065,2.22633337083095,0.651427688008638,-0.812119808457852,0.762785874364457
13823722274,619893636,2.22229147007975,0.647000430782908,-0.808077907706652,0.767213131590187
14074646633,630634164,2.23210912535261,0.656433026353744,-0.817895562979513,0.757780536019351
14330125702,641563827,2.22880704149268,0.652746179104246,-0.814593479119582,0.761467383268849
14590242156,652682229,2.20875010227681,0.632304772356833,-0.794536539903713,0.781908790016262
14855080172,663995290,2.21778384813132,0.6409543460825,-0.803570285758222,0.773259216290596
15124725453,675503173,2.21263789978773,0.635424520561285,-0.798424337414632,0.77878904181181
15399265261,687211768,2.21971373682358,0.642116774915549,-0.805500174450483,0.772096787457547
15678788438,699124581,2.2119452563353,0.633965005793098,-0.797731693962202,0.780248556579997
15963385443,711241650,2.21902028430545,0.640657038722929,-0.804806721932352,0.773556523650166
16253148373,723570519,2.22440110195161,0.645655154475482,-0.810187539578512,0.768558407897613
16548170999,736112674,2.24580196546334,0.666673608791151,-0.831588403090242,0.747539953581944
16848548794,748874963,2.23094097731416,0.65143050369549,-0.816727414941062,0.762783058677605
17154378963,761857230,2.1976035033082,0.61771120454696,-0.783389940935103,0.796502357826135
17465760477,775064354,2.19959562249054,0.619321789944059,-0.785382060117443,0.794891772429037
17782794100,788502185,2.20514922089854,0.624494145482814,-0.790935658525442,0.789719416890281
18105582430,802173735,2.18941382097393,0.608377793158677,-0.775200258600832,0.805835769214418
18434229924,816081105,2.18068862292983,0.599271932743485,-0.766475060556733,0.81494162962961
18768842936,830230952,2.16028184034964,0.578484777379268,-0.746068277976542,0.835728784993828
19109529750,844627673,2.18188913232787,0.59971198572074,-0.767675569954773,0.814501576652355
19456400616,859276488,2.18748608723716,0.604929145701225,-0.773272524864063,0.80928441667187
19809567786,874176143,2.2038571595459,0.620920711349973,-0.789643597172802,0.793292851023122
20169145547,889336344,2.19764012049627,0.614324453473758,-0.783426558123172,0.799889108899337
20535250265,904761351,2.22241476403678,0.638720165581961,-0.808201201663682,0.775493396791135
20908000413,920453517,2.2088185875771,0.624745344651551,-0.794605025204002,0.789468217721544
21287516618,936419626,2.20964941958181,0.625197818711786,-0.795435857208712,0.789015743661309
21673921696,952662180,2.21421788100435,0.629388208282394,-0.800004318631252,0.784825354090701
22067340691,969186282,2.21158197246439,0.626374513551595,-0.797368410091292,0.7878390488215
22467900918,985996589,2.20785225728995,0.622267297415735,-0.793638694916852,0.79194626495736
22875732003,1003101808,2.20965644310781,0.623694267070902,-0.795442880734712,0.790519295302193
23290965925,1020500705,2.21669679845629,0.63035769062566,-0.802483236083192,0.783855871747436
23713737057,1038206698,2.20952408396082,0.62280832827812,-0.795310521587722,0.791405234094975
24144182213,1056219356,2.20234022939642,0.61524810937525,-0.788126667023322,0.798965452997845
24582440689,1074541418,2.21795996593143,0.63049176465953,-0.803746403558333,0.783721797713565
25028654312,1093184350,2.20874592426824,0.620901924406301,-0.794532361895142,0.793311637966795
25482967480,1112150187,2.20311631429832,0.614896798083812,-0.788902751925223,0.799316764289283
25945527214,1131446170,2.23211295496675,0.643518204213256,-0.817899392593652,0.770695358159839
26416483204,1151080594,2.22788183095271,0.638912127050644,-0.813668268579612,0.775301435322451
26895987856,1171054280,2.23527676336655,0.64593238728501,-0.821063200993452,0.768281175088085
27384196343,1191376326,2.2322861920798,0.642567424367062,-0.818072629706702,0.771646138006033
27881266654,1212051148,2.23350456836588,0.643411689150834,-0.819291005992782,0.770801873222261
28387359648,1233084381,2.22972487895038,0.639258167941819,-0.815511316577282,0.774955394431276
28902639100,1254486049,2.22627565071364,0.635435387204043,-0.812062088340542,0.778778175169052
29427271762,1276256814,2.24479334908694,0.653579811950355,-0.830579786713842,0.76063375042274
29961427410,1298407671,2.24618655015548,0.654600017850499,-0.831972987782382,0.759613544522596
30505278903,1320943514,2.223477360851,0.631518111420791,-0.809263798477902,0.782695450952305
31059002236,1343873070,2.23947005142463,0.647138362499004,-0.825256489051532,0.767075199874091
31622776602,1367199811,2.24747133062516,0.654767479419234,-0.833257768252062,0.759446082953861
32196784443,1390932668,2.24208054585535,0.649004809172896,-0.827866983482252,0.765208753200199
32781211514,1415079596,2.24556406145438,0.65211671568783,-0.831350499081282,0.762096846685265
33376246943,1439645011,2.2450753907837,0.651256711914297,-0.830861828410603,0.762956850458798
33982083289,1464635962,2.23534126379034,0.6411515273903,-0.821127701417242,0.773062034982795
34598916609,1490065019,2.2514004558997,0.656839937131471,-0.837186893526602,0.757373625241624
35226946515,1515935673,2.23923110934707,0.644300082966504,-0.825017546973972,0.769913479406592
35866376245,1542257463,2.24105543251783,0.645754172873471,-0.826841870144732,0.768459389499624
36517412725,1569036591,2.23230297114864,0.636631752183286,-0.818089408775543,0.777581810189809
37180266639,1596280196,2.24845594799848,0.652415043248994,-0.834242385625382,0.761798519124101
37855152493,1623998889,2.2565499226261,0.660139605225594,-0.842336360253002,0.754073957147501
38542288686,1652200262,2.24973005665861,0.65295059933766,-0.835516494285512,0.761262963035435
39241897585,1680888529,2.25928255692232,0.662134232007897,-0.845068994549222,0.752079330365198
39954205589,1710079102,2.24035558165862,0.642838661077269,-0.826142019285522,0.771374901295826
40679443211,1739777688,2.22690016733903,0.629014922615452,-0.812686604965932,0.785198639757643
41417845144,1769990789,2.23527248943067,0.637019191690751,-0.821058927057573,0.777194370682344
42169650343,1800734954,2.23671864047802,0.638097560448731,-0.822505078104922,0.776116001924364
42935102101,1832009510,2.21957511676974,0.620586524779757,-0.805361554396643,0.793627037593338
43714448126,1863828497,2.22523579715571,0.625879963136861,-0.811022234782612,0.788333599236234
44507940624,1896203992,2.2262166261059,0.626493819593261,-0.812003063732803,0.787719742779835
45315836376,1929143216,2.21716376558369,0.617074255717818,-0.802950203210592,0.797139306655277
46138396827,1962652710,2.23272953723417,0.632273592760614,-0.818515974861072,0.781939969612481
46975888167,1996748211,2.22280850030471,0.621986389575199,-0.808594937931612,0.792227172797896
47828581417,2031432849,2.20898741372628,0.607799404699937,-0.794773851353183,0.806414157673158
48696752517,2066722928,2.20358236632517,0.602028726569578,-0.789368803952072,0.812184835803518
49580682417,2102631122,2.23072609659756,0.628807093289101,-0.816512534224462,0.785406469083994
50480657167,2139159931,2.2549531161439,0.652669016068512,-0.840739553770802,0.761544546304583
51396968008,2176329030,2.25167272460367,0.649023794158228,-0.837459162230572,0.765189768214867
52329911468,2214142121,2.26115127012149,0.658137775314461,-0.846937707748393,0.756075787058634
53279789459,2252619387,2.25683307286679,0.653455279318502,-0.842619510493692,0.760758283054593
54246909370,2291759777,2.24075518784128,0.637013360786003,-0.826541625468183,0.777200201587092
55231584173,2331584863,2.23108795651754,0.626982360803058,-0.816874394144443,0.787231201570037
56234132519,2372102733,2.23464075108328,0.630171651172476,-0.820427188710182,0.784041911200619
57254878844,2413325521,2.23244898482248,0.627616644793834,-0.818235422449382,0.786596917579261
58294153471,2455264226,2.23351300761994,0.628317691169091,-0.819299445246842,0.785895871204004
59352292723,2497934188,2.2408787287654,0.635320699204567,-0.826665166392303,0.778892863168528
60429639024,2541348533,2.23289985002151,0.62697937028165,-0.818686287648412,0.787234192091445
61526541015,2585516373,2.24272478670704,0.63644211933819,-0.828511224333942,0.777771443034905
62643353666,2630453766,2.23529485762745,0.628650264799371,-0.821081295254352,0.785563297573725
63780438389,2676177330,2.225604451217,0.618598194720425,-0.811390888843903,0.79561536765267
64938163158,2722692862,2.22318828299299,0.615820624239894,-0.808974720619893,0.798392938133201
66116902624,2770019761,2.22274149202865,0.615012692053803,-0.808527929655552,0.799200870319292
67317038241,2818170958,2.22661778807733,0.618528107538368,-0.812404225704232,0.795685454834727
68538958387,2867163205,2.22674979798011,0.618299497158377,-0.812536235607012,0.795914065214719
69783058486,2917012020,2.21880251130402,0.609991850106469,-0.804588948930922,0.804221712266626
71049741144,2967722738,2.23213787460931,0.622967112568042,-0.817924312236212,0.791246449805053
72339416274,3019317789,2.22491339612356,0.615382792396928,-0.810699833750462,0.798830769976168
73652501227,3071812102,2.22732698950351,0.61743680287765,-0.813113427130412,0.796776759495445
74989420933,3125219581,2.22122498724502,0.610975476133731,-0.807011424871922,0.803238086239364
76350608034,3179560821,2.23617034650466,0.625561768950542,-0.821956784131562,0.788651793422553
77736503024,3234849607,2.23693331586764,0.625965929543202,-0.822719753494542,0.788247632829893
79147554394,3291099942,2.25223326740211,0.640907329610233,-0.838019705029012,0.773306232762862
80584218776,3348326707,2.24694663495876,0.635262402633466,-0.832733072585662,0.778951159739629
82046961090,3406550286,2.24791238864437,0.635870118351778,-0.833698826271273,0.778343444021317
83536254696,3465796056,2.25576359477472,0.643363542713619,-0.841550032401622,0.770850019659477
85052581544,3526068270,2.26268721085387,0.649929632857051,-0.848473648480772,0.764283929516044
86596432336,3587388702,2.27768070935571,0.664565860889865,-0.863467146982613,0.74964770148323
88168306678,3649779522,2.2623176402051,0.648845776372325,-0.848104077832002,0.76536778600077
89768713245,3713261384,2.25530592900262,0.641477304541121,-0.841092366629522,0.772736257831974
91398169947,3777845513,2.27637728697784,0.66219215626234,-0.862163724604742,0.752021406110756
93057204093,3843556570,2.27934286578201,0.664801482824954,-0.865129303408912,0.749412079548142
94746352566,3910414062,2.28078999927609,0.665892617727898,-0.866576436902992,0.748320944645197
96466161991,3978434336,2.28465916664158,0.669406039792128,-0.870445604268482,0.744807522580968
98217188919,4047644315,2.27132716228705,0.655718543065644,-0.857113599913952,0.758495019307451
100000000000,4118054813,2.25395462772011,0.637990768696944,-0.839741065347012,0.776222793676151
101815172172,4189699199,2.25361622356914,0.637297376955593,-0.839402661196042,0.776916185417502
103663292844,4262583158,2.26000387509878,0.643330292748458,-0.845790312725683,0.770883269624637
105544960088,4336739964,2.25882267550397,0.641794608913365,-0.844609113130873,0.77241895345973
107460782832,4412185595,2.27468038466351,0.657298084972768,-0.860466822290412,0.756915477400327
109411381058,4488950675,2.26797465282689,0.650238370820404,-0.853761090453792,0.763975191552691
111397385999,4567056321,2.27096804664347,0.652878032751124,-0.856754484270372,0.761335529621971
113419440350,4646523761,2.26761529704896,0.649171801346167,-0.853401734675862,0.765041761026928
115478198469,4727380065,2.27075848067664,0.651961752885626,-0.856544918303542,0.762251809487469
117574326592,4809642519,2.25872087842822,0.63957116791872,-0.844507316055122,0.774642394454375
119708503050,4893334975,2.2613393586312,0.641836914420922,-0.847125796258102,0.772376647952174
121881418484,4978490229,2.24847817348886,0.628623244244704,-0.834264611115762,0.785590318128392
124093776075,5065132590,2.26253637400893,0.642329208047132,-0.848322811635833,0.771884354325963
126346291765,5153279251,2.25354567982216,0.632986525109507,-0.839332117449062,0.781227037263588
128639694494,5242965456,2.24022013888385,0.619309243038039,-0.826006576510752,0.794904319335056
130974726430,5334221546,2.23122170565011,0.609959315941021,-0.817008143277012,0.804254246432075
133352143216,5427061644,2.22637412623813,0.604760489588046,-0.812160563865032,0.809453072785049
135772714211,5521517139,2.23150855061714,0.609543913601523,-0.817294988244042,0.804669648771572
138237222736,5617622039,2.23494654403172,0.612631152880398,-0.820732981658622,0.801582409492697
140746466334,5715406787,2.23564756471291,0.612981665310318,-0.821434002339813,0.801231897062777
143301257024,5814895333,2.24414038911209,0.621124226998112,-0.829926826738992,0.793089335374983
145902421563,5916121284,2.23917466160704,0.615808481977942,-0.824961099233942,0.798405080395153
148550801717,6019116247,2.24998965788504,0.626273705593928,-0.835776095511942,0.787939856779167
151247254531,6123895409,2.25563561597512,0.631570135532731,-0.841422053602022,0.782643426840365
153992652606,6230500473,2.25557537709537,0.631160612670897,-0.841361814722273,0.783052949702199
156787884383,6338978778,2.26376162951724,0.638997824938945,-0.849548067144142,0.775215737434151
159633854429,6449341433,2.2571908714512,0.63207827020722,-0.842977309078102,0.782135292165875
162531483731,6561627631,2.24984611938433,0.62438496462332,-0.835632557011232,0.789828597749775
165481709994,6675871074,2.27049775544066,0.64468828997244,-0.856284193067562,0.769525272400655
168485487944,6792114390,2.2654715839497,0.639314050245968,-0.851258021576602,0.774899512127127
171543789634,6910384379,2.25926352564096,0.632758165836324,-0.845049963267862,0.781455396536771
174657604766,7030714746,2.25337149884586,0.626518554738028,-0.839157936472762,0.787695007635068
177827941004,7153145913,2.26181931362877,0.634619026679563,-0.847605751255672,0.779594535693532
181055824303,7277708393,2.26622197988837,0.638674591224407,-0.852008417515272,0.775538971148689
184342299241,7404447385,2.27688821049459,0.648993960907962,-0.862674648121492,0.765219601465133
187688429358,7533397676,2.26187782580853,0.633636955757384,-0.847664263435432,0.780576606615711
191095297497,7664591629,2.26790258379756,0.639315333407007,-0.853689021424462,0.774898228966088
194564006159,7798085099,2.2405374336349,0.611604042697449,-0.826323871261802,0.802609519675647
198095677855,7933903495,2.22774029045948,0.598460998435957,-0.813526728086382,0.815752563937139
201691455473,8072099030,2.23114067714199,0.60151572316208,-0.816927114768893,0.812697839211016
205352502646,8212690221,2.25548356466629,0.625513187529261,-0.841270002293192,0.788700374843835
209080004128,8355743143,2.2494434159561,0.619127854131575,-0.835229853583002,0.79508570824152
212875166180,8501287633,2.2595075435088,0.628847035137285,-0.845293981135702,0.78536652723581
216739216957,8649380621,2.26094242633899,0.62993720923271,-0.846728863965892,0.784276353140385
220673406908,8800049006,2.25652902402043,0.625179335663927,-0.842315461647332,0.789034226709168
224679009181,8953349037,2.27145770378199,0.639763781332699,-0.857244141408892,0.774449781040396
228757320032,9109331029,2.26941605907489,0.637378139363973,-0.855202496701793,0.776835423009122
232909659246,9268018187,2.29228480468939,0.659903124222426,-0.878071242316292,0.754310438150669
237137370566,9429495614,2.27743988282748,0.644714677785006,-0.863226320454382,0.769498884588089
241441822126,9593788175,2.28457013327166,0.651501639509859,-0.870356570898562,0.762711922863236
245824406892,9760934933,2.28972543286853,0.656313885920058,-0.875511870495432,0.757899676453037
250286543117,9930997770,2.28939055464225,0.655636189716721,-0.875176992269153,0.758577372656374
254829674798,10104042870,2.27161345868124,0.637516510665872,-0.857399896308142,0.776697051707223
259455272140,10280096614,2.28375151246789,0.649312215928398,-0.869537950094792,0.764901346444697
264164832039,10459232726,2.28173052853385,0.646949117714788,-0.867516966160752,0.767264444658307
268959878558,10641488022,2.27745626974016,0.642332978565891,-0.863242707367062,0.771880583807204
273841963426,10826932875,2.28861965341583,0.65315471549106,-0.874406091042732,0.761058846882035
278812666541,11015610302,2.26875948662454,0.632953135234805,-0.854545924251442,0.78126042713829
283873596476,11207584247,2.27158530340246,0.635437771514982,-0.857371741029363,0.778775790858113
289026391002,11402903099,2.2673603033944,0.630871823658754,-0.853146741021303,0.783341738714342
294272717621,11601636073,2.2852999175985,0.648470722347093,-0.871086355225402,0.765742840026002
299614274100,11803842908,2.27593704943089,0.638767370679807,-0.861723487057793,0.775446191693288
305052789027,12009576644,2.28312457411414,0.645614643563559,-0.868911011741042,0.768598918809536
310590022362,12218900001,2.29159643317599,0.653746482211128,-0.877382870802893,0.760467080161967
316227766017,12431880460,2.28706661252137,0.648876872212778,-0.872853050148272,0.765336690160318
321967844425,12648585059,2.30397308673594,0.665443787840461,-0.889759524362842,0.748769774532634
327812115139,12869068728,2.29738099139469,0.658512364355897,-0.883167429021593,0.755701198017198
333762469429,13093405847,2.27873610927962,0.6395283842285,-0.864522546906523,0.774685178144595
339820832894,13321649629,2.27630545610464,0.636758862860273,-0.862091893731542,0.777454699512822
345989166087,13553879942,2.27339840104972,0.633513169119858,-0.859184838676622,0.780700393253237
352269465147,13790179868,2.27995742339159,0.639733781973361,-0.865743861018492,0.774479780399734
358663762448,14030585183,2.28045951311393,0.639897691094383,-0.866245950740832,0.774315871278712
365174127255,14275201419,2.28948660967506,0.648586835631799,-0.875273047301962,0.765626726741296
371802666391,14524094027,2.2986883513292,0.657450853531151,-0.884474788956102,0.756762708841944
378551524926,14777321376,2.28883605656886,0.647261062976665,-0.874622494195762,0.76695249939643
385422886862,15034975430,2.28429919311319,0.642386931380067,-0.870085630740092,0.771826630993028
392418975848,15297132108,2.26900237959485,0.626753077067037,-0.854788817221752,0.787460485306058
399542055895,15563864415,2.27236974074863,0.629783624466057,-0.858156178375532,0.784429937907038
406794432108,15835265555,2.26960020901267,0.62667750570966,-0.855386646639572,0.787536056663436
414178451436,16111399082,2.26891233826635,0.625653274372121,-0.854698775893252,0.788560288000975
421696503429,16392359455,2.26749293375713,0.623897735396421,-0.853279371384032,0.790315826976674
429351021008,16678220629,2.26771422658684,0.623783119580679,-0.853500664213742,0.790430442792416
437144481261,16969091486,2.2659585800651,0.62169178993118,-0.851745017692003,0.792521772441915
445079406236,17265030810,2.25826287861561,0.613660630569052,-0.844049316242512,0.800552931804043
453158363760,17566142565,2.26048817564714,0.615550694601118,-0.846274613274042,0.798662867771977
461383968273,17872512912,2.26453649184451,0.619264002410756,-0.850322929471412,0.794949559962339
469758881671,18184232275,2.26339117682111,0.617783903310543,-0.849177614448012,0.796429659062552
478285814165,18501396101,2.25139624533545,0.6054544117589,-0.837182682962353,0.808759150614195
486967525166,18824104270,2.25072444487498,0.604448274943592,-0.836510882501883,0.809765287429503
495806824168,19152458269,2.25783598952806,0.611225706654092,-0.843622427154963,0.802987855719003
504806571667,19486539945,2.27628093661876,0.629336763915997,-0.862067374245662,0.784876798457099
513969680077,19826463641,2.27152558299634,0.624247743280875,-0.857312020623242,0.78996581909222
523299114681,20172320893,2.26625243467492,0.618641150465615,-0.852038872301822,0.79557241190748
532797894587,20524237520,2.26024116203915,0.612296655558232,-0.846027599666052,0.801916906814863
542469093701,20882294442,2.27430338902075,0.626025882194543,-0.860089826647652,0.788187680178553
552315841731,21246600833,2.27909174809554,0.630481462554871,-0.864878185722443,0.783732099818224
562341325190,21617284223,2.29551391798492,0.646571075065867,-0.881300355611822,0.767642487307228
572548788436,21994427870,2.2814908980284,0.632215718772735,-0.867277335655302,0.781997843600361
582941534714,22378185106,2.28924181600029,0.639634521156186,-0.875028253627192,0.774579041216909
593522927230,22768623233,2.29131609630276,0.641376906325331,-0.877102533929662,0.772836656047764
604296390238,23165900690,2.28267499168789,0.632404126739772,-0.868461429314792,0.781809435633324
615265410149,23570114414,2.29402513694763,0.643422816899535,-0.879811574574532,0.77079074547356
626433536657,23981392281,2.29619555995051,0.64526200438185,-0.881981997577412,0.768951557991246
637804383889,24399867839,2.30693209222035,0.655667520419815,-0.892718529847252,0.75854604195328
649381631576,24825654063,2.29813195610212,0.646536587068215,-0.883918393729022,0.76767697530488
661169026241,25258876715,2.29755565054486,0.645629702986524,-0.883342088171762,0.768583859386571
673170382414,25699679393,2.29491621539444,0.642659907731584,-0.880702653021342,0.771553654641511
685389583865,26148181017,2.29817885145369,0.645592401817783,-0.883965289080592,0.768621160555312
697830584860,26604529301,2.30141053949311,0.648494165727776,-0.887196977120013,0.765719396645319
710497411443,27068848990,2.30533692671267,0.652090846374224,-0.891123364339572,0.762122715998871
723394162737,27541285899,2.31017667961572,0.656601109973753,-0.895963117242623,0.757612452399343
736525012271,28021987280,2.30402006328368,0.650115221321627,-0.889806500910582,0.764098341051468
749894209332,28511099520,2.29722906486996,0.642995167285638,-0.883015502496862,0.771218395087457
763506080338,29008749369,2.3007689603997,0.646206223605889,-0.886555398026602,0.768007338767206
777365030239,29515104927,2.30620537842993,0.651314018554938,-0.891991816056833,0.762899543818158
791475543941,30030302620,2.29178565307432,0.63656588596257,-0.877572090701222,0.777647676410525
805842187761,30554512082,2.29496142926346,0.639413470476003,-0.880747866890362,0.774800091897092
820469610902,31087901529,2.29117823349891,0.635302298313994,-0.876964671125813,0.778911264059102
835362546958,31630594347,2.2908203731981,0.634616676611723,-0.876606810825002,0.779596885761372
850525815444,32182787786,2.28266048149189,0.626129238218402,-0.868446919118792,0.788084324154694
865964323360,32744633043,2.27774324126662,0.620884665739217,-0.863529678893522,0.793328896633879
881683066776,33316304717,2.29380604989106,0.636620356262348,-0.879592487517962,0.777593206110747
897687132447,33897959016,2.28995830772788,0.632445709870474,-0.875744745354782,0.781767852502621
913981699465,34489798356,2.28930003205747,0.631460743564466,-0.875086469684373,0.782752818808629
930572040930,35091989114,2.29394771248583,0.635781946671384,-0.879734150112732,0.778431615701711
947463525655,35704717918,2.29978741902363,0.641295388923558,-0.885573856650532,0.772918173449537
964661619911,36328147671,2.31239880566212,0.653580724034351,-0.898185243289022,0.760632838338744
982171889188,36962478878,2.32126213853861,0.66211821786379,-0.907048576165512,0.752095344509305
1000000000000,37607912018,2.31977290772838,0.660303360210399,-0.905559345355282,0.753910202162696
1018151721718,38264624845,2.30358499809242,0.643790035658953,-0.889371435719322,0.770423526714142
1036632928438,38932816263,2.30283960823971,0.642719442542738,-0.888626045866612,0.771494119830357
1055449600879,39612713211,2.30584064662767,0.645395489044052,-0.891627084254573,0.768818073329043
1074607828321,40304505632,2.29505274119908,0.634282802831076,-0.880839178825982,0.779930759542019
1094113810577,41008386852,2.29114223810784,0.630047729783613,-0.876928675734742,0.784165832589482
1113973859995,41724576462,2.2861687094864,0.624749841760588,-0.871955147113302,0.789463720612507
1134194403503,42453293474,2.29861789789381,0.636874881048054,-0.884404335520712,0.777338681325041
1154781984689,43194775497,2.30391233191974,0.641845375963215,-0.889698769546642,0.772368186409881
1175743265921,43949219661,2.30044069645148,0.638050011121381,-0.886227134078382,0.776163551251714
1197085030496,44716839189,2.29897691071993,0.636262705482071,-0.884763348346832,0.777950856891025
1218814184842,45497913655,2.28818114077857,0.625143624827869,-0.873967578405472,0.789069937545226
1240937760752,46292637552,2.28905714517954,0.625696527440528,-0.874843582806442,0.788517034932567
1263462917654,47101274782,2.29406206145344,0.63037855058084,-0.879848499080342,0.783835011792255
1286396944937,47924047772,2.29382921001827,0.629823014397451,-0.879615647645172,0.784390547975644
1309747264301,48761206627,2.28570240412462,0.621373731872173,-0.871488841751522,0.792839830500922
1333521432163,49613024665,2.27359469204211,0.60894375100636,-0.859381129669012,0.805269811366735
1357727142105,50479739014,2.27657893065315,0.611605928414637,-0.862365368280052,0.802607633958458
1382372227358,51361655053,2.28289941066917,0.617604554541201,-0.868685848296072,0.796609007831895
1407464663340,52258957555,2.27892337211117,0.613306869140329,-0.864709809738072,0.800906693232766
1433012570237,53171983687,2.26382551726366,0.597887574230319,-0.849611954890562,0.816325988142776
1459024215631,54100978082,2.27893930857918,0.612680131998004,-0.864725746206082,0.801533430375091
1485508017173,55046218317,2.27156896325089,0.604988759371369,-0.857355400877792,0.809224803001727
1512472545311,56008012794,2.27322560027338,0.606324575080316,-0.859012037900283,0.807888987292779
1539926526059,56986627065,2.28178127610166,0.614559635315703,-0.867567713728562,0.799653927057393
1567878843827,57982381878,2.2820224190154,0.614480368093512,-0.867808856642302,0.799733194279583
1596338544288,58995534746,2.28291247121134,0.615050215347352,-0.868698908838242,0.799163347025743
1625314837312,60026424984,2.29668325250347,0.628500996628559,-0.882469690130373,0.785712565744537
1654817099943,61075361433,2.3090408449389,0.640538793722102,-0.894827282565802,0.773674768650993
1684854879436,62142664981,2.30981311632983,0.64099147417853,-0.895599553956733,0.773222088194565
1715437896343,63228646315,2.30859431027134,0.639453281331793,-0.894380747898243,0.774760281041302
1746576047662,64333621303,2.32511853939098,0.655658327548799,-0.910904977017882,0.758555234824296
1778279410039,65457955727,2.3289040518558,0.659124860736451,-0.914690489482702,0.755088701636644
1810558243027,66601977870,2.32529538769484,0.655197420664153,-0.911081825321743,0.759016141708942
1843422992409,67766011251,2.32537644163335,0.654959901798002,-0.911162879260252,0.759253660575093
1876884293576,68950409539,2.32008372425674,0.64934881446476,-0.905870161883642,0.764864747908335
1910952974970,70155526587,2.30306536518234,0.632012288023596,-0.888851802809242,0.782201274349499
1945640061589,71381753591,2.30203549649603,0.630664454302716,-0.887821934122932,0.783549108070379
1980956778550,72629439006,2.30664621971944,0.634957414566597,-0.892432657346342,0.779256147806498
2016914554730,73898997329,2.31563644087914,0.643630074585104,-0.901422878506042,0.770583487787991
2053525026457,75190756452,2.32022696672417,0.647903240851087,-0.906013404351072,0.766310321522008
2090800041279,76505126608,2.31065695840394,0.638016074258247,-0.896443396030842,0.776197488114849
2128751661796,77842490672,2.32433296988736,0.651375128520281,-0.910119407514262,0.762838433852814
2167392169568,79203278539,2.31818875943902,0.644914161647031,-0.903975197065922,0.769299400726065
2206734069085,80587879961,2.33214198812705,0.658550834452369,-0.917928425753953,0.755662727920726
2246790091813,81996742035,2.31820145100962,0.644293941740709,-0.903987888636522,0.769919620632386
2287573200318,83430268707,2.31883608252056,0.644612417692592,-0.904622520147462,0.769601144680503
2329096592461,84888874992,2.31941407503161,0.644874454426929,-0.905200512658513,0.769339107946166
2371373705662,86373037724,2.32368055096108,0.64882517410972,-0.909466988587982,0.765388388263375
2414418221257,87883203704,2.31221733845256,0.637046404632695,-0.898003776079462,0.7771671577404
2458244068920,89419790629,2.30986339084353,0.634377099081963,-0.895649828470432,0.779836463291132
2502865431175,90983285584,2.31949819187318,0.643696740945801,-0.905284629500082,0.770516821427295
2548296747979,92574169640,2.33490156315667,0.65878515158896,-0.920688000783572,0.755428410784135
2594552721404,94192888452,2.33150104012376,0.65506986619123,-0.917287477750662,0.759143696181865
2641648320386,95839956923,2.32423963882806,0.64749390055675,-0.910026076454962,0.766719661816345
2689598785575,97515889061,2.33066049972641,0.653600394893345,-0.916446937353313,0.76061316747975
2738419634264,99221149545,2.31804384495982,0.640669571093486,-0.903830282586722,0.773543991279609
2788126665413,100956296512,2.30546667706472,0.627778431445524,-0.891253114691622,0.786435130927571
2838735964759,102721798407,2.30113340172928,0.623131381390027,-0.886919839356182,0.791082180983069
2890263910022,104518244359,2.31942668345851,0.641111085184868,-0.905213121085412,0.773102477188227
2942727176209,106346139585,2.3238614530201,0.645232473351053,-0.909647890647002,0.768981089022043
2996142741004,108206044907,2.31074801898216,0.631805854210484,-0.896534456609062,0.782407708162611
3050527890267,110098530314,2.30415526200325,0.624900108175968,-0.889941699630152,0.789313454197127
3105900223625,112024183136,2.2922274667242,0.61265951964305,-0.878013904351102,0.801554042730046
3162277660168,113983535775,2.29918816366617,0.619307618888064,-0.884974601293073,0.794905943485031
3219678444251,115977229036,2.28592003715226,0.605727089989733,-0.871706474779162,0.808486472383362
3278121151393,118005832119,2.29145941584696,0.610954261368638,-0.877245853473862,0.803259301004457
3337624694292,120069972084,2.31244125076101,0.631624083792062,-0.898227688387912,0.782589478581033
3398208328943,122170254785,2.31357429453705,0.632445309659646,-0.899360732163952,0.781768252713449
3459891660870,124307345476,2.30996337740288,0.62852276895665,-0.895749815029782,0.785690793416445
3522694651473,126481875235,2.32341303337031,0.641660995452785,-0.909199470997212,0.77255256692031
3586637624485,128694493409,2.32029317870528,0.638229905172351,-0.906079616332182,0.775983657200744
3651741272548,130945853288,2.31732627546835,0.634951959934724,-0.903112713095252,0.779261602438371
3718026663914,133236650804,2.30838713196789,0.625701967807529,-0.894173569594792,0.788511594565566
3785515249259,135567584393,2.310973007742,0.627977188088572,-0.896759445368902,0.786236374284523
3854228868623,137939396910,2.29660321085266,0.613296928600001,-0.882389648479562,0.800916633773094
3924189758485,140352742834,2.31511261723446,0.631496065036999,-0.900899054861362,0.782717497336096
3995420558950,142808389869,2.30608264943155,0.622156019704773,-0.891869087058452,0.792057542668322
4067944321083,145307004791,2.32577869440293,0.641542179323812,-0.911565132029833,0.772671383049284
4141784514364,147849442325,2.32199440677255,0.637448198280001,-0.907780844399452,0.776765364093094
4216965034286,150436402135,2.30970715165399,0.624851441449297,-0.895493589280892,0.789362120923798
4293510210083,153068718113,2.31472855277591,0.629563532323187,-0.900514990402812,0.784650030049909
4371444812611,155747149018,2.3327036789796,0.64722953950621,-0.918490116606502,0.766984022866885
4450794062356,158472541052,2.31382506673373,0.628041999230741,-0.899611504360632,0.786171563142354
4531583637601,161245632034,2.30240719007198,0.616315385294592,-0.888193627698882,0.797898177078503
4613839682733,164067332973,2.30406941298993,0.617669061457921,-0.889855850616833,0.796544500915174
4697588816706,166938515010,2.31688087840644,0.630172170404591,-0.902667316033342,0.784041391968504
4782858141654,169859972756,2.31626476775193,0.629247893330461,-0.902051205378832,0.784965669042634
4869675251659,172832654392,2.32429850455029,0.636973653525305,-0.910084942177192,0.77723990884779
4958068241685,175857418195,2.32722828684718,0.639595648801088,-0.913014724474082,0.774617913572007
5048065716667,178935200073,2.32592714222034,0.637986906502292,-0.911713579847242,0.776226655870804
5139696800772,182066929270,2.31992530216721,0.631677657893517,-0.905711739794112,0.782535904479578
5232991146815,185253536112,2.32603378720957,0.637478923264155,-0.911820224836472,0.77673463910894
5327978945866,188495991821,2.32683146855731,0.637969573592114,-0.912617906184212,0.776243988780981
5424690937011,191795233860,2.3365009715729,0.647332234008325,-0.922287409199803,0.76688132836477
5523158417307,195152365228,2.32627319266555,0.636797800690872,-0.912059630292452,0.777415761682223
5623413251903,198568288816,2.33913838155065,0.649356523124453,-0.924924819177552,0.764857039248642
5725487884358,202044138213,2.33295158860591,0.642863451456507,-0.918738026232812,0.771350110916588
5829415347136,205580875890,2.32315365212784,0.632759423753694,-0.908940089754742,0.781454138619401
5935229272297,209179642830,2.32247454166894,0.631774409339091,-0.908260979295842,0.782439153034004
6042963902381,212841447205,2.32464735728045,0.633641508034933,-0.910433794907352,0.780572054338162
6152654101490,216567491270,2.32416364293304,0.632852263583302,-0.909950080559942,0.781361298789794
6264335366569,220358835593,2.32441202612838,0.6327953032577,-0.910198463755282,0.781418259115395
6378043838892,224216626051,2.3334751145399,0.641553234503814,-0.919261552166802,0.772660327869281
6493816315762,228142093848,2.32660939538673,0.634382544313436,-0.912395833013632,0.779831018059659
6611690262415,232136360035,2.3424661319168,0.649934495707582,-0.928252569543702,0.764279066665513
6731703824145,236200642525,2.33951053963718,0.646674303966821,-0.925296977264082,0.767539258406274
6853895838650,240336155554,2.34376565464191,0.650625004959104,-0.929552092268812,0.763588557413991
6978305848599,244544161702,2.34823565576357,0.654790777291335,-0.934022093390473,0.75942278508176
7104974114427,248826006170,2.35120316456028,0.657454242296371,-0.936989602187182,0.756759320076724
7233941627367,253182915628,2.35667487437484,0.66262209309216,-0.942461312001742,0.751591469280935
7365250122712,257616141249,2.35076147692581,0.656405021172819,-0.936547914552712,0.757808541200276
7498942093325,262127157562,2.35845535665652,0.663795410757639,-0.944241794283422,0.750418151615456
7635060803383,266717249830,2.34278417811203,0.647820926168059,-0.928570615738932,0.766392636205036
7773650302388,271387870707,2.3499649279963,0.654698553884814,-0.935751365623202,0.759515008488281
7914755439411,276140381729,2.34889397185136,0.653324659227124,-0.934680409478262,0.760888903145971
8058421877615,280976205833,2.33808255211702,0.642210484412386,-0.923868989743922,0.772003077960709
8204696109025,285896812700,2.33479257312804,0.638617933553356,-0.920579010754943,0.775595628819739
8353625469578,290903712248,2.33105615941786,0.63457913096187,-0.916842597044762,0.779634431411225
8505258154440,295998429508,2.33772185423378,0.640942619664026,-0.923508291860682,0.773270942709069
8659643233601,301182484452,2.31909771539761,0.622016457260835,-0.904884153024512,0.79219710511226
8816830667756,306457457933,2.31601225325954,0.618629153882086,-0.901798690886442,0.795584408491009
8976871324473,311824932623,2.31547262010266,0.617787861590868,-0.901259057729562,0.796425700782227
9139816994655,317286549079,2.29218879383349,0.594202558074095,-0.877975231460392,0.820011004299
9305720409297,322843975350,2.2952534752492,0.596965943909734,-0.881039912876102,0.817247618463361
9474635256554,328498856640,2.2923841977712,0.59379555230038,-0.878170635398102,0.820418010072715
9646616199112,334252885762,2.31157161364527,0.612682035273402,-0.897358051272173,0.801531527099693
9821718891880,340107843269,2.32678742836952,0.627597098108885,-0.912573865996422,0.786616464264211
10000000000000,346065536839,2.33640327689597,0.636912375541221,-0.922189714522872,0.777301186831874
10181517217182,352127640224,2.32252701004538,0.622735718173936,-0.908313447672282,0.791477844199159
10366329284377,358296160860,2.32676468243244,0.626673180404874,-0.912551120059342,0.787540381968221
10554496008786,364572853213,2.31951744133839,0.619125909298821,-0.905303878965292,0.795087653074274
10746078283213,370959666365,2.32518268931519,0.624491307191672,-0.910969126942092,0.789722255181423
10941138105772,377458514975,2.32077603622472,0.61978498372963,-0.906562473851622,0.794428578643465
11139738599948,384071370705,2.33168916845147,0.630398625081898,-0.917475606078373,0.783814937291197
11341944035028,390800251173,2.33133961529978,0.62974976033791,-0.917126052926682,0.784463802035185
11547819846895,397647119429,2.33300768165607,0.631118694169574,-0.918794119282972,0.783094868203521
11757432659207,404614130781,2.33583447253572,0.633646531378136,-0.921620910162622,0.780567030994959
11970850304957,411703313972,2.3446498647045,0.642163148515619,-0.930436302331403,0.772050413857477
12188141848423,418916961004,2.34380123315393,0.641015920360174,-0.929587670780832,0.773197642012921
12409377607517,426257057172,2.33444676641915,0.631363035233964,-0.920233204046052,0.782850527139131
12634629176545,433725947596,2.34024032381258,0.636858352236803,-0.926026761439482,0.777355210136292
12863969449370,441325905516,2.34790019820119,0.644220164023442,-0.933686635828092,0.769993398349653
13097472643006,449059243413,2.33933102612039,0.635353106917447,-0.925117463747292,0.778860455455648
13335214321633,456928188674,2.33034074246918,0.626065115606356,-0.916127180096082,0.788148446766739
13577271421052,464935316623,2.33053003946801,0.62595688209953,-0.916316477094912,0.788256680273565
13823722273579,473082840010,2.34085102905764,0.635980518127021,-0.926637466684542,0.778233044246074
14074646633398,481373323907,2.3482088185066,0.643041130747025,-0.933995256133502,0.77117243162607
14330125702370,489809304409,2.35229800276288,0.646833314697572,-0.938084440389782,0.767380247675524
14590242156306,498393354478,2.34834121506918,0.642579703011776,-0.934127652696082,0.771633859361319
14855080171728,507128046063,2.34474409648929,0.638685936544217,-0.930530534116192,0.775527625828878
15124725453106,516015946270,2.35118499708526,0.644830365148104,-0.936971434712162,0.769383197224991
15399265260595,525059867820,2.34348696249529,0.636836034253167,-0.929273400122192,0.777377528119928
15678788438270,534262451520,2.34679259706709,0.639845547999018,-0.932579034693992,0.774368014374077
15963385442879,543626497875,2.34947791608098,0.642234921458249,-0.935264353707882,0.771978640914846
16253148373119,553154942409,2.3450315189537,0.637492753840238,-0.930817956580602,0.776720808532857
16548170999432,562850642510,2.33972851237705,0.631894151629794,-0.925514950003952,0.782319410743302
16848548794358,572716457400,2.33300708912259,0.624877307391851,-0.918793526749492,0.789336254981244
17154378963429,582755397862,2.34261747319691,0.634192444926738,-0.928403910823812,0.780021117446357
17465760476621,592970557398,2.35535451731488,0.646634416743433,-0.941140954941782,0.767579145629662
17782794100389,603365029986,2.36021613943359,0.651201140593494,-0.946002577060493,0.763012421779601
18105582430271,613941940611,2.35515453496732,0.645844811686035,-0.940940972594222,0.76836875068706
18434229924091,624704469441,2.35895345616568,0.649349182065862,-0.944739893792582,0.764864380307233
18768842935762,635655856081,2.35450765446417,0.644609002964032,-0.940294092091072,0.769604559409063
19109529749704,646799555641,2.35895861398333,0.648765758297005,-0.944745051610232,0.76544780407609
19456400615886,658138798145,2.3685957412291,0.658108854366998,-0.954382178856003,0.756104708006097
19809567785503,669677103524,2.3626639622563,0.651883217025468,-0.948450399883202,0.762330345347627
20169145547303,681417918342,2.3530265951407,0.641952164145184,-0.938813032767602,0.772261398227911
20535250264571,693364935561,2.34573480506408,0.634366860705278,-0.931521242690982,0.779846701667817
20908000412787,705521604347,2.34345140126383,0.63179011574085,-0.929237838890732,0.782423446632246
21287516617964,717891693494,2.3414174471074,0.629462992417416,-0.927203884734302,0.78475056995568
21673921695684,730478942747,2.35335078636822,0.641103334306828,-0.939137223995122,0.773110228066267
22067340690846,743287088342,2.35881751730894,0.64627723947051,-0.944603954935842,0.767936322902585
22467900918126,756320144191,2.35653542577414,0.643702493552173,-0.942321863401043,0.770511068820922
22875732003184,769582041963,2.34189890514177,0.628773489729245,-0.927685342768672,0.78544007264385
23290965924605,783076746274,2.34568709762577,0.632269370015502,-0.931473535252673,0.781944192357593
23713737056617,796808377212,2.35160078861411,0.637890919599094,-0.937387226241013,0.776322642774001
24144182212566,810781082389,2.35355990858789,0.639558068761658,-0.939346346214792,0.774655493611437
24582440689202,824999197473,2.35810663240091,0.643812992157875,-0.943893070027812,0.77040057021522
25028654311746,839466876497,2.35082520234556,0.636239931881368,-0.936611639972462,0.777973630491727
25482967479793,854188591124,2.36979372437933,0.654916993691205,-0.955580162006233,0.75929656868189
25945527214040,869168849342,2.35574446834228,0.64057644722937,-0.941530905969182,0.773637115143725
26416483203861,884412018553,2.34322740634616,0.627768264409888,-0.929013843973062,0.786445297963208
26895987855750,899922952386,2.34127474894935,0.625524655593754,-0.927061186576252,0.788688906779341
27384196342644,915706247570,2.34467036492913,0.628629489361209,-0.930456802556032,0.785584073011886
27881266654131,931766644554,2.32858187977452,0.612250391004579,-0.914368317401422,0.801963171368516
28387359647588,948109109075,2.3334315538964,0.61680962073839,-0.919217991523302,0.797403941634706
28902639100225,964738535395,2.34232028003908,0.625408071110943,-0.928106717665982,0.788805491262152
29427271762093,981660048146,2.34314855405044,0.625946237774449,-0.928934991677343,0.788267324598646
29961427410044,998878669819,2.34398177437701,0.626489518980108,-0.929768212003912,0.787724043392988
30505278902670,1016399717908,2.35101297135092,0.633230944865061,-0.936799408977822,0.780982617508034
31059002236247,1034228365446,2.35004759736161,0.631975967624099,-0.935834034988512,0.782237594748997
31622776601684,1052370166553,2.34457373999857,0.626212674652398,-0.930360177625473,0.788000887720697
32196784442514,1070830671240,2.34550515932404,0.626854825818223,-0.931291596950943,0.787358736554872
32781211513935,1089615330911,2.35465199279436,0.635712558384276,-0.940438430421262,0.77850100398882
33376246942920,1108729905287,2.34278167547259,0.623553307220314,-0.928568113099492,0.790660255152781
33982083289426,1128180200987,2.34571108383392,0.626193948608557,-0.931497521460822,0.788019613764538
34598916608699,1147972138480,2.3418269316037,0.622021196081725,-0.927613369230602,0.79219236629137
35226946514731,1168111671106,2.34319346016726,0.623099290832845,-0.928979897794162,0.791114271540251
35866376244848,1188604963918,2.33280522418819,0.612422787333538,-0.918591661815092,0.801790775039557
36517412725484,1209458299907,2.3416315500866,0.62096101181228,-0.927417987713502,0.793252550560815
37180266639145,1230677945107,2.33886695416318,0.617908480378455,-0.924653391790082,0.79630508199464
37855152492586,1252270287433,2.35776896340207,0.63652271982523,-0.943555401028972,0.777690842547865
38542288686231,1274241854669,2.35711873390724,0.635584886065927,-0.942905171534142,0.778628676307169
39241897584845,1296599482186,2.35445446510464,0.632633178336181,-0.940240902731542,0.781580384036914
39954205589499,1319349801621,2.35645398402017,0.634345423471904,-0.942240421647073,0.779868138901191
40679443210830,1342499808039,2.36676728805003,0.644371618679634,-0.952553725676933,0.769841943693461
41417845143644,1366056416815,2.36842011375307,0.645737500328888,-0.954206551379972,0.768476062044207
42169650342858,1390027011336,2.36930196866459,0.646332575765956,-0.955088406291493,0.767880986607139
42935102100835,1414418623655,2.36602087540552,0.642764867423085,-0.951807313032422,0.771448694950011
43714448126111,1439238786801,2.35685377929883,0.633311320434884,-0.942640216925732,0.780902241938211
44507940623560,1464495014366,2.36313021146847,0.63930146573727,-0.948916649095372,0.774912096635825
45315836376008,1490194890360,2.38226131073132,0.658146441959408,-0.968047748358223,0.756067120413687
46138396827332,1516346295992,2.36974661762177,0.645345789448297,-0.955533055248672,0.768867772924798
46975888167065,1542957230128,2.36558950149359,0.640902877370638,-0.951375939120492,0.773310685002457
47828581416538,1570035769640,2.3738836470403,0.648911390233202,-0.959670084667202,0.765302172139893
48696752516586,1597590147386,2.38171565568111,0.65645792926877,-0.967502093308012,0.757755633104325
49580682416847,1625628527013,2.3710199571715,0.64547692404671,-0.956806394798402,0.768736638326385
50480657166675,1654159632783,2.364916496178,0.639088319047764,-0.950702933804902,0.775125243325331
51396968007715,1683192085610,2.3740438778577,0.647930719243545,-0.959830315484602,0.76628284312955
52329911468149,1712734632957,2.37834387621249,0.651945898450787,-0.964130313839392,0.762267663922308
53279789458656,1742796375509,2.37691286283232,0.6502302280746,-0.962699300459222,0.763983334298495
54246909370113,1773386250701,2.3916469188348,0.664679789048067,-0.977433356461702,0.749533773325028
55231584173071,1804513736777,2.39326333211133,0.666011869078379,-0.979049769738232,0.748201693294716
56234132519035,1836188237927,2.36626599462722,0.638730359946949,-0.952052432254122,0.775483202426146
57254878843584,1868419358507,2.36994933090101,0.642129685988735,-0.955735768527912,0.77208387638436
58294153471361,1901216889801,2.37730834932053,0.649204855408296,-0.963094786947432,0.7650087069648
59352292722970,1934590928283,2.37186683448669,0.643479652623583,-0.957653272113592,0.770733909749512
60429639023813,1968551382642,2.36681203931481,0.63814133036727,-0.952598476941713,0.776072232005825
61526541014904,2003108707015,2.35276119433798,0.623807118990109,-0.938547631964882,0.790406443382986
62643353665689,2038273377884,2.35098040557251,0.621743124326385,-0.936766843199412,0.79247043804671
63780438388922,2074056076470,2.34147303701113,0.61195271018711,-0.927259474638032,0.802260852185986
64938163157621,2110467651032,2.34327705349631,0.613473841233344,-0.929063491123212,0.800739721139751
66116902624148,2147519275578,2.35907777728774,0.628991839543676,-0.944864214914642,0.78522172282942
67317038241450,2185222117394,2.35085113543078,0.620482631982671,-0.936637573057682,0.793730930390425
68538958386501,2223587615510,2.35587715676387,0.625226247208281,-0.941663594390772,0.788987315164814
69783058485987,2262627494214,2.36684523477532,0.635912078528635,-0.952631672402222,0.77830148384446
71049741144268,2302353524086,2.36132593637875,0.630110692677474,-0.947112374005653,0.784102869695621
72339416273667,2342777969763,2.35844214701095,0.626944974912016,-0.944228584637852,0.787268587461079
73652501227123,2383912740151,2.34782597982158,0.61604703820265,-0.933612417448482,0.798166524170445
74989420933246,2425770710702,2.35343421728331,0.62137366484308,-0.939220654910212,0.792839897530015
76350608033833,2468364544607,2.36711419919102,0.634772194449523,-0.952900636817922,0.779441367923573
77736503023878,2511707134987,2.38428267411863,0.651659375417533,-0.970069111745532,0.762554186955562
79147554394112,2555811585897,2.38209932388154,0.649194889384451,-0.967885761508443,0.765018672988644
80584218776148,2600691470531,2.37364227388168,0.640456861574443,-0.959428711508582,0.773756700798652
82046961090250,2646360285146,2.39416643845991,0.660700206150908,-0.979952876086813,0.753513356222188
83536254695783,2692831912371,2.37854549162546,0.644798596945911,-0.964331929252362,0.769414965427184
85052581544400,2740120503980,2.36617211005321,0.632144710457468,-0.951958547680112,0.782068851915628
86596432336007,2788240635260,2.35733810777052,0.623030360536371,-0.943124545397422,0.791183201836724
88168306677557,2837206686750,2.35382599821582,0.619238060444778,-0.939612435842722,0.794975501928317
89768713244731,2887033637929,2.36532388311222,0.630455911729826,-0.951110320739122,0.783757650643269
91398169946549,2937736691899,2.36393763080445,0.628789782560564,-0.949724068431353,0.785423779812531
93057204092970,2989331210974,2.35625979957782,0.620832231046918,-0.942046237204722,0.793381331326177
94746352565538,3041832888457,2.34753244777003,0.611825315351499,-0.933318885396932,0.802388247021597
96466161991120,3095257569168,2.35462545651506,0.618638916433488,-0.940411894141962,0.795574645939608
98217188918804,3149621718382,2.36338838547925,0.627122593784722,-0.949174823106152,0.787090968588373
100000000000000,3204941750802,2.35675618832383,0.62021130089222,-0.942542625950732,0.794002261480875
101815172171818,3261234506440,2.3571351010181,0.620311273551362,-0.942921538645002,0.793902288821734
103663292843770,3318517122720,2.36199708638794,0.624894474414397,-0.947783524014842,0.789319087958698
105544960087860,3376806983283,2.35975106840541,0.622369827280049,-0.945537506032313,0.791843735093046
107460782832132,3436122004826,2.35761356528125,0.619953850186006,-0.943400002908152,0.79425971218709
109411381057719,3496479880155,2.35801741509866,0.620079381042709,-0.943803852725562,0.794134181330387
111397385999480,3557899262954,2.3687438307822,0.630527632602246,-0.954530268409102,0.78368592977085
113419440350276,3620398728967,2.37545551076141,0.636961303121972,-0.961241948388312,0.777252259251124
115478198468946,3683997357774,2.37908975608176,0.64031769347546,-0.964876193708663,0.773895868897635
117574326592071,3748714452447,2.37828388204231,0.63923411879016,-0.964070319669212,0.774979443582935
119708503049573,3814569556284,2.36909876907529,0.629771459326976,-0.954885206702192,0.784442103046119
121881418484229,3881582817267,2.38706742390915,0.64746272164332,-0.972853861536052,0.766750840729776
124093776075172,3949774743961,2.38268700945256,0.642805068477104,-0.968473447079462,0.771408493895991
126346291765447,4019166018263,2.38765654538899,0.647497519341327,-0.973442983015892,0.766716043031768
128639694493697,4089777747337,2.3789091325535,0.638473174900863,-0.964695570180402,0.775740387472233
130974726430059,4161631392696,2.37814207622689,0.637429340266604,-0.963928513853792,0.776784222106491
133352143216332,4234748825938,2.38735642326557,0.646367062125337,-0.973142860892472,0.767846500247758
135772714210518,4309152350972,2.39000886915632,0.648743035794501,-0.975795306783222,0.765470526578594
138237222735790,4384864493469,2.3937109901525,0.652168837358392,-0.979497427779402,0.762044725014703
140746466333984,4461908561572,2.38793117154831,0.646112851942431,-0.973717609175212,0.768100710430664
143301257023696,4540307528279,2.38352162003711,0.641427286071476,-0.969308057664012,0.772786276301619
145902421563056,4620085497537,2.39357561915926,0.651205423117662,-0.979362056786162,0.763008139255433
148550801717278,4701266803957,2.39513343877148,0.652487532769767,-0.980919876398382,0.761726029603328
151247254531062,4783876276998,2.3940710030629,0.651149539049253,-0.979857440689803,0.763064023323842
153992652605949,4867939006224,2.39565791189668,0.652461041651889,-0.981444349523582,0.761752520721207
156787884382697,4953480517147,2.39840177043521,0.654929645572953,-0.984188208062112,0.759283916800143
159633854428794,5040526673811,2.38830883615074,0.644561608117856,-0.974095273777642,0.769651954255239
162531483731186,5129104116860,2.387187044751,0.643164864827767,-0.972973482377902,0.771048697545328
165481709994318,5219239996895,2.38789133694012,0.643594356240528,-0.973677774567022,0.770619206132568
168485487943584,5310961585577,2.39348418279591,0.648912552267934,-0.979270620422812,0.765301010105161
171543789634288,5404296555932,2.39197097917576,0.647124849601636,-0.977757416802662,0.767088712771459
174657604766212,5499273883761,2.39094635729712,0.645825879293617,-0.976732794924023,0.768387683079478
177827941003892,5595921989102,2.3847420998302,0.63934742384889,-0.970528537457102,0.774866138524205
181055824302712,5694270455642,2.37434630743971,0.628677583767242,-0.960132745066612,0.785535978605853
184342299240911,5794349324839,2.37830288483166,0.632360263590031,-0.964089322458562,0.781853298783064
187688429357622,5896188990400,2.37626852493872,0.630052156085545,-0.962054962565622,0.78416140628755
191095297497044,5999820404449,2.37837850390865,0.63188853723743,-0.964164941535552,0.782325025135665
194564006158864,6105275375019,2.37654284372966,0.629779428870055,-0.962329281356562,0.78443413350304
198095677855034,6212585767784,2.36436568194623,0.617328968364325,-0.950152119573133,0.79688459400877
201691455473033,6321784307958,2.36970677026264,0.622396907261213,-0.955493207889542,0.791816655111882
205352502645715,6432904362865,2.3664893684071,0.61890650512589,-0.952275806034002,0.795307057247205
209080004127872,6545979512109,2.3757386789333,0.627882964349275,-0.961525116560202,0.78633059802382
212875166179637,6661044599430,2.38075583747274,0.632627420400363,-0.966542275099642,0.781586141972732
216739216956842,6778134448680,2.37317428014071,0.624773309232203,-0.958960717767612,0.789440253140892
220673406908459,6897284640719,2.36974207883137,0.621068702576981,-0.955528516458273,0.793144859796115
224679009181264,7018531663255,2.37220349725461,0.623257863982875,-0.957989934881512,0.79095569839022
228757320031840,7141912341968,2.38269793772647,0.633480195604482,-0.968484375353372,0.780733366768613
232909659246055,7267463955932,2.37955519033358,0.630065487367247,-0.965341627960482,0.784148075005848
237137370566166,7395225497741,2.39063645232785,0.640874936362162,-0.976422889954752,0.773338626010933
241441822125664,7525235322085,2.38602641733585,0.635993236055139,-0.971812854962752,0.778220326317956
245824406892020,7657533051369,2.37981224357109,0.629507544499292,-0.965598681197992,0.784706017873803
250286543117461,7792159155244,2.37402967541915,0.623453605920067,-0.959816113046052,0.790759956453029
254829674797935,7929154685268,2.36661195079112,0.615764658068679,-0.952398388418022,0.798448904304417
259455272140402,8068561030949,2.36678750382037,0.615669134918884,-0.952573941447272,0.798544427454211
264164832038609,8210421179092,2.37568940624866,0.624300108053089,-0.961475843875562,0.789913454320006
268959878557504,8354777956873,2.38083382400392,0.629173743240128,-0.966620261630822,0.785039819132967
273841963426436,8501675640549,2.3867009121777,0.634770195412713,-0.972487349804602,0.779443366960382
278812666541313,8651158663707,2.38363970941725,0.631438503059516,-0.969426147044152,0.78277505931358
283873596475876,8803272991947,2.39185887518658,0.639387325486223,-0.977645312813482,0.774826236886872
289026391002245,8958064699587,2.38618552069194,0.63344377374102,-0.971971958318843,0.780769788632075
294272717620928,9115581076745,2.38005239612594,0.627040597858706,-0.965838833752842,0.787172964514389
299614274100436,9275870117908,2.37991654952922,0.626634845722368,-0.965702987156122,0.787578716650727
305052789026703,9438980482792,2.3840290814066,0.630477617679528,-0.969815519033502,0.783735944693567
310590022362471,9604961962025,2.38895837316496,0.63513729498002,-0.974744810791862,0.779076267393075
316227766016838,9773865306521,2.39098634923505,0.636895801897805,-0.976772786861952,0.77731776047529
321967844425138,9945742138865,2.38846013384056,0.634100262500035,-0.974246571467462,0.78011329987306
327812115139346,10120644193844,2.38394330362119,0.629314253270126,-0.969729741248092,0.784899309102969
333762469429204,10298625395623,2.39537220687596,0.640474122351066,-0.981158644502862,0.773739440022029
339820832894256,10479739800382,2.41197404969872,0.656807075680925,-0.997760487325622,0.757406486692171
345989166086993,10664042676177,2.40408501662475,0.648649297639452,-0.989871454251652,0.765564264733643
352269465147310,10851590026570,2.4069427960453,0.651238476462622,-0.992729233672202,0.762975085910473
358663762448477,11042439237243,2.40481601000988,0.648843234044914,-0.990602447636783,0.765370328328181
365174127254838,11236648683811,2.40854468040162,0.65230359211468,-0.994331118028523,0.761909970258415
371802666391447,11434277105534,2.40544183861077,0.64893258190764,-0.991228276237672,0.765280980465455
378551524925863,11635384937881,2.4046770799097,0.647899798541884,-0.990463517536602,0.766313763831212
385422886862311,11840033683758,2.40365758238395,0.646612419948916,-0.989444020010852,0.767601142424179
392418975848454,12048285422981,2.38362401976589,0.626311119707325,-0.969410457392793,0.787902442665771
399542055894989,12260203791178,2.38198149667878,0.624401002286827,-0.967767934305683,0.789812560086268
406794432108305,12475853405025,2.38371523195643,0.625867286367942,-0.969501669583332,0.788346276005153
414178451436441,12695300041395,2.38972914919916,0.631613895397943,-0.975515586826062,0.782599666975152
421696503428582,12918610636569,2.39667667856849,0.638294259385549,-0.982463116195392,0.775919302987546
429351021008348,13145853436643,2.39201684262219,0.633367400735974,-0.977803280249092,0.780846161637121
437144481261109,13377097511911,2.39277238225067,0.633856060187314,-0.978558819877572,0.780357502185781
445079406235600,13612413424017,2.40694334551572,0.647760285649293,-0.992729783142622,0.766453276723803
453158363760082,13851872990380,2.40196769267989,0.642518037232633,-0.987754130306792,0.771695525140462
461383968273321,14095549187273,2.40143448508401,0.641718376126584,-0.987220922710913,0.772495186246511
469758881670649,14343516402402,2.4123443042491,0.652361883700824,-0.998130741876002,0.761851678672271
478285814165379,14595850038290,2.40481459391185,0.644566003540946,-0.990601031538753,0.769647558832149
486967525165863,14852627465838,2.40517079687054,0.644656178294371,-0.990957234497442,0.769557384078724
495806824168466,15113927133207,2.40846022299422,0.647679717679533,-0.994246660621122,0.766533844693562
504806571666747,15379828112973,2.4005574852022,0.639511234465366,-0.986343922829102,0.774702327907729
513969680077151,15650412007570,2.4004976936792,0.639185838686452,-0.986284131306102,0.775027723686643
523299114681495,15925760983141,2.39066858536428,0.629091267131954,-0.976455022991183,0.785122295241141
532797894586564,16205959381065,2.39692823730297,0.635085596697742,-0.982714674929872,0.779127965675353
542469093701133,16491092532372,2.39825904779771,0.636151225536837,-0.984045485424612,0.778062336836258
552315841730710,16781247544091,2.40869777435718,0.646324911008733,-0.994484211984082,0.767888651364362
562341325190349,17076512571495,2.40719055559398,0.644552791577085,-0.992976993220882,0.76966077079601
572548788435838,17376978215911,2.41292473556691,0.650022211151983,-0.998711173193812,0.764191351221112
582941534713607,17682735859633,2.40777221637557,0.644605071684554,-0.993558654002473,0.769608490688541
593522927229699,17993879244688,2.39668599701789,0.633254372024489,-0.982472434644792,0.780959190348606
604296390238133,18310502763805,2.4129316117706,0.649235646300516,-0.998718049397502,0.764977916072579
615265410149037,18632702921112,2.39303724423871,0.629077077969877,-0.978823681865612,0.785136484403218
626433536656886,18960578450279,2.38957890870487,0.625354681167686,-0.975365346331772,0.788858881205409
637804383889218,19294228972656,2.37979850867507,0.615310359252635,-0.965584946301972,0.79890320312046
649381631576211,19633756840400,2.38264073862675,0.617888806555095,-0.968427176253652,0.796324755818
661169026241482,19979265434378,2.3878862002808,0.622870624649121,-0.973672637907702,0.791342937723974
673170382414498,20330860197416,2.38772855119033,0.622449470941221,-0.973514988817232,0.791764091431874
685389583865008,20688648886773,2.38627980184761,0.620737355777295,-0.972066239474512,0.7934762065958
697830584859866,21052739643194,2.37614166912412,0.610335995882682,-0.961928106751022,0.803877566490413
710497411442679,21423244269166,2.38241354261194,0.616344780703553,-0.968199980238842,0.797868781669542
723394162736675,21800276146253,2.378409773184,0.61207806096716,-0.964196210810902,0.802135501405935
736525012271228,22183950186614,2.37533097859187,0.608736454279623,-0.961117416218772,0.805477108093472
749894209332456,22574383131781,2.37942367763603,0.612566479296203,-0.965210115262932,0.801647083076892
763506080338335,22971694145034,2.382628572204,0.615508837759428,-0.968415009830902,0.798704724613668
777365030238776,23376004855255,2.38666137151965,0.619279238748404,-0.972447809146552,0.794934323624691
791475543941116,23787438559267,2.39296520464002,0.625320811175638,-0.978751642266922,0.788892751197457
805842187761482,24206121163361,2.39521770809739,0.627311191429102,-0.981004145724292,0.786902370943993
820469610902499,24632179802435,2.41177584664972,0.643607344122674,-0.997562284276622,0.770606218250421
835362546957826,25065745385449,2.40073371036539,0.63230335918088,-0.986520147992292,0.781910203192215
850525815443996,25506949631706,2.41219322627322,0.643501163488912,-0.997979663900122,0.770712398884184
865964323360065,25955927234388,2.41568112698058,0.646727489510735,-1.00146756460748,0.76748607286236
881683066775571,26412816024032,2.41549366571874,0.646278590334442,-1.00128010334564,0.767934972038653
897687132447314,26877754743765,2.41333362816071,0.643857251490088,-0.999120065787612,0.770356310883007
913981699465491,27350885895361,2.41356146020018,0.643823918728635,-0.999347897827082,0.770389643644461
930572040929699,27832353418219,2.41875176204095,0.648753192111375,-1.00453819966785,0.76546037026172
947463525655375,28322305012390,2.40856480760261,0.638305345415616,-0.994351245229512,0.77590821695748
964661619911199,28820889513006,2.41143113123687,0.640910912851006,-0.997217568863772,0.773302649522089
982171889188038,29328260071951,2.41602936187304,0.645248523205018,-1.00181579949994,0.768965039168077
1000000000000000,29844570422669,2.40536374525342,0.634322422078335,-0.991150182880322,0.779891140294761
