x,pi_x,product_chi2_re,product_chi2_im,product_chi4
100,25,0.730455324456484,0.172521874298195,0.325814672916431
102,26,0.81116972927678,0.191585326827372,0.361816789029058
104,27,0.822065969451367,0.110584759999077,0.329363626585364
106,27,0.822065969451367,0.110584759999077,0.329363626585364
107,28,0.803862602585418,0.188297091008931,0.300329662260378
109,29,0.73359677518304,0.171837996065778,0.332143212167565
111,29,0.73359677518304,0.171837996065778,0.332143212167565
113,30,0.743185075000271,0.10192502515338,0.30358439463289
115,30,0.743185075000271,0.10192502515338,0.30358439463289
118,30,0.743185075000271,0.10192502515338,0.30358439463289
120,30,0.743185075000271,0.10192502515338,0.30358439463289
122,30,0.743185075000271,0.10192502515338,0.30358439463289
124,30,0.743185075000271,0.10192502515338,0.30358439463289
126,30,0.743185075000271,0.10192502515338,0.30358439463289
129,31,0.728405217393342,0.166560536268043,0.27884123604323
131,32,0.79813894039343,0.18250617479659,0.305536044167785
133,32,0.79813894039343,0.18250617479659,0.305536044167785
136,32,0.79813894039343,0.18250617479659,0.305536044167785
138,33,0.776875759609076,0.248879150228245,0.281486987809518
141,34,0.716134061311923,0.229419999818889,0.307575173533029
143,34,0.716134061311923,0.229419999818889,0.307575173533029
146,34,0.716134061311923,0.229419999818889,0.307575173533029
149,35,0.661908411403724,0.212048324228807,0.335021177825481
151,36,0.720545579026782,0.230833269272223,0.364700046718785
154,36,0.720545579026782,0.230833269272223,0.364700046718785
157,37,0.6976792616034,0.286514136097295,0.337745056713135
160,37,0.6976792616034,0.286514136097295,0.337745056713135
163,38,0.715729800349903,0.230453851548109,0.313212370488102
165,38,0.715729800349903,0.230453851548109,0.313212370488102
168,39,0.693742598617304,0.284137265568977,0.290716084465062
172,39,0.693742598617304,0.284137265568977,0.290716084465062
175,40,0.711233975838232,0.230063147713129,0.270175055376926
178,40,0.711233975838232,0.230063147713129,0.270175055376926
181,42,0.714909717494796,0.231252141383872,0.315447177030922
184,42,0.714909717494796,0.231252141383872,0.315447177030922
188,42,0.714909717494796,0.231252141383872,0.315447177030922
191,43,0.770673710050716,0.249290143071497,0.340052513343009
195,44,0.784552965925416,0.192816784854525,0.317218617604748
198,45,0.766922332054679,0.247457738583269,0.296120878567019
202,46,0.716155420321597,0.231077116130057,0.318713908519437
205,46,0.716155420321597,0.231077116130057,0.318713908519437
209,46,0.716155420321597,0.231077116130057,0.318713908519437
213,47,0.769102628836229,0.248161240474467,0.342277245878963
217,47,0.769102628836229,0.248161240474467,0.342277245878963
221,47,0.769102628836229,0.248161240474467,0.342277245878963
225,48,0.782213052794455,0.195780380143831,0.320795209730859
229,50,0.718373433833858,0.231324910228297,0.322114441015042
233,51,0.730393297394742,0.183475254367413,0.302309487965467
237,51,0.730393297394742,0.183475254367413,0.302309487965467
241,53,0.733251322413927,0.184193192044626,0.345470334517823
246,53,0.733251322413927,0.184193192044626,0.345470334517823
250,53,0.733251322413927,0.184193192044626,0.345470334517823
255,54,0.782651870433064,0.196602640688296,0.368745333590924
259,55,0.767402134131433,0.244471870607243,0.34709419271495
264,56,0.779512987759326,0.196405040622193,0.326934545038307
269,57,0.734716530290122,0.185118185640778,0.348162379999157
274,58,0.782233852846743,0.197090586118437,0.370679559660229
279,59,0.7676206335992,0.24321243999262,0.349669929773656
284,61,0.828764246298571,0.209376790077058,0.350988696227652
289,61,0.828764246298571,0.209376790077058,0.350988696227652
294,62,0.838135637793692,0.160412383301802,0.33161551120661
300,62,0.838135637793692,0.160412383301802,0.33161551120661
305,62,0.838135637793692,0.160412383301802,0.33161551120661
311,64,0.875960062803821,0.220049018186168,0.332569352336391
316,65,0.885568675798365,0.169993717153027,0.314777098762501
322,66,0.873266094787679,0.219041227510412,0.298037637341032
328,66,0.873266094787679,0.219041227510412,0.298037637341032
334,67,0.92405685290333,0.231781067142616,0.31537205309117
340,68,0.908734392423887,0.281282983778892,0.29908012078395
346,68,0.908734392423887,0.281282983778892,0.29908012078395
352,70,0.845792197598862,0.312395772956817,0.29989569766916
359,72,0.816870365107106,0.253257091188423,0.300605861088894
365,72,0.816870365107106,0.253257091188423,0.300605861088894
372,73,0.801466619805208,0.295093308196834,0.285692817411685
379,75,0.774765146945084,0.24056013423031,0.28633655108878
385,76,0.785007567481083,0.200448121320943,0.272416707581658
392,77,0.747126738147633,0.190775423389719,0.28696648598607
400,78,0.735698848398096,0.227699090157697,0.273252343964399
407,79,0.774368990414651,0.239667514700716,0.287615159633432
414,80,0.737883023127876,0.228375093117059,0.302576610096011
422,82,0.739557959304986,0.228893486539083,0.334416119945986
429,82,0.739557959304986,0.228893486539083,0.334416119945986
437,84,0.786723625878945,0.202669324072873,0.335229451283808
445,86,0.758364391208336,0.157406096560481,0.336064086334363
453,87,0.724187853359719,0.150312415107254,0.352709475631578
461,89,0.750547157307165,0.192764262525832,0.353407556712107
470,91,0.748974780453478,0.192201531643756,0.322776405070968
478,91,0.748974780453478,0.192201531643756,0.322776405070968
487,93,0.706468969485398,0.2158165073621,0.323568275384925
496,94,0.739858307490021,0.226016488709531,0.338860851536246
505,96,0.716378414405431,0.184390397681183,0.339599267961245
514,97,0.685973187438902,0.176564321714617,0.355349874218131
523,99,0.724093055766544,0.152991789048387,0.356061841524768
533,99,0.724093055766544,0.152991789048387,0.356061841524768
542,100,0.756622811188628,0.159864918737585,0.372057858235185
552,101,0.748419255519382,0.191865015344849,0.356802101987505
562,102,0.738962989906104,0.223175882113902,0.342298451134714
573,105,0.748299657929503,0.19201458076493,0.357801300746641
583,106,0.739025180134838,0.222780601569961,0.343501160332725
594,108,0.737728187170153,0.2225578153773,0.3168729240041
604,110,0.738909428088319,0.222914172098859,0.344420754776748
615,112,0.737655796585698,0.222695980478179,0.318136997690303
626,114,0.699400022950677,0.242247723818047,0.31863184394861
638,115,0.728397051733777,0.252291281138159,0.331842276386416
649,118,0.757208116195387,0.262167050124005,0.319807506187915
661,121,0.767411494129558,0.232518235781627,0.333198416013998
673,122,0.775222522625861,0.202635603565703,0.320831279049594
685,124,0.774049948011524,0.202468810453765,0.297570860807711
698,125,0.804660683026062,0.210475682776967,0.309338657952626
710,127,0.805976159407044,0.210819772895081,0.334025408515009
723,128,0.776998986828557,0.203240192691824,0.346965020333473
737,130,0.77590520466317,0.203080017071942,0.322640007853924
750,132,0.75454616151794,0.168193037615629,0.323108089796333
764,135,0.804932110645707,0.210384600052283,0.335755255743396
777,137,0.783206238970488,0.174892026701457,0.336222754473629
791,138,0.775986006411431,0.202552940508917,0.32465022380423
806,139,0.767847790576396,0.229751504698386,0.313543928053883
820,141,0.768763534400219,0.230025508900813,0.336795735872799
835,145,0.768914011805732,0.229999913545721,0.337613865078526
851,146,0.743254032960889,0.222324422105476,0.349686379595545
866,150,0.724377192522879,0.190022481893044,0.327347720415741
882,152,0.742146414469138,0.221708215398064,0.327695377267264
898,154,0.741325575208842,0.221401728137284,0.306727675879879
914,156,0.758288943545305,0.2541670251976,0.30704305077762
931,158,0.710754960359189,0.238234350450001,0.32828774052877
947,161,0.716356464625482,0.29325438871769,0.318272399340093
965,162,0.725095050820836,0.269766256090386,0.30828603510883
982,165,0.728984997025536,0.325810575646177,0.299017610437334
1000,168,0.752217380423002,0.335991406834431,0.290094834172398
1018,170,0.738764365991393,0.302525355359193,0.290400142860252
1037,174,0.77221357547267,0.288520488985764,0.309786463628363
1055,177,0.749669530087608,0.280097406039788,0.340390013911929
1075,180,0.75834720089152,0.257133400324949,0.351470478739015
1094,183,0.781284273210175,0.264983247387297,0.341446027678284
1114,186,0.757797353127704,0.257086758397354,0.331711973721224
1134,189,0.735219654925611,0.249492716436424,0.322335894918183
1155,191,0.764456542634007,0.234556755888234,0.322624201979571
1176,193,0.793870936496085,0.218338720204358,0.322868473623906
1197,196,0.816961026250239,0.224753366673019,0.314072172153481
1219,199,0.840554388092123,0.23120145060072,0.305617051825901
1241,203,0.840572896662912,0.231059944205409,0.306114397056216
1263,205,0.795036361660517,0.218542684514152,0.324164228129481
1286,208,0.772792767826655,0.212482688488249,0.315600001338074
1310,214,0.788153604478878,0.240389988766546,0.316418656666606
1334,217,0.781541823039528,0.2620216397067,0.325644013276319
1358,217,0.781541823039528,0.2620216397067,0.325644013276319
1382,221,0.824912820177982,0.276616557590619,0.326113654834107
1407,222,0.80343251022086,0.269413603228682,0.335072031554223
1433,227,0.768102384706052,0.23516116023158,0.326944931584488
1459,232,0.748414259397757,0.229177917000012,0.336229517994813
1486,235,0.794688704090064,0.220954971687757,0.345469941113005
1512,240,0.774518793910335,0.215390430814208,0.355043279014891
1540,242,0.799971143739706,0.200540964112924,0.355252112489325
1568,247,0.764767533983276,0.17106335459028,0.346912047316089
1596,250,0.769119048074521,0.151852051187222,0.356127653589328
1625,257,0.765342406486729,0.171140566420683,0.365846587653204
1655,259,0.755474575061319,0.208670124981737,0.348385406764757
1685,263,0.731545723146857,0.221511773670121,0.332087660890174
1715,267,0.696944538348914,0.21101275497164,0.332436128604929
1747,272,0.736201493815363,0.20360056705815,0.325030771444934
1778,275,0.718681730123364,0.198630252011778,0.317666927194106
1811,280,0.735921321177519,0.203373958562613,0.325632083498306
1843,282,0.757992649676134,0.19048751069267,0.325793717922153
1877,288,0.783395586133572,0.235982906384212,0.311551250121501
1911,292,0.76039600812818,0.248179303045203,0.326601934684253
1946,295,0.788460787240674,0.218111551781548,0.31947070575774
1981,299,0.77592487851726,0.195954859381427,0.33460455280491
2017,306,0.770725384782532,0.213056502272909,0.313416263243431
2054,310,0.737260601436451,0.203917541974391,0.31374452625887
2091,316,0.725476715197819,0.183551672375217,0.314187750114448
2129,320,0.713952687854397,0.164200498951897,0.328472894174216
2167,326,0.765339031622702,0.1587618968274,0.328933072913063
2207,329,0.748950717557636,0.155347223281725,0.322262055746632
2247,334,0.751975230485654,0.139397028666586,0.315866754725955
2288,340,0.764806628153356,0.158404274445758,0.316322456289288
2329,344,0.764800596813071,0.158388522345092,0.316554400670203
2371,351,0.793546330671072,0.181409436607194,0.323614088432013
2414,358,0.797235213874036,0.16520499278292,0.330734605591823
2458,363,0.805549142968063,0.2012535398735,0.311515104387816
2503,368,0.788963652174009,0.197218066336885,0.293621923983526
2548,372,0.809013222223737,0.185268622902859,0.30578954170368
2595,378,0.809260721647372,0.185442589325097,0.318492458471538
2642,382,0.8092146659121,0.185482679744863,0.318759482926416
2690,391,0.785632883504731,0.212437856983647,0.301268379568458
2738,399,0.774820678156133,0.193592244325406,0.313469513968483
2788,404,0.770902541537487,0.20818954132779,0.307887419431646
2839,412,0.770946052249905,0.208207078738523,0.3083986390395
2890,418,0.78149497119851,0.226701324008352,0.308717838034095
2943,424,0.744257776666521,0.246103553370245,0.297764012836037
2996,429,0.748523406542863,0.232341209315026,0.292562723235611
3051,437,0.749061427680763,0.232473755740173,0.315090503766797
3106,442,0.735850863844668,0.228411649375792,0.321082039265544
3162,446,0.718877166649667,0.237293070424729,0.33302824525881
3220,455,0.71447376914919,0.249917184478978,0.327642472902446
3278,462,0.727448416077094,0.254446821496864,0.345747517663459
3338,470,0.719364635150252,0.237710427328182,0.358396689688765
3398,478,0.736129353389846,0.229262469867414,0.371337070080291
3460,483,0.723392489933619,0.225260531170777,0.353024298568356
3523,491,0.731979201440823,0.241537503219509,0.365597484917612
3587,502,0.727790651299307,0.253843009660114,0.372341983734301
3652,510,0.743545662685724,0.245539124519086,0.337357450514231
3718,518,0.751878917992438,0.262072638644976,0.349026460154746
3786,526,0.711945902422308,0.261247686995044,0.360968611873159
3854,535,0.747047999890595,0.233678558337506,0.333289956267206
3924,544,0.743147451834012,0.24556274107497,0.328364972064823
3995,550,0.727542871085457,0.253279878871288,0.328619977017771
4068,560,0.735009954972106,0.268859185313788,0.329006613763391
4142,570,0.720443045703226,0.238256162908697,0.339845422580754
4217,577,0.723673854754954,0.264364812771891,0.334879985647836
4294,589,0.738838715271192,0.219665436186267,0.356608792959179
4371,596,0.706038265489589,0.245500021812233,0.340991106658874
4451,605,0.738690120378613,0.256785715597727,0.346480785601811
4532,615,0.745567424556379,0.234503720634499,0.317163178244013
4614,623,0.752854006030482,0.249151943223813,0.308213873426867
4698,634,0.756499703447978,0.238154791532234,0.313133938268649
4783,642,0.769075438808612,0.193811547276037,0.313389616416462
4870,651,0.780214555355578,0.196621211701637,0.318210079433193
4958,663,0.780173266836788,0.196620884503828,0.318635504499881
5048,675,0.763487961204794,0.169650587767229,0.318972192666831
5140,685,0.758623178316257,0.191054949065407,0.328388155408818
5233,696,0.742552152057439,0.209118290598895,0.32418460612356
5328,705,0.74531184921215,0.198956100846396,0.320035257246254
5425,716,0.74241463172182,0.209025699033646,0.307525321898542
5523,730,0.762924334684732,0.214808386778003,0.31635119054951
5623,739,0.786441533581941,0.210205999293534,0.312393041222341
5725,753,0.786534740452286,0.210239055372414,0.321209619975539
5829,765,0.807449517261565,0.215798331152494,0.321553239806528
5935,779,0.794111278848385,0.223368973829839,0.322003656556837
6043,788,0.791084532295841,0.233545998749926,0.318134587201223
6153,802,0.830642643770333,0.211005343707854,0.318454928958035
6264,814,0.83039706073165,0.210837919570539,0.302991228066843
6378,831,0.827597596300303,0.221356143568216,0.299652997457233
6494,842,0.824948849174426,0.231776439379226,0.319180672863648
6612,854,0.83240300964361,0.244951428542875,0.327474268104402
6732,867,0.80821959857151,0.216520752077108,0.348454228001756
6854,881,0.837748889140196,0.181393050805547,0.340433443475682
6978,897,0.828062388331662,0.221336875676748,0.34080591369554
7105,910,0.811105765466021,0.206494598823716,0.337075070828009
7234,924,0.787303570709741,0.220392113491365,0.345502034951515
7365,937,0.796373581877939,0.222947628922942,0.333781107866694
7499,950,0.781969247812084,0.238510258060717,0.337954045800339
7635,968,0.776100363366056,0.256445757003687,0.330640345925331
7774,985,0.761330491684113,0.241920159059438,0.32729220540603
7915,999,0.755208916249195,0.230568860114414,0.313135177541555
8058,1012,0.740903084072348,0.217210700283386,0.309894005096072
8205,1028,0.752519662853773,0.238840044778319,0.324280662991371
8354,1046,0.757487957333454,0.222193336661525,0.317609060874567
8505,1060,0.746741806778993,0.227892443415662,0.317854294207357
8660,1077,0.738635187647951,0.225357655283607,0.308008083938206
8817,1097,0.732992199330399,0.215089888566688,0.301858842216127
8977,1116,0.745317638970019,0.201737176697038,0.31196192418944
9140,1133,0.737592977830174,0.199625346355411,0.315607672857454
9306,1151,0.75883990852063,0.213912337507584,0.315946915724018
9475,1174,0.787027654209753,0.204448762024043,0.313124351567274
9647,1191,0.805522758185117,0.20058291132493,0.323194407416277
9822,1211,0.78527511829898,0.212535507710021,0.33694871703477
10000,1229,0.785319564254587,0.212544837811202,0.344125968601716
10182,1251,0.769986034661871,0.208478333171282,0.365674304267113
10366,1271,0.802490124601635,0.17527786690004,0.3450006164783
10554,1288,0.779284757264601,0.170214710865353,0.348684371825247
10746,1310,0.766529585600468,0.191031080266628,0.349027554446162
10941,1329,0.759385797154511,0.189216352570796,0.359558741104263
11140,1349,0.73597761524138,0.190847283644586,0.33989695359878
11342,1370,0.734243438682393,0.197776446314023,0.349968981274951
11548,1390,0.737720541820459,0.183902559741126,0.337430201018803
11757,1409,0.732336209882539,0.204357042373138,0.340842439977789
11971,1436,0.720745267112724,0.194053471802642,0.331941157165269
12188,1457,0.732166265254328,0.204356914638437,0.329227420763058
12409,1481,0.740721879837965,0.199573472951111,0.335520280207534
12635,1508,0.752197084820572,0.209905834987506,0.326953621326348
12864,1532,0.764290075101404,0.191623898213613,0.333075167027845
13097,1557,0.745155389886275,0.15248431439572,0.319117105402358
13335,1583,0.72668388949508,0.175216587034732,0.325037610580483
13577,1606,0.722726568317164,0.214395849589629,0.311648611050761
13824,1633,0.708803578433587,0.216859806242279,0.325547607244992
14075,1659,0.724593033845584,0.208291941907201,0.331420939118517
14330,1681,0.740096368637679,0.199413738971783,0.315381327544697
14590,1708,0.73064030222777,0.210043106177409,0.323673440492602
14855,1740,0.746038048151423,0.201188575045258,0.313521243956967
15125,1766,0.754672537534803,0.21687963119723,0.308714979030258
15399,1799,0.728970855760657,0.215933550300922,0.316636384848859
15679,1830,0.75110853834528,0.229007576866803,0.329870313418749
15963,1859,0.733605275537294,0.242912202242439,0.317288868788915
16253,1889,0.753098168819529,0.242828178468437,0.307733941977108
16548,1915,0.757090148156239,0.250594344100926,0.307991401223481
16849,1944,0.778163517953639,0.224568265260095,0.305858832955705
17154,1975,0.796215070577423,0.229704622846855,0.294672936344094
17466,2007,0.788444406630348,0.233984547275085,0.299465901517722
17783,2040,0.748399829336774,0.240668064543905,0.30662958423484
18106,2074,0.741048259493778,0.262948779826977,0.320991827999694
18434,2111,0.754098691813689,0.261287161188006,0.328578517055741
18769,2141,0.788075809026118,0.253748642386246,0.328823363598559
19110,2169,0.761719407279112,0.239140311771473,0.333834665612361
19456,2205,0.768989293376664,0.23534783505081,0.339025208186759
19810,2241,0.772770670033867,0.242542297414416,0.334524006353741
20169,2281,0.790432264751999,0.223686319778329,0.334861694165539
20535,2317,0.786420028220241,0.216595996573198,0.330483379648167
20908,2352,0.762489636073983,0.198569930030618,0.328494572052048
21288,2391,0.76121354503374,0.203794448562521,0.340354832190072
21674,2433,0.751682781899749,0.217819824925231,0.331493350729307
22067,2473,0.779574073875852,0.23735703080107,0.322943823272419
22468,2512,0.76997366366891,0.211988457882829,0.321079037661048
22876,2554,0.787966297004469,0.228156206323978,0.343470226364114
23291,2596,0.802211174004627,0.2380117799494,0.343729758499672
23714,2637,0.776898504969742,0.247176038979301,0.34179901712947
24144,2688,0.778401620559336,0.242110440862941,0.335608677078691
24582,2725,0.767040922542303,0.243969364737755,0.351289151130599
25029,2763,0.763790063515591,0.237560863324409,0.351577256402391
25483,2810,0.762205459789411,0.242404119521108,0.336700078024385
25946,2855,0.759000694986747,0.200363968733233,0.330744676588983
26416,2901,0.75988722867457,0.215661625228433,0.331081850079776
26896,2951,0.771813366640701,0.208972484067042,0.335458033243966
27384,2993,0.791596775099622,0.229853676793731,0.335685770458641
27881,3042,0.784261664117529,0.253668590739112,0.333994056679949
28387,3088,0.784429463330501,0.269260961944395,0.342295789380168
28903,3146,0.772113773105758,0.259894234169384,0.334622369061696
29427,3197,0.776601104191848,0.261421723226236,0.332978443841183
29961,3243,0.785551776901061,0.249237479180317,0.325575696447689
30505,3293,0.779354653938191,0.237383728518218,0.3296349516864
31059,3345,0.77618357110909,0.231666324915829,0.333658541740842
31623,3401,0.779418642917582,0.251891232677494,0.326537783366089
32197,3454,0.75502234049309,0.239425922335816,0.324956585966715
32781,3514,0.77415264375968,0.222018475339038,0.314598130997984
33376,3574,0.772554065995665,0.194177983228469,0.321859917542574
33982,3637,0.769205762655498,0.206746797291989,0.323891794291574
34599,3695,0.77759172294735,0.209048285157329,0.327662187425048
35227,3754,0.770441269011312,0.202690622282167,0.336773939335845
35866,3810,0.79612724329115,0.223080293184522,0.333469613485035
36517,3870,0.789991196288364,0.212463254877539,0.320017764989212
37180,3938,0.779614647151586,0.218378955986784,0.320309923580208
37855,4003,0.772622243396322,0.212128841511079,0.312420727934344
38542,4059,0.775988346512124,0.230275896141147,0.312632588137798
39242,4134,0.775762664968591,0.200532963365389,0.308199498449326
39954,4199,0.7711199336584,0.186883935578376,0.32597801155856
40679,4260,0.751023953335233,0.170094554696022,0.31821376247225
41418,4334,0.758637238066123,0.152242161667591,0.318491924115175
42170,4407,0.74904459132274,0.142735603388684,0.326658338231318
42935,4487,0.730376905478895,0.142885928801483,0.317572386062512
43714,4553,0.754586821672643,0.15133632824562,0.317767835595805
44508,4626,0.774256137402657,0.147601818690578,0.325679336282424
45316,4700,0.769869169524042,0.150516782633521,0.319848280848536
46138,4772,0.772461126694845,0.136145400614762,0.308327355505309
46976,4849,0.77057808835897,0.165481731895363,0.327771966617343
47829,4930,0.757900076951117,0.188450122701888,0.332573118713844
48697,5008,0.755297882704877,0.184193702120007,0.332841577783973
49581,5093,0.739332365723057,0.19095864610327,0.33765982215704
50481,5178,0.774669568541959,0.207520776045429,0.327495123358802
51397,5256,0.779023278559286,0.204982452004551,0.3219743643062
52330,5349,0.77624993882583,0.215257437847745,0.326540792812721
53280,5435,0.768088957931909,0.231065000328087,0.326805033766655
54247,5518,0.773709093602037,0.236420305792741,0.33419566824283
55232,5612,0.758764126727063,0.249696610592476,0.340242834053009
56234,5703,0.764166491427991,0.244258738006675,0.350805236723699
57255,5806,0.764462499251584,0.219868439751287,0.346726758876879
58294,5902,0.746143380347192,0.234946267152045,0.341258101533553
59352,5998,0.764208257215546,0.220074516556949,0.335953564392244
60430,6095,0.749247748302639,0.235869440354948,0.326759869449269
61527,6189,0.761181300830978,0.229579137466166,0.332348819508103
62643,6289,0.779683327967865,0.235137601319493,0.31698030964381
63780,6395,0.769888552135813,0.255646673808393,0.322341158372568
64938,6490,0.780555255080507,0.232089632178406,0.311318494051253
66117,6602,0.755005991542983,0.250334329492301,0.306751711990042
67317,6706,0.775626614709872,0.214505324390889,0.309371236000771
68539,6816,0.768074893102506,0.218765581910969,0.331757177462096
69783,6918,0.7659541194035,0.215004135924485,0.327007322538414
71050,7036,0.740338836079025,0.229087315679898,0.352926179868816
72339,7159,0.722799358066398,0.217729904705837,0.346710649434564
73653,7273,0.727829134555038,0.210452496445649,0.336862806644309
74989,7393,0.731982179430276,0.235135394804233,0.337136876442512
76351,7512,0.730438600988313,0.211523115659631,0.331332664754401
77737,7641,0.751336276434054,0.229352431482081,0.3375944741885
79148,7756,0.734723042693811,0.235780968801644,0.327158416578877
80584,7884,0.724324979927343,0.258065585956769,0.329790078177185
82047,8025,0.708620888537835,0.238526707424032,0.328926669588443
83536,8152,0.707820147800299,0.240948607031176,0.325792678371087
85053,8282,0.707634785437544,0.257272609604514,0.337437965863798
86596,8420,0.734140536031616,0.252795801013453,0.342324808202542
88168,8553,0.7515696136059,0.233442174844747,0.341437055745486
89769,8691,0.766605244074549,0.229730809713181,0.337170724201849
91398,8839,0.735083195119447,0.225641656774615,0.333004637545411
93057,8987,0.767764602453837,0.22451936775242,0.32459765717747
94746,9134,0.763060120873518,0.212390957785208,0.323790410533563
96466,9290,0.778905692837739,0.203272019842223,0.32614584750287
98217,9432,0.775153982993116,0.226435252753976,0.322199279032633
100000,9592,0.745059924631101,0.238382274991809,0.326547073261359
101815,9749,0.742010980754279,0.214387583533622,0.317670512070365
103663,9905,0.749616962476277,0.214065824287108,0.319916778839016
105545,10071,0.734239832765031,0.207137055258002,0.320154679960069
107461,10232,0.753086247703744,0.209933498864402,0.307849025025041
109411,10401,0.7715150893261,0.232857250712539,0.299773628610028
111397,10566,0.779677658230518,0.222554585420686,0.313859775169088
113419,10745,0.786981536742066,0.232266276184876,0.315050532599965
115478,10912,0.772164362882349,0.222997809185888,0.314297368546114
117574,11094,0.796891142353939,0.205054283811331,0.320094611467164
119709,11274,0.783160148600421,0.201500500537042,0.320351941476111
121881,11463,0.79709281605716,0.222234748088263,0.319681764496892
124094,11655,0.797405448322453,0.229663339619692,0.32180354230529
126346,11851,0.810954734520673,0.233472851524563,0.314855552698793
128640,12043,0.837508530700157,0.218375080566027,0.316842789458398
130975,12242,0.804535012609288,0.204998257389756,0.312711968539011
133352,12447,0.818386669618964,0.225376022825438,0.329779539329032
135773,12649,0.813041823241578,0.23578447708107,0.337281563410345
138237,12860,0.798239060586542,0.212903246493728,0.318937493482951
140746,13075,0.79584451135053,0.237564841286563,0.323497660597793
143301,13286,0.789880464685387,0.249537354699189,0.333361147320566
145902,13498,0.7841691027488,0.238682965288928,0.340691514395637
148551,13719,0.775402685120753,0.238208181167856,0.340025226393926
151247,13955,0.79001936949567,0.233712230712455,0.343814597402315
153993,14187,0.761043243140884,0.22934315462574,0.337047467698136
156788,14418,0.770938214421513,0.238710761075954,0.341535346390297
159634,14652,0.765758039929316,0.235036690513757,0.34523174028264
162531,14889,0.763234339572219,0.215664659583661,0.348060658315549
165482,15132,0.783597268999826,0.208960168233743,0.350922290618161
168485,15373,0.795655973192983,0.210124278904723,0.346925421031292
171544,15627,0.786555334861634,0.189446381227772,0.343839432658666
174658,15889,0.761859306783138,0.200934863449007,0.340786689861882
177828,16144,0.769125509406355,0.179447177752214,0.346798645092931
181056,16418,0.77782649894622,0.183428447738964,0.347038709631123
184342,16693,0.756342318527254,0.185824301505124,0.34973311295273
187688,16979,0.739817219207027,0.192735131546601,0.341972259775925
191095,17253,0.750503487450378,0.20102846937803,0.335996137522801
194564,17536,0.768701210354285,0.194733059197398,0.314785724444202
198096,17829,0.766964206638115,0.194313549248236,0.318607547715364
201691,18116,0.769926165906189,0.196881807378462,0.316704212450501
205353,18410,0.782488375019129,0.218728488075237,0.318367192115211
209080,18724,0.768865158611896,0.214877101457091,0.311633968723676
212875,19036,0.763767548831573,0.22607245476879,0.307837349847498
216739,19340,0.763555085760433,0.201143518658299,0.305416683811905
220673,19667,0.758830096748589,0.22446204880985,0.31295364166927
224679,19994,0.746844626208857,0.22960314964512,0.313827636056698
228757,20326,0.750055205764135,0.235739532654731,0.31539741926257
232910,20670,0.739868695917628,0.207332098306511,0.322237480050985
237137,20992,0.736026330931067,0.209528314396933,0.326486592019429
241442,21339,0.741688830180933,0.212817148754636,0.330086158982199
245824,21699,0.7521888984732,0.204331859829872,0.331658542959412
250287,22065,0.737536321363755,0.20508302542735,0.337347489090089
254830,22420,0.736742097380168,0.184403521797216,0.327659654290481
259455,22794,0.729737894103449,0.193375441932424,0.327872805955347
264165,23165,0.751720308435787,0.203979648237401,0.32364784759515
268960,23558,0.768974369642198,0.210254678375685,0.325828340701882
273842,23945,0.763673336696213,0.194685876375461,0.326727615231961
278813,24345,0.759285084953852,0.199701814514804,0.322043476180375
283874,24747,0.750215536567254,0.226328267634763,0.317454554571264
289026,25142,0.750790036524732,0.229584690204635,0.317093338472574
294273,25556,0.73801516353945,0.231674208069502,0.31848646045678
299614,25967,0.734791942066079,0.227658930314395,0.320480777424951
305053,26415,0.742108474946556,0.207885667723805,0.3149292333101
310590,26847,0.749715166045449,0.201235675034372,0.32439402044606
316228,27293,0.749989885454837,0.205603274781003,0.315487625014971
321968,27765,0.752950043471127,0.210671336346663,0.323641135623702
327812,28233,0.735408083742521,0.202977991762647,0.333116253798757
333762,28702,0.736181915293592,0.210079199551258,0.328179277818107
339821,29173,0.75286354543249,0.214790973950959,0.321140907174393
345989,29655,0.754824283067287,0.222390496185627,0.316995510153547
352269,30153,0.749221976393839,0.231800314818341,0.32927991773044
358664,30652,0.754364454171757,0.219610720783354,0.337920245684388
365174,31155,0.76320017899373,0.222222182082646,0.33311180415976
371803,31651,0.760661552235441,0.221537245963741,0.335545195162781
378552,32181,0.760082632958646,0.209328572695405,0.331421295971838
385423,32717,0.747369604502927,0.212311579042336,0.326311159582947
392419,33266,0.758518122450283,0.205058317486911,0.333416636347091
399542,33823,0.755500269032086,0.20173666405737,0.327867377921949
406794,34360,0.747098775648877,0.235232620618093,0.332763629161951
414178,34926,0.748538395138387,0.230546809098069,0.323772771565908
421697,35518,0.761685971890426,0.211587332717072,0.33211618670953
429351,36099,0.758808482147615,0.225938098767459,0.33489755358049
437144,36731,0.766803181209426,0.241062692058144,0.327107658530041
445079,37353,0.77059453108768,0.237117824756017,0.334323765740971
453158,37947,0.778948050911687,0.234619246811874,0.325676165923368
461384,38564,0.765853846589959,0.240618610724789,0.324479617143854
469759,39205,0.785751401997598,0.236793578411128,0.31950134152248
478286,39872,0.758082576406621,0.24290604902303,0.34232144909256
486968,40524,0.7690759777466,0.242731225038636,0.337692341683663
495807,41221,0.778397994993272,0.255404574015247,0.336494721871024
504807,41892,0.775125513598046,0.257907368257024,0.337227982527543
513970,42590,0.783860359384763,0.257123821158298,0.337458559459376
523299,43311,0.772693645505525,0.268951003668549,0.339110099668784
532798,44039,0.789832630867176,0.253214384187519,0.324717802636337
542469,44759,0.796250979132382,0.251628914124034,0.342202025113173
552316,45500,0.80167527679773,0.229760930525111,0.341016665646044
562341,46243,0.811229101854499,0.228983427689436,0.332650684397752
572549,47020,0.805526572057813,0.236668901779315,0.336841910914351
582942,47808,0.795641810511882,0.234921194835915,0.325725573278062
593523,48616,0.799206244510319,0.222472761235787,0.322552147508493
604296,49423,0.80452466189291,0.215027969294681,0.322333062914805
615265,50247,0.785955755918442,0.189697228723389,0.312036900312745
626434,51082,0.760515303060018,0.207224313787284,0.322344059350545
637804,51933,0.76273343934641,0.20677372573297,0.311803811223938
649382,52775,0.75734710299012,0.20025579261488,0.31199455727653
661169,53661,0.759118496801845,0.208820193706694,0.314529475817536
673170,54549,0.752238490544289,0.204966930247417,0.316288571978262
685390,55463,0.747084593750326,0.223145690559625,0.321949956909083
697831,56397,0.743063815080681,0.226795114665402,0.330004142716343
710497,57340,0.742628571647109,0.221875335647858,0.329045976943382
723394,58294,0.731058815784498,0.206317599196356,0.330821758147417
736525,59274,0.725885781348083,0.21777044643944,0.337311089370452
749894,60230,0.744450606350075,0.204653361988794,0.32673718671032
763506,61241,0.755837720953468,0.192907981620688,0.311882324830745
777365,62270,0.739601289449801,0.195927044272697,0.309640779256423
791476,63320,0.757157470532926,0.201438749675601,0.314069595588601
805842,64386,0.765685322656366,0.203686050377201,0.319254996268128
820470,65453,0.766733760971916,0.206747422247311,0.319810180586719
835363,66554,0.760468414769884,0.206823767644185,0.326087332982834
850526,67661,0.768203772573425,0.204474290841161,0.318261727250206
865964,68794,0.763650096706051,0.204950960621951,0.324346302187276
881683,69955,0.767750712337218,0.178111318945071,0.319391521757189
897687,71117,0.778109675493387,0.192694022442743,0.317575199692037
913982,72293,0.785708737536045,0.193701091887641,0.319792901920803
930572,73515,0.789632137468281,0.188563856666878,0.332263009496199
947464,74728,0.774786072320486,0.179117684628751,0.333467551646315
964662,75967,0.776955432338439,0.177147734393897,0.335404707106923
982172,77223,0.782858967088535,0.191020850615752,0.332255650486121
1000000,78498,0.791488633480577,0.186397429125508,0.330797485580301
1018152,79834,0.784513231463643,0.201315877948483,0.334970499762706
1036633,81176,0.785721883740525,0.212398433398689,0.333854692547022
1055450,82508,0.762991554917824,0.215089697342632,0.337356030505914
1074608,83871,0.7772864214295,0.221520187513913,0.333980163324553
1094114,85295,0.775066614364943,0.21521897139105,0.325957753898144
1113974,86747,0.78765688893998,0.197773367596257,0.331219778078598
1134194,88195,0.775451433067111,0.202535166018102,0.337779224813706
1154782,89647,0.76327499448224,0.190218278761264,0.33928202420155
1175743,91172,0.774672987513827,0.19614100182057,0.344887009005548
1197085,92729,0.773572465922338,0.211814417496638,0.344749335856184
1218814,94264,0.738002018347223,0.223896728794007,0.338470209238958
1240938,95808,0.726570855770394,0.208990240271415,0.339902242611684
1263463,97429,0.732419416370646,0.222790310506844,0.3434773695004
1286397,99064,0.746207475466537,0.229139392682912,0.340370928304177
1309747,100709,0.752113025060872,0.208723438996838,0.343884830467917
1333521,102391,0.755546389433328,0.208967931980683,0.346493749180121
1357727,104096,0.760974305867165,0.219729671840708,0.325585931557672
1382372,105861,0.751923724493484,0.238099284244477,0.320543906486611
1407465,107627,0.733088571706162,0.236207408452193,0.316954810021173
1433013,109422,0.741970347709954,0.250805918358439,0.31847139158984
1459024,111268,0.7354228336348,0.239776374735775,0.317606150748978
1485508,113138,0.75302657937094,0.244125982193351,0.309042615038971
1512473,115064,0.748015357208352,0.234449895139272,0.315900722858929
1539927,116958,0.749963609121426,0.232425039003652,0.320749197632152
1567879,118919,0.729729278774118,0.230630716667466,0.321749318068252
1596339,120882,0.739251788386411,0.234958839240663,0.314630723695441
1625315,122906,0.73579303952002,0.231917445052359,0.317333037735441
1654817,124976,0.737316856962743,0.236823935326021,0.321513871654397
1684855,127071,0.753160491170919,0.236798093706052,0.317506129714119
1715438,129203,0.74527260096278,0.247519461643563,0.31720065620268
1746576,131351,0.766230539855133,0.245457597723067,0.321256274434546
1778279,133551,0.761206308674142,0.243181468859211,0.320019391158189
1810558,135815,0.768285024346289,0.224099567880216,0.312694861551992
1843423,138083,0.768903633111105,0.221836440312088,0.316602129265174
1876884,140429,0.765812480787538,0.228270750285292,0.32958698950303
1910953,142783,0.748240126948146,0.242046185417944,0.33032424716037
1945640,145204,0.752405366902904,0.216730793164424,0.322785862076214
1980957,147606,0.751019817103994,0.217458850042885,0.327156906467364
2016915,150121,0.745171106917757,0.2157590801193,0.331779742759658
2053525,152620,0.749678903291469,0.219923522527843,0.333126624072141
2090800,155185,0.739523088890178,0.218057305169374,0.339164577765402
2128752,157791,0.757684081635718,0.221145006673192,0.332441618358179
2167392,160446,0.768669367240773,0.210174427049001,0.326561556114825
2206734,163126,0.775467001016796,0.203618340034942,0.324573312409291
2246790,165861,0.775870084702266,0.212609776746939,0.328019310754969
2287573,168662,0.774476818805832,0.203375832576626,0.331114813490948
2329097,171477,0.770031906624685,0.203831118175823,0.333312718798265
2371374,174346,0.777738247545926,0.203198451980907,0.327255474087698
2414418,177270,0.794565456448074,0.200992888194545,0.337786391154037
2458244,180241,0.796808730285678,0.206968154593316,0.328388190788358
2502865,183270,0.789016972941545,0.206009408258277,0.332146392075593
2548297,186338,0.799764707289981,0.209980835272669,0.329808560919061
2594553,189501,0.782391565298295,0.213788101132447,0.335598625728719
2641648,192684,0.773703055954345,0.220698973176591,0.331498962346659
2689599,195930,0.776201450999017,0.240031532374318,0.32650140510696
2738420,199214,0.765826148214864,0.257833550448439,0.320030378717486
2788127,202566,0.774959417205089,0.242313943336355,0.320221291520351
2838736,206035,0.761367624933956,0.239090845694279,0.321371998765199
2890264,209466,0.762008939063441,0.232420012588775,0.321381661169226
2942727,212970,0.768380399414779,0.229000879086405,0.316727543063105
2996143,216548,0.767008944846134,0.233454511425145,0.326250325290033
3050528,220171,0.779052099294822,0.228868705847598,0.335010036394074
3105900,223888,0.779932149830646,0.212286944355726,0.34428342409031
3162278,227647,0.77559822015975,0.22101526577961,0.340804842486058
3219678,231549,0.777000311407434,0.2143894260892,0.337177533810894
3278121,235472,0.783074541424083,0.214226259634648,0.334969343673324
3337625,239395,0.784173320772331,0.216877556059843,0.339788224159829
3398208,243430,0.773845033517805,0.20457368948075,0.332835889077624
3459892,247549,0.797584402329822,0.196615233488763,0.325402182058272
3522695,251637,0.775137644419012,0.18450409838117,0.323867432451497
3586638,255835,0.76792430681137,0.187541996783628,0.326107920457347
3651741,260166,0.78083384148641,0.191147627760932,0.329220396214286
3718027,264586,0.803162737164338,0.208666185819957,0.334600078635906
3785515,269037,0.778626626695118,0.200609309781382,0.339497132249822
3854229,273593,0.77566225152126,0.198949448489296,0.337631598407366
3924190,278195,0.776909407073661,0.205539318146078,0.338495972738705
3995421,282851,0.778521524680907,0.211901384864102,0.336634719125027
4067944,287649,0.786456558140293,0.222458384736014,0.337188026198999
4141785,292469,0.77482979681031,0.223742041432615,0.330464505581244
4216965,297434,0.756035278285257,0.214370497041815,0.323150618600246
4293510,302406,0.745198077809813,0.212463332245106,0.324300855074617
4371445,307472,0.746781299037072,0.209772406301294,0.326020915434901
4450794,312719,0.736065341882371,0.206015002997931,0.307343086242838
4531584,317985,0.746264012822143,0.203174512368171,0.319970460606634
4613840,323362,0.760791416721239,0.196843138665064,0.318828913527071
4697589,328818,0.744301556016525,0.204066901708887,0.315232700040234
4782858,334343,0.748038697023928,0.219637056521803,0.320529220968081
4869675,339985,0.752260981974635,0.212669619799675,0.313505658892636
4958068,345773,0.769450012019463,0.202245559358832,0.31228013625134
5048066,351600,0.774541266007214,0.218811946910169,0.31541351481974
5139697,357538,0.75374909306435,0.212204300271456,0.314761084318643
5232991,363554,0.7494461831391,0.219540413452942,0.311631009453476
5327979,369707,0.75118422159939,0.20728177302832,0.315779721347443
5424691,375946,0.752783132824682,0.211576638544621,0.31287712011063
5523158,382263,0.748414102718771,0.220760853487304,0.318580416670511
5623413,388683,0.741758593110132,0.221139395139587,0.321240373106039
5725488,395255,0.755335510884354,0.205730097250766,0.333793044643682
5829415,401875,0.757117331183203,0.207890377635085,0.328744069995234
5935229,408733,0.760285321531906,0.202366312733305,0.328972826836776
6042964,415611,0.757942177957139,0.198376303702254,0.332687418249473
6152654,422624,0.744981568836756,0.196932682216427,0.327678497256966
6264335,429751,0.732701519974396,0.198691260095677,0.342249548589971
6378044,437017,0.735001905910198,0.210696389415859,0.333563769847033
6493816,444359,0.741296941398062,0.219472498524257,0.340410071215161
6611690,451916,0.727435831409208,0.2237801952167,0.337808162225973
6731704,459542,0.718738323153642,0.236686589658187,0.337488659058952
6853896,467311,0.732390654793378,0.227510214379457,0.335758439145678
6978306,475273,0.747948115701367,0.223906403844163,0.337467869940542
7104974,483360,0.761311608496263,0.235086489781088,0.337781075093871
7233942,491462,0.753842759533181,0.238037995615583,0.333912451101176
7365250,499769,0.771703443077584,0.230219864294901,0.332257356116561
7498942,508193,0.77408883016128,0.212182791695306,0.330736844061392
7635061,516796,0.780641292129435,0.221602417464103,0.332006294455513
7773650,525520,0.780771826656021,0.216805177498087,0.328368459239606
7914755,534434,0.778777255195077,0.217436080943859,0.32928102287273
8058422,543449,0.766397576248031,0.209045799133357,0.333332568726087
8204696,552607,0.766267068358018,0.225847842464476,0.333742771569346
8353625,561992,0.763268993725578,0.22407930974625,0.327388900118439
8505258,571452,0.763175842175858,0.221491028303226,0.326913493347568
8659643,581194,0.773023502017163,0.217803796902589,0.332989323112227
8816831,591049,0.782414378026176,0.233624191709136,0.337157300811971
8976871,601015,0.768664008503233,0.218908517398783,0.335736820125702
9139817,611150,0.754941907395141,0.216089741070142,0.338507732656635
9305720,621541,0.765482903548603,0.213399562278014,0.337895932486741
9474635,632013,0.77309116049119,0.217953085048022,0.332194864202075
9646616,642742,0.780368417177804,0.216990228653915,0.3246059859125
9821719,653633,0.777743675775451,0.226268086773255,0.329946306935312
10000000,664579,0.781746547929463,0.216994407144853,0.320619903626307
10181517,675856,0.77166122836313,0.227320444882634,0.314124690009704
10366329,687277,0.790640597759459,0.231042342568525,0.308385238143183
10554496,698973,0.798227587997681,0.231498210796276,0.311796095997728
10746078,710860,0.79127379497688,0.250917710614958,0.312460980808914
10941138,722890,0.775162873296855,0.253583475345941,0.316636678586766
11139739,735119,0.756214650199729,0.246073445859934,0.315626933254291
11341944,747562,0.758862081773158,0.236960067759187,0.318730893300314
11547820,760259,0.767590552930946,0.226813509901191,0.323567484889115
11757433,773158,0.758301269348259,0.234237080987988,0.325937291933732
11970850,786277,0.763053196461802,0.235947191770786,0.331176676682135
12188142,799574,0.756209277138334,0.239375447833523,0.325216816257505
12409378,813176,0.758916992900608,0.238312359316355,0.333883607213151
12634629,826954,0.767418640270706,0.243607139855511,0.331457413370208
12863969,841020,0.756515108558316,0.237798606755332,0.320853808767177
13097473,855125,0.759068770812573,0.234885450438312,0.321857834685687
13335214,869641,0.785277997909196,0.238071490650601,0.319054117039727
13577271,884316,0.787347134208617,0.226346683342365,0.323516676972842
13823722,899375,0.782723457667704,0.229324209614073,0.327300183154533
14074647,914607,0.772957147058068,0.230731020333951,0.32521507771325
14330126,930121,0.769873326932511,0.228231336270547,0.327126609436642
14590242,945949,0.765398068562728,0.222566221603167,0.316137629101576
14855080,961999,0.768478763501608,0.211344212231361,0.316153122063523
15124725,978239,0.760830274283716,0.213670056132634,0.321093938200365
15399265,994793,0.770923231906274,0.205244534454982,0.33537115521042
15678788,1011735,0.770634491363571,0.195775118386607,0.331799593043596
15963385,1028912,0.770073134449858,0.182142028452465,0.331057884445389
16253148,1046336,0.769228411923658,0.17968959316997,0.332734713555677
16548171,1064053,0.752780706008724,0.172123994691354,0.33582091679576
16848549,1082173,0.753820781726923,0.189719306974802,0.338819343422598
17154379,1100583,0.766418516572604,0.202564392868672,0.33153992988781
17465760,1119278,0.765488952469353,0.181392871425682,0.331193172020545
17782794,1138288,0.770674691757265,0.179129899429008,0.330602928764319
18105582,1157615,0.769419219239081,0.188415801982812,0.333840329614827
18434230,1177257,0.783806970851456,0.18611110559662,0.335419978385772
18768843,1197269,0.751626447636186,0.180702103835582,0.336235167377884
19109530,1217534,0.767748404526442,0.19037838666282,0.331127412637395
19456401,1238277,0.769562362725482,0.201639618429613,0.332452498831083
19809568,1259259,0.766136743395146,0.213594495732159,0.332617492160039
20169146,1280675,0.778722027040794,0.202528552918987,0.328661121992148
20535250,1302354,0.761082918664562,0.196916678719745,0.330226955537588
20908000,1324509,0.767446400831405,0.201268349850979,0.326440039050405
21287517,1347005,0.773923033843119,0.192015345459272,0.321944267576261
21673922,1369877,0.766334212484554,0.194842800285111,0.326441270186643
22067341,1393273,0.771928250301488,0.198192336474433,0.321503658148426
22467901,1416747,0.769715479170565,0.218825721854617,0.331070319682749
22875732,1440884,0.763738844847952,0.224413806847721,0.327731251724475
23290966,1465398,0.758545732882213,0.225626765634756,0.32829079970581
23713737,1490302,0.752200858385233,0.2298093676618,0.325235535228509
24144182,1515579,0.756041386452791,0.229960088794057,0.322287687833734
24582441,1541434,0.752391585073637,0.219217222034044,0.325045477329763
25028654,1567644,0.7484998703903,0.223366659370035,0.322993477631482
25482967,1594195,0.756660781537962,0.230396281145912,0.323847260332381
25945527,1621337,0.768580363755043,0.226235047814455,0.337597722999817
26416483,1648930,0.766882817031235,0.230302207885012,0.335235682105283
26895988,1676958,0.754848808398636,0.222686269297392,0.339984523668321
27384196,1705456,0.747494869988503,0.225220656583799,0.336423836848356
27881267,1734488,0.761463209082822,0.21638212205637,0.3304166901652
28387360,1764023,0.764831924261981,0.222641164125003,0.323134312150298
28902639,1794013,0.766719265137199,0.222560535746986,0.318410812576267
29427272,1824482,0.763471991292312,0.231088182337852,0.321505720856831
29961427,1855591,0.765275284942442,0.216053179491662,0.323386889924238
30505279,1887224,0.754418818975268,0.212947177468853,0.323387968221357
31059002,1919359,0.765596109268802,0.236651486437662,0.323634424362476
31622777,1951958,0.763030657927916,0.231710215068191,0.326304597822195
32196784,1985179,0.750985431807035,0.225010258801897,0.329213941596122
32781212,2019000,0.755220471552607,0.236544060797283,0.317980723584265
33376247,2053422,0.755530458724467,0.21833972098289,0.317384753851202
33982083,2088342,0.751212643845113,0.227654784452655,0.316336062200946
34598917,2123725,0.748042040739656,0.210579723052125,0.319034742602177
35226947,2159808,0.742365515346163,0.224010392348496,0.322405963329595
35866376,2196599,0.734172629550487,0.213370802345305,0.314287162539752
36517413,2234034,0.730352439746824,0.219013625248177,0.312836708854539
37180267,2272062,0.737449064637089,0.207545366032584,0.319140343399942
37855152,2310724,0.728988652904672,0.212245602629223,0.323292234270559
38542289,2350143,0.743795206903127,0.218229645431795,0.319340564132725
39241898,2390256,0.757499851661291,0.229524886317607,0.324426274224888
39954206,2431043,0.748280197013603,0.246205732746156,0.323020771452855
40679443,2472423,0.740653383534615,0.231321512574709,0.329760969088794
41417845,2514546,0.732477137540633,0.230498701869327,0.335276563915112
42169650,2557301,0.740484582934719,0.227347517547283,0.334058101273416
42935102,2600854,0.743933873519811,0.2211739081984,0.326575967976028
43714448,2645131,0.753574276144749,0.217701855629792,0.332897424408267
44507941,2690184,0.765175532436651,0.229910440061752,0.334788147586787
45315836,2736185,0.773711731361619,0.224766810957051,0.33071744681289
46138397,2782854,0.781932329381727,0.213688120172027,0.336488730519914
46975888,2830305,0.796492256799797,0.231191085650525,0.334370259515353
47828581,2878472,0.792041940701916,0.244299977217808,0.336356780878577
48696753,2927435,0.797181258577784,0.243018788762016,0.342626269254339
49580682,2977441,0.797188038836121,0.231341541537509,0.331553795739941
50480657,3028199,0.800270576349155,0.23135471168327,0.336811077536619
51396968,3079872,0.788475503219292,0.230873335780906,0.337193938229053
52329911,3132349,0.781713624848744,0.213635298028399,0.341931519216432
53279789,3185800,0.793635864729729,0.206837778626018,0.344498563910838
54246909,3239988,0.777256729021351,0.205887125494478,0.341591348328884
55231584,3295251,0.765988368458891,0.217850226326142,0.336563352419153
56234133,3351550,0.766829904852427,0.214533143335807,0.343803076191394
57254879,3408741,0.769226796170138,0.212458457804866,0.330765163032794
58294153,3466822,0.765542628606493,0.226829474523054,0.329178681263127
59352293,3525947,0.758296393288982,0.21056835757744,0.32239663760359
60429639,3586147,0.756366475727252,0.214773142320857,0.329367584711399
61526541,3647271,0.762453028820467,0.210537331953912,0.330308611852474
62643354,3709417,0.772572335980183,0.215619745372039,0.32507200050345
63780438,3772774,0.777394057096308,0.219684608878763,0.318289322068471
64938163,3837111,0.783349987391495,0.204709783154973,0.321773182058675
66116903,3902653,0.766623684850354,0.196723510189519,0.319452503546777
67317038,3969411,0.768420983258937,0.20445348498543,0.318893776214948
68538958,4037147,0.777256659019404,0.206262657554397,0.324721901053072
69783058,4106144,0.785399290003388,0.196430646655017,0.329097787795018
71049741,4176090,0.782347016882537,0.208673080554855,0.324577578953557
72339416,4247595,0.782685612146049,0.211078937125778,0.316497739335461
73652501,4320048,0.777947443018531,0.204608613791169,0.309582105470939
74989421,4393729,0.772487894026938,0.209948935835741,0.309861181278806
76350608,4468818,0.768796149782445,0.222870233327593,0.318286484575822
77736503,4545054,0.773600279149432,0.219881500303797,0.315283292146737
79147554,4622607,0.776795607804669,0.232291690159176,0.323504311560593
80584219,4701511,0.781937170825926,0.229642667903884,0.327580941382836
82046961,4782035,0.771741402384432,0.209856791775511,0.325840847086538
83536255,4863574,0.75718801637992,0.216838862568325,0.332642504174604
85052582,4946532,0.755702277910415,0.217914429011418,0.332095391089615
86596432,5031122,0.765198010427617,0.199060569974937,0.331969751312527
88168307,5117074,0.778677451751188,0.196283721565756,0.333208964838966
89768713,5204364,0.772870289664329,0.205675502337693,0.33484002251477
91398170,5293442,0.759066621124376,0.204568371441484,0.326856887178205
93057204,5383761,0.763069959509527,0.21507375223266,0.325924649143613
94746353,5475797,0.754609416091711,0.221724661223664,0.330068786999617
96466162,5569481,0.762890255239487,0.21471524297726,0.329271049913834
98217189,5664717,0.757303453724301,0.223110402664805,0.333594720526605
100000000,5761455,0.773259602991594,0.22092137028134,0.332076753950762
101815172,5859909,0.753661665777699,0.20835326015061,0.323525195039937
103663293,5960167,0.758769658140332,0.208227570112324,0.317999861030094
105544960,6062173,0.752416980336216,0.213552829426966,0.32407251654885
107460783,6165863,0.751768608361487,0.209623869181548,0.329613786854953
109411381,6271407,0.749284740973144,0.212982798303912,0.327983318768072
111397386,6378633,0.758797949506551,0.215263485640671,0.332422968798031
113419440,6487719,0.747824536176053,0.216545387466257,0.335937539355015
115478198,6598379,0.738165443810004,0.208465411001929,0.330430021178003
117574327,6711311,0.74558464444484,0.208508789795203,0.332929907131039
119708503,6825909,0.744090417460602,0.209038790936278,0.330879987448613
121881418,6942650,0.743329804490977,0.209819177778905,0.32962410412276
124093776,7061479,0.745334459317072,0.207389572393241,0.327995361198737
126346292,7182407,0.7379674758865,0.202080396736564,0.328719047094148
128639694,7305294,0.748650781663782,0.19642621320573,0.330994574022952
130974726,7430347,0.746377514167755,0.206662226102454,0.32588951580572
133352143,7557402,0.748203934684907,0.227825088795507,0.324776801199548
135772714,7686652,0.755884933502766,0.225615168847179,0.329320606550457
138237223,7818096,0.762358297377609,0.228052830343613,0.330293081447214
140746466,7951939,0.758386979593844,0.216010570760101,0.334029895597467
143301257,8088149,0.760218035494626,0.205634271169217,0.336207455675631
145902422,8226558,0.749511832933849,0.204482079167297,0.332297818229478
148550802,8367469,0.752681037594653,0.204083606632595,0.328559943307823
151247255,8510573,0.755213610771637,0.2123140790905,0.33124991814234
153992653,8656169,0.74307755838971,0.211600627025356,0.335389908316384
156787884,8804437,0.74986170591082,0.209327280441049,0.329294532273343
159633854,8954979,0.759764924217412,0.225639224310502,0.33922013897135
162531484,9108322,0.761560608439634,0.219987935473077,0.337609550588713
165481710,9264321,0.757041896450495,0.217313197289032,0.332347627779286
168485488,9423047,0.75527955727424,0.219604133492521,0.324718930676234
171543790,9584701,0.742995715353209,0.210318468376106,0.321918423462536
174657605,9748739,0.763362460103652,0.226448217018314,0.324629363730089
177827941,9915892,0.76137377549531,0.23481145011285,0.31827339556818
181055824,10085759,0.773563110599537,0.221557390298867,0.325616096367168
184342299,10258247,0.779450409387498,0.222074661611649,0.320466794645654
187688429,10434160,0.772534198545821,0.21970578047015,0.320380464383416
191095297,10612813,0.794006683234312,0.231153158966554,0.319372401605524
194564006,10794601,0.776989580340182,0.233956162139278,0.321322126206951
198095678,10979233,0.797134244999158,0.237516537224123,0.321761183787626
201691455,11167409,0.791427947858026,0.228556371456908,0.323935523407028
205352503,11358851,0.781722251670222,0.236745716604686,0.327679445054388
209080004,11553411,0.779630628261175,0.236915719389124,0.327968848900274
212875166,11751383,0.778772714130891,0.233972922122393,0.3340512449057
216739217,11952850,0.771897647412637,0.222335434299478,0.332502435704228
220673407,12157539,0.771229779062821,0.226119317740776,0.331154107956267
224679009,12366203,0.767485428336766,0.229402301273018,0.328549644624269
228757320,12578039,0.769326392147068,0.228587677690293,0.31846256827168
232909659,12793758,0.758303174905155,0.230184993968478,0.315660671064465
237137371,13013016,0.765648112188837,0.230815677665611,0.316965255437694
241441822,13236395,0.76299592221735,0.251218148452979,0.319118281366184
245824407,13463333,0.755715003501369,0.243784333520497,0.320220345440278
250286543,13694099,0.760637779084392,0.243445184133641,0.321867562862461
254829675,13928952,0.756918214072451,0.242868638789013,0.327928440524589
259455272,14167859,0.77036095246628,0.223251173778903,0.328505258210381
264164832,14410707,0.773523894867379,0.233161587543521,0.322922199466768
268959879,14657951,0.781845419300777,0.216521435818097,0.327584789499762
273841963,14909066,0.778912301116567,0.196445565778258,0.329604982802022
278812667,15164962,0.767141289404573,0.216630345776169,0.328657435070614
283873596,15425212,0.763795484168566,0.213676719276973,0.325642653054025
289026391,15689623,0.755247182081737,0.215359306216873,0.329477259265059
294272718,15958882,0.764724854618669,0.219091124740489,0.331246661315866
299614274,16232516,0.749976809139233,0.217250035033302,0.331183302400726
305052789,16511151,0.751037529270771,0.210173199507253,0.331465380819664
310590022,16794596,0.753330336870749,0.207469241091348,0.335092758539951
316227766,17082666,0.760139883083971,0.214871738835245,0.332986874203384
321967844,17375584,0.752346324078405,0.21274610456735,0.335357948586164
327812115,17673880,0.74958171538823,0.202561289486463,0.338012521779161
333762469,17977029,0.759069461589899,0.201233703266871,0.339275197583599
339820833,18285514,0.763584491628367,0.187238045666612,0.332052928822777
345989166,18599630,0.764678750792588,0.18974659635557,0.331306968238376
352269465,18918663,0.757867935733582,0.191977765033783,0.338146986874384
358663762,19243474,0.768979527977736,0.191286936197783,0.328481971074407
365174127,19573706,0.766306624042516,0.192536149024991,0.325848253435366
371802666,19909615,0.759624751430083,0.201801584484299,0.327587355553999
378551525,20252081,0.773476609069961,0.210395565720885,0.327277912038383
385422887,20599825,0.788224294566819,0.208478787376794,0.332721143077142
392418976,20953499,0.784017725142039,0.208945404237053,0.33686712754303
399542056,21313039,0.787772695198742,0.200740534832703,0.329017751336538
406794432,21679101,0.778736354045953,0.212111756297191,0.33505215464242
414178451,22051445,0.78055873584086,0.220027232081412,0.330168332815938
421696503,22429967,0.773913975701136,0.231470058547642,0.337129052374608
429351021,22815364,0.774792615462232,0.220195021459715,0.333601782212345
437144481,23207085,0.772795376803429,0.210689587183783,0.329966063418128
445079406,23605969,0.782738914214996,0.205410841904256,0.325725953473968
453158364,24011476,0.771531557218446,0.214871624097223,0.324028341702638
461383968,24423925,0.76144881812347,0.208155286538451,0.325528297779633
469758882,24843673,0.762747323098428,0.202999155391898,0.321631310287012
478285814,25270547,0.766397093904962,0.193817285495527,0.315020210527825
486967525,25704825,0.760021053837441,0.192716843632402,0.320168835875058
495806824,26146449,0.768590036457653,0.189740786560559,0.317441212163959
504806572,26595315,0.764530883652806,0.200962312144043,0.30803529566664
513969680,27051960,0.759461196600499,0.197973358667467,0.315644309920633
523299115,27517001,0.753206543385419,0.204929811546545,0.315362845567808
532797895,27989935,0.757390763155774,0.199185503988891,0.321430123589016
542469094,28471085,0.74791060229325,0.205103453971259,0.320993075175358
552315842,28960675,0.747157666540747,0.212987374908784,0.316251581391689
562341325,29458442,0.758783136126245,0.211945131086943,0.316521903883992
572548788,29964746,0.755418440344587,0.226746010031142,0.314149603393202
582941535,30480007,0.749880775269077,0.227143191040278,0.322457932333826
593522927,31003999,0.748727127917775,0.23191494672323,0.329436227380468
604296390,31537695,0.742361618005881,0.24331237931192,0.331540299677174
615265410,32079823,0.742448499138175,0.231049328557732,0.333271989018263
626433537,32630933,0.744821099574797,0.232893607721953,0.333499684726557
637804384,33192247,0.749756766152031,0.23133242152188,0.33557614039261
649381632,33762943,0.758742470700402,0.244434453528567,0.333560415587944
661169026,34343829,0.760239713127422,0.242338122193255,0.339423688144082
673170382,34934453,0.749476104623008,0.238238448878868,0.33650422670426
685389584,35534830,0.768412419819004,0.223428420448478,0.333250763181714
697830585,36146432,0.763781825391778,0.230556699862571,0.331148897388668
710497411,36768262,0.749348601199406,0.229622810262147,0.335167951109082
723394163,37400722,0.744598204125869,0.230582219955664,0.336187831380271
736525012,38043637,0.749270562405634,0.225576896669784,0.338407103385803
749894209,38697994,0.750776594135895,0.231495487949097,0.328304820673804
763506080,39363763,0.736868230125035,0.219548741034967,0.323121841790945
777365030,40040790,0.756288350271061,0.220694601894664,0.328328718773486
791475544,40730343,0.751165786287462,0.219759114664296,0.329070124663996
805842188,41431301,0.757526017083138,0.217278198035404,0.327411073523756
820469611,42144351,0.767965228524811,0.212580801263747,0.332584015636675
835362547,42869628,0.771443299079696,0.205731690721194,0.32841178543512
850525815,43607446,0.785050241047752,0.214184472917495,0.326220783498701
865964323,44357695,0.772589624127071,0.217534396657561,0.326974253087983
881683067,45120921,0.769517531925068,0.217383567810003,0.328422055620651
897687132,45897155,0.764763381739544,0.220404220532009,0.333203378634925
913981699,46687655,0.765600559903305,0.225686348503162,0.331014123782473
930572041,47491184,0.777014276142274,0.223428172926984,0.326406952260322
947463526,48308785,0.775173865349013,0.219290116548201,0.329863512938872
964661620,49140880,0.759110452403597,0.223371267815204,0.328308614454069
982171889,49986380,0.75681055625257,0.225747513662858,0.327053037595171
1000000000,50847534,0.765529242382759,0.213361130109301,0.323971830472095
1018151722,51723345,0.761271190742464,0.216653500706823,0.320865627438622
1036632928,52613792,0.748609316091529,0.214521434643987,0.330685415155286
1055449601,53519735,0.756944231096039,0.216300984547517,0.33582853405596
1074607828,54441688,0.755992106377778,0.214848598193478,0.324401824365016
1094113811,55379640,0.759889459163053,0.222576098891011,0.318578534405688
1113973860,56333602,0.759666539810753,0.229772920797397,0.325973302335807
1134194404,57303167,0.773831622634344,0.239014030803535,0.334746916692796
1154781985,58289769,0.769677485752404,0.241652569792181,0.331600060486932
1175743266,59294236,0.762301212809974,0.239035847228022,0.331181735809
1197085030,60315068,0.76582347491528,0.227338489682283,0.329928004172543
1218814185,61354166,0.769408651803299,0.216994601310146,0.327522444163562
1240937761,62410740,0.766189731151402,0.210223079954614,0.329112508077134
1263462918,63486255,0.761867805700986,0.203298471456128,0.325484440597299
1286396945,64580342,0.774656369826737,0.207911446872722,0.329163367063065
1309747264,65693203,0.778017920857408,0.215122353256175,0.321010696905903
1333521432,66824841,0.798195818381888,0.208654608789739,0.318688181360436
1357727142,67977131,0.782567927879735,0.209166511448123,0.319611195216213
1382372227,69148179,0.781685202731046,0.204006896165473,0.323073295045567
1407464663,70339539,0.776529499409879,0.206217862202149,0.327515149061301
1433012570,71552016,0.779783319920102,0.216459340925826,0.326623038058471
1459024216,72785090,0.78536158909024,0.208564200624985,0.329466510765364
1485508017,74039773,0.78072522756104,0.204242492089912,0.329403151305543
1512472545,75316364,0.784747176525875,0.21993657663717,0.328228512714605
1539926526,76614902,0.78519542281297,0.226628425377903,0.321887887443917
1567878844,77935411,0.779128353601173,0.211429107855045,0.317199812051339
1596338544,79279110,0.767706620754045,0.215217403696178,0.317977970790068
1625314837,80645622,0.772654853079546,0.215101881162658,0.316095051816782
1654817100,82035799,0.779092311290476,0.214614624080806,0.314421706558619
1684854879,83450352,0.783920976712287,0.213093638327111,0.314170648951222
1715437896,84889489,0.774958333981925,0.205582207709744,0.316198081003054
1746576048,86353206,0.773489221082939,0.211561802918097,0.320720748099322
1778279410,87842213,0.76933262345744,0.209618608108627,0.326751890544032
1810558243,89357744,0.762387115923545,0.212481037481704,0.330276524893057
1843422992,90898436,0.764567635241158,0.210596781761952,0.328494241769071
1876884294,92465613,0.770094390609283,0.210295611011688,0.330581110354279
1910952975,94060365,0.763798892756908,0.19912988139433,0.337244352055514
1945640062,95682322,0.753085616321538,0.203291774147045,0.336339988428378
1980956779,97333317,0.756820359319667,0.208990139796179,0.340853149168393
2016914555,99013082,0.750862321656821,0.2135528334924,0.336080332198185
2053525026,100720648,0.746069604985331,0.216987981349314,0.337583096207179
2090800041,102458060,0.743452909706851,0.221958403264495,0.343535900474552
2128751662,104225934,0.749208629326817,0.221927108393721,0.341343168323691
2167392170,106023915,0.733926968158617,0.226658800206811,0.335629345380325
2206734069,107852793,0.746195546999337,0.221034251132681,0.337329293799869
2246790092,109713981,0.75667193797763,0.206219090051463,0.335500749671636
2287573200,111608195,0.756146207031963,0.213865771491727,0.336711503333489
2329096592,113533909,0.75617613046197,0.218430614262133,0.330281780205149
2371373706,115492859,0.757213616366614,0.207881771995,0.32791318967161
2414418221,117485506,0.748761314297595,0.210569976705284,0.324525441017037
2458244069,119513357,0.751033298679913,0.216734735584398,0.320577600888785
2502865431,121575461,0.744394998007069,0.221470021222363,0.325638494060461
2548296748,123674859,0.752852966947469,0.219005821856732,0.331800022648388
2594552721,125810759,0.751222178974809,0.219635938301545,0.331586806373273
2641648320,127981849,0.761124297369198,0.214746778712115,0.327749119489316
2689598786,130191163,0.75606281590401,0.213858384255423,0.331792966410019
2738419634,132438178,0.751495139562658,0.210514834371212,0.33023865889573
2788126665,134724568,0.749161720696152,0.213216285235054,0.327884842629914
2838735965,137050750,0.762897591083921,0.215226113790075,0.325887194351409
2890263910,139417375,0.756818625358657,0.213233566514353,0.325485860433072
2942727176,141824696,0.745455069251486,0.199298764225122,0.326610989656094
2996142741,144273358,0.763581286649668,0.202510638681272,0.32155805859128
3050527890,146763860,0.755976655841046,0.198608960353029,0.326182747449433
3105900224,149298009,0.758877055248888,0.204893898774806,0.32652317982049
3162277660,151876932,0.755444524513125,0.210119791425856,0.321530739816454
3219678444,154499924,0.750268940379777,0.207142381939858,0.321478072135549
3278121151,157167671,0.747242163781087,0.20314492848281,0.320859483822617
3337624694,159882838,0.746463081554233,0.204668410297973,0.321857470333259
3398208329,162643573,0.755120361859002,0.220497573438934,0.321660566549291
3459891661,165453326,0.752970094108056,0.21986012602969,0.321111641960483
3522694651,168312345,0.766102358223641,0.219756575030323,0.320548275202801
3586637624,171220186,0.773886301916851,0.211639875296723,0.32677971301063
3651741273,174178694,0.778892754209002,0.223549635384625,0.326159947122955
3718026664,177187539,0.772493313611444,0.231638785304112,0.330401005063908
3785515249,180249673,0.777022383365601,0.236327651906284,0.326914674700308
3854228869,183363516,0.777067110003231,0.240118078454844,0.322880468077307
3924189758,186531169,0.782272012447077,0.237204845501528,0.321731647380738
3995420559,189754312,0.773449678499476,0.237992050998374,0.321753751987616
4067944321,193033439,0.770797104116199,0.237455057020825,0.323518157870126
4141784514,196368942,0.771486904776469,0.223647909921627,0.324636165181537
4216965034,199762210,0.778009077460034,0.228073873471072,0.327449771506984
4293510210,203214731,0.776374551640301,0.22682074801203,0.332115091238477
4371444813,206727637,0.773690165059649,0.229784081525519,0.332876456539898
4450794062,210300024,0.771992398516777,0.230847436647973,0.335777977141232
4531583638,213935006,0.765512702367435,0.237857922688823,0.332506425177046
4613839683,217633136,0.770302632933868,0.236344924394579,0.331420780575531
4697588817,221395819,0.76920521689862,0.237425632951288,0.327027539091602
4782858142,225222660,0.769301816194982,0.224902989048255,0.325442544951838
4869675252,229115570,0.760433059207486,0.22397131866101,0.321971581844129
4958068242,233077131,0.760596574325336,0.226271776124881,0.3259983670492
5048065717,237106511,0.770342047470668,0.23159152788196,0.336003379996139
5139696801,241205986,0.778618493410744,0.231848999675953,0.334077298979567
5232991147,245376886,0.768543583138052,0.243293732926068,0.336397138926229
5327978946,249619707,0.764934859493792,0.239544367877357,0.338404054638914
5424690937,253935811,0.767165885760186,0.235202415718072,0.329623305293309
5523158417,258326874,0.764083242690494,0.232367399407878,0.337606196982252
5623413252,262795354,0.758198314075485,0.228277985640447,0.329875304539767
5725487884,267340783,0.748787335156186,0.224529093710378,0.334941382067761
5829415347,271963731,0.755611548189039,0.225694842814092,0.334223427995925
5935229272,276667469,0.757608231003945,0.219239699733091,0.331226528436115
6042963902,281452603,0.761793379808282,0.213674876161961,0.335250605933459
6152654101,286321974,0.773403563764755,0.209218049854908,0.323819605197142
6264335367,291274739,0.76936015547242,0.205148420460794,0.328624256536592
6378043839,296313309,0.77270253321511,0.205104067429954,0.325933754602707
6493816316,301437524,0.767986219438429,0.197281145464385,0.327390313895894
6611690262,306654300,0.772323056026481,0.198783204923118,0.319481875205813
6731703824,311959807,0.774207068089043,0.198630339179896,0.324769198344304
6853895839,317356750,0.773708818929052,0.200893095291737,0.330574543286272
6978305849,322846792,0.774480282072065,0.201681971631896,0.323680281073263
7104974114,328434318,0.774354762766911,0.210195311517989,0.32742043673458
7233941627,334115759,0.76345226184378,0.201567847103903,0.330409347488498
7365250123,339897878,0.762772487282086,0.197840556337507,0.322893817319946
7498942093,345780330,0.764744092077148,0.196440538231194,0.325719791722349
7635060803,351762697,0.776031500183484,0.19729243959524,0.33175720350487
7773650302,357849827,0.779185709646164,0.1950658363627,0.326903001903869
7914755439,364044118,0.779599654996619,0.193873794546005,0.324616970091677
8058421878,370345401,0.776623104629656,0.210562838110993,0.326008103475874
8204696109,376755735,0.761424914437875,0.210964581015752,0.331455011858439
8353625470,383278145,0.760207242383667,0.206859743500899,0.325347338850454
8505258154,389912546,0.753294005066048,0.20738453950604,0.325573395068436
8659643234,396662434,0.754807682373727,0.215943785932031,0.321148821624283
8816830668,403528309,0.758976506534199,0.213758859035111,0.328239629456867
8976871324,410513954,0.76265089421787,0.220621389507151,0.32572413740924
9139816995,417621524,0.761533984167317,0.225062393034543,0.329387068915528
9305720409,424852288,0.755891907127591,0.213190701806281,0.328098074546778
9474635257,432208151,0.754153581439669,0.197669948187346,0.329901272801928
9646616199,439691664,0.755177514703264,0.193207228960482,0.325721129779181
9821718892,447306601,0.757039591798195,0.199752977450794,0.322682612133854
10000000000,455052511,0.768953107774131,0.204042672983461,0.32114091148588
10181517217,462931984,0.763278704962126,0.206536418256742,0.324647047433239
10366329284,470948207,0.754024338531081,0.216339443138412,0.327491744609659
10554496009,479101465,0.76070898285412,0.216604697928985,0.328306159932656
10746078283,487400504,0.775180308077753,0.215719873871614,0.33189419591386
10941138106,495842905,0.766607413267378,0.221792574354303,0.326234152827845
11139738600,504430840,0.771136142210419,0.237977801234548,0.328087050500736
11341944035,513166719,0.768660307913828,0.237957406167261,0.326398790767546
11547819847,522056150,0.768889463192841,0.230411971185035,0.321953341747223
11757432659,531100738,0.762043929612042,0.222338945388084,0.321340547789317
11970850305,540299656,0.770917490252683,0.216839216186097,0.33120539143788
12188141848,549660192,0.766162506015844,0.221946178046208,0.322940265426343
12409377608,559182306,0.762776673624331,0.212593957601315,0.320626406436816
12634629177,568871253,0.757772876322581,0.210684687274088,0.320746290326363
12863969449,578727386,0.756289770593574,0.207482455712169,0.316675293459024
13097472643,588754816,0.751215166575342,0.208615815096193,0.321754281473362
13335214322,598955995,0.753792873321954,0.222250725366558,0.32668277899499
13577271421,609334065,0.739626723605716,0.214617412466365,0.331649258144881
13823722274,619893636,0.736639015671989,0.221338560015865,0.335349117818428
14074646633,630634164,0.748456648864133,0.220219085737207,0.336191263160985
14330125702,641563827,0.748363258064876,0.220891789194114,0.339426544104237
14590242156,652682229,0.749203482611471,0.224268227851932,0.342077052347888
14855080172,663995290,0.751556020247386,0.226996282603727,0.338750776780608
15124725453,675503173,0.753251749691097,0.232486153131248,0.340695216661261
15399265261,687211768,0.755629025422202,0.219771722508593,0.341745948977675
15678788438,699124581,0.756344916017692,0.227456297632805,0.337657693344546
15963385443,711241650,0.750607919692119,0.215622851801827,0.336759910629583
16253148373,723570519,0.758835624679699,0.22287556832914,0.333346182874103
16548170999,736112674,0.758477787708683,0.231484796897294,0.333629282363615
16848548794,748874963,0.750237328732456,0.226713877576809,0.330223179090986
17154378963,761857230,0.766709395709488,0.218130383476762,0.326086548229157
17465760477,775064354,0.757536066885812,0.223166341535866,0.326149737503928
17782794100,788502185,0.762541307771769,0.212838407914433,0.333869951222235
18105582430,802173735,0.753500350284922,0.218315992733724,0.332785955011196
18434229924,816081105,0.751523968640818,0.226276634350929,0.329154797490333
18768842936,830230952,0.763858978601336,0.225069055154685,0.329288896335285
19109529750,844627673,0.767276795424372,0.236520775568344,0.322781469304889
19456400616,859276488,0.768531474526519,0.238717754726029,0.323869902598566
19809567786,874176143,0.772742983534982,0.231544390107661,0.321273324744944
20169145547,889336344,0.766897516499872,0.222586417473644,0.318856859348345
20535250265,904761351,0.769679669066789,0.235883120613773,0.323290984959468
20908000413,920453517,0.75340813938849,0.231919645656135,0.316945714549547
21287516618,936419626,0.757419563758145,0.235109497894688,0.318212676650888
21673921696,952662180,0.766655786969397,0.2333280946062,0.318829120634839
22067340691,969186282,0.77024567758262,0.232666070915743,0.322489154244304
22467900918,985996589,0.769223775556625,0.228225516555513,0.320778526116808
22875732003,1003101808,0.766728261092999,0.222500711429752,0.321968164985356
23290965925,1020500705,0.772644468337972,0.21096017322769,0.322212745224875
23713737057,1038206698,0.782966757804583,0.212792433409884,0.32221227797887
24144182213,1056219356,0.772653255774858,0.207313180726361,0.32016130849802
24582440689,1074541418,0.77776386537982,0.209135100920523,0.323556337821912
25028654312,1093184350,0.772829442811498,0.197002831521105,0.327728582837987
25482967480,1112150187,0.770797453940244,0.194205638350037,0.327345052305651
25945527214,1131446170,0.772846970468201,0.199071962080682,0.32720797873755
26416483204,1151080594,0.770449231349684,0.203990333684882,0.330289805397698
26895987856,1171054280,0.768591826840015,0.19963328571688,0.329117624762732
27384196343,1191376326,0.76790226108845,0.202574069872218,0.329967594996712
27881266654,1212051148,0.770135951658749,0.204768474767841,0.325317223148763
28387359648,1233084381,0.781479618258551,0.210503989639844,0.333823927068942
28902639100,1254486049,0.770294156772743,0.212552476231193,0.327446481429388
29427271762,1276256814,0.772215260254454,0.215239037263364,0.32425310861091
29961427410,1298407671,0.773188446365223,0.210599040001588,0.328536291458008
30505278903,1320943514,0.775900439702092,0.20788960628254,0.329884553047628
31059002236,1343873070,0.772821861981608,0.20638798050327,0.337347324589312
31622776602,1367199811,0.774164886890674,0.206070536042216,0.334774110332601
32196784443,1390932668,0.776803749898795,0.218110416948229,0.332188804569036
32781211514,1415079596,0.777029048414714,0.2163395469519,0.330483453524731
33376246943,1439645011,0.767101689031749,0.230766825247703,0.337717252448303
33982083289,1464635962,0.770284910909686,0.225044570797084,0.336863068951037
34598916609,1490065019,0.759893809711124,0.225449071252053,0.334855176815675
35226946515,1515935673,0.764495307767834,0.228225223455276,0.333028645141144
35866376245,1542257463,0.768391981853449,0.235300865191534,0.332679076595162
36517412725,1569036591,0.782021969520269,0.222188818168323,0.326933528730316
37180266639,1596280196,0.774075242966161,0.219599813999878,0.322459962987561
37855152493,1623998889,0.776925838429013,0.208847338723224,0.32491534315041
38542288686,1652200262,0.774669442400607,0.214458075535453,0.321445371418791
39241897585,1680888529,0.770493700634589,0.220126365341456,0.322129218598663
39954205589,1710079102,0.770727783200188,0.213256318315045,0.324336348681337
40679443211,1739777688,0.770679122366385,0.214249411409069,0.328193373218456
41417845144,1769990789,0.761803292957124,0.21557885257944,0.328692634029772
42169650343,1800734954,0.766548605263507,0.203303237828426,0.33300636181225
42935102101,1832009510,0.765774688104071,0.205167927735236,0.323712943194098
43714448126,1863828497,0.768852161689096,0.200925655941598,0.32727276194998
44507940624,1896203992,0.764503833289717,0.213651125054346,0.332068696183631
45315836376,1929143216,0.762802777175515,0.215643828770474,0.337714325742307
46138396827,1962652710,0.754554410338103,0.206028171132037,0.329577366737691
46975888167,1996748211,0.737960655071344,0.210734685881871,0.328057357127286
47828581417,2031432849,0.743167391695758,0.210798343987507,0.332597653485101
48696752517,2066722928,0.744539089467328,0.213742714971064,0.328543382535379
49580682417,2102631122,0.744261271777951,0.208826265843656,0.330669992259849
50480657167,2139159931,0.745436355238511,0.2162967595443,0.326083608436404
51396968008,2176329030,0.738916777657336,0.217512848153746,0.329641557462115
52329911468,2214142121,0.744752322832561,0.21726428350966,0.327801883957959
53279789459,2252619387,0.75626706954146,0.213306130861726,0.328059366647968
54246909370,2291759777,0.754000699747305,0.209983374180423,0.329209011942867
55231584173,2331584863,0.752161363586206,0.20414581158912,0.327917277528823
56234132519,2372102733,0.748950934588185,0.207334467094282,0.322378589980551
57254878844,2413325521,0.750050735226721,0.217269434603404,0.317808734919114
58294153471,2455264226,0.75189873539803,0.214666841393756,0.313688058838902
59352292723,2497934188,0.75164541949596,0.218629457848088,0.31931150865525
60429639024,2541348533,0.744622354843488,0.213563654877659,0.3221133698551
61526541015,2585516373,0.754157060663199,0.206281299392713,0.323245689139414
62643353666,2630453766,0.761609818161304,0.201633241880539,0.322462996693403
63780438389,2676177330,0.762068506939539,0.204832787852129,0.321916457855809
64938163158,2722692862,0.766791883903922,0.212981516823988,0.323778435840531
66116902624,2770019761,0.752693404319257,0.218524506083076,0.326719265770705
67317038241,2818170958,0.759459696035528,0.220532400175646,0.329922941949407
68538958387,2867163205,0.760258713835826,0.216198628733248,0.330913497073955
69783058486,2917012020,0.753753840019574,0.217811762693518,0.324020602400131
71049741144,2967722738,0.767666290800505,0.230818223024071,0.324214307895657
72339416274,3019317789,0.75909548778781,0.226311904787451,0.329380406658614
73652501227,3071812102,0.767904997233282,0.224367160574397,0.326953616467559
74989420933,3125219581,0.766915808146447,0.220319777265318,0.332293964605124
76350608034,3179560821,0.781794419697223,0.226240398664276,0.333489468045354
77736503024,3234849607,0.782114486581417,0.225236974679607,0.331549728983074
79147554394,3291099942,0.786053468029863,0.221550409556126,0.329057012668791
80584218776,3348326707,0.775073581971583,0.218061554524396,0.323635549254213
82046961090,3406550286,0.771464597068884,0.228979850371405,0.32354199174084
83536254696,3465796056,0.769128262576088,0.226970434855205,0.327312060752933
85052581544,3526068270,0.758103474586549,0.228887766252459,0.330856404219824
86596432336,3587388702,0.758027360961245,0.224718937506074,0.328604281239752
88168306678,3649779522,0.768412258666121,0.219581001722199,0.323293475348365
89768713245,3713261384,0.770798408155928,0.229335701888538,0.323860226460409
91398169947,3777845513,0.771784954609479,0.23541230473656,0.324920218211067
93057204093,3843556570,0.764766809466706,0.223420279775556,0.33594300256717
94746352566,3910414062,0.768344416233285,0.230212337696276,0.335864594297491
96466161991,3978434336,0.775694318753821,0.242851452138393,0.333435235224896
98217188919,4047644315,0.76847180315269,0.236894327443349,0.334819810627113
100000000000,4118054813,0.774842606853249,0.244666980795328,0.341454396345706
101815172172,4189699199,0.779579110070318,0.238696588679743,0.337287227634986
103663292844,4262583158,0.780028460984863,0.231788373281701,0.336051508929345
105544960088,4336739964,0.765797023023211,0.225503765256064,0.327325243829832
107460782832,4412185595,0.756607091553007,0.222467315989389,0.332298242578775
109411381058,4488950675,0.756920635739233,0.220596279866992,0.329264960831864
111397385999,4567056321,0.752578141348119,0.220629477522929,0.330428267743419
113419440350,4646523761,0.761482361997982,0.219829898012876,0.323220971143565
115478198469,4727380065,0.765882091147137,0.210369536476692,0.326131422070113
117574326592,4809642519,0.759881932540121,0.211340373260109,0.327943765336579
119708503050,4893334975,0.759132053291495,0.220504849036184,0.331461170693878
121881418484,4978490229,0.756607475377703,0.218232609861175,0.335393652302609
124093776075,5065132590,0.758785329138922,0.211327098122431,0.326561152086759
126346291765,5153279251,0.761682552386666,0.21058005166183,0.326064225859182
128639694494,5242965456,0.769357648080185,0.211425653242546,0.325182149920752
130974726430,5334221546,0.763082382410264,0.207372018851531,0.324268727285355
133352143216,5427061644,0.761239610394002,0.20452416470377,0.32431838679402
135772714211,5521517139,0.763459955393015,0.219151473130254,0.323819254937752
138237222736,5617622039,0.774210629915056,0.209234713581545,0.329972129119401
140746466334,5715406787,0.776780688308021,0.209401003641967,0.329469647795233
143301257024,5814895333,0.777400540828625,0.20339486029658,0.330088229099491
145902421563,5916121284,0.778964173056539,0.208820151821674,0.321650290176189
148550801717,6019116247,0.775903211939787,0.224790608709586,0.320944182242792
151247254531,6123895409,0.777958232027711,0.211600837530092,0.323539016409019
153992652606,6230500473,0.778888805443145,0.206622929453627,0.322595794541365
156787884383,6338978778,0.770573161925532,0.212323408187879,0.324736185873755
159633854429,6449341433,0.766082540645665,0.214758152826217,0.319629101666295
162531483731,6561627631,0.754914800311886,0.204908362346712,0.319207233485864
165481709994,6675871074,0.760821946708883,0.215293000741611,0.318642497133478
168485487944,6792114390,0.763617124758787,0.205846557614992,0.315705993764599
171543789634,6910384379,0.76140249785423,0.208623952829657,0.319025697942879
174657604766,7030714746,0.755395123526749,0.214505350793306,0.321513763431746
177827941004,7153145913,0.771316555311747,0.201206961819853,0.319373673084447
181055824303,7277708393,0.761705168277234,0.191752708279716,0.320918994636762
184342299241,7404447385,0.771704643461774,0.196752134639055,0.328323525974846
187688429358,7533397676,0.760038971835713,0.200345807113729,0.332303242033886
191095297497,7664591629,0.764138231627257,0.206871726508997,0.33419204539683
194564006159,7798085099,0.766543340749538,0.210208975903836,0.334976911378637
198095677855,7933903495,0.772448869597679,0.210534292428053,0.335272133165791
201691455473,8072099030,0.763576802845044,0.204805103643547,0.336093001518564
205352502646,8212690221,0.761738554043861,0.214133352402713,0.336225951950992
209080004128,8355743143,0.765342313113556,0.203865970233737,0.329871522012617
212875166180,8501287633,0.754344729832917,0.211924897614828,0.329280143413672
216739216957,8649380621,0.756805632061133,0.209079589749611,0.332890398375289
220673406908,8800049006,0.758745509350315,0.214967861196913,0.328454524693505
224679009181,8953349037,0.762285561562097,0.217017960574289,0.331171863485853
228757320032,9109331029,0.765649513530705,0.222480934722482,0.332719536655729
232909659246,9268018187,0.769605263944088,0.222421879369132,0.337165822417471
237137370566,9429495614,0.758662703374838,0.208574766395776,0.337870099600804
241441822126,9593788175,0.75624528431903,0.206256795000685,0.340293184156761
245824406892,9760934933,0.757903614406322,0.205104179141331,0.337021588882183
250286543117,9930997770,0.758764102279058,0.220269704633377,0.336968957419918
254829674798,10104042870,0.754301094056557,0.217468127506122,0.329280169868748
259455272140,10280096614,0.758786366719203,0.215252700700696,0.327957351714349
264164832039,10459232726,0.749133273261821,0.227474161248798,0.323858526284733
268959878558,10641488022,0.74879920758641,0.225816068417609,0.323502758073084
273841963426,10826932875,0.74461675053479,0.219261166431869,0.324137366838658
278812666541,11015610302,0.745707080790685,0.216030568023019,0.322266153098539
283873596476,11207584247,0.754324914256706,0.22087352893514,0.322768930922725
289026391002,11402903099,0.749130375962578,0.217234325233214,0.326313137886475
294272717621,11601636073,0.754532102525739,0.225037029445452,0.32483223908033
299614274100,11803842908,0.759760555032338,0.235495376046969,0.326776771565207
305052789027,12009576644,0.754213687679658,0.229999023934921,0.326572663193404
310590022362,12218900001,0.754868636958361,0.235644771463045,0.321903474279569
316227766017,12431880460,0.758824360424219,0.224709530628452,0.328212269418636
321967844425,12648585059,0.762922489108779,0.227605312511419,0.327901685276854
327812115139,12869068728,0.769763998277032,0.228046606806148,0.32667253847591
333762469429,13093405847,0.773907760649781,0.225498508540271,0.330740020552673
339820832894,13321649629,0.765582975715151,0.2241288673827,0.324120495084652
345989166087,13553879942,0.764691700757129,0.223930822520852,0.325912228776711
352269465147,13790179868,0.769436061109045,0.222992369838284,0.328124322964744
358663762448,14030585183,0.75780523055738,0.226336478637533,0.331521420951363
365174127255,14275201419,0.76798198201632,0.216591533613148,0.331945969730494
371802666391,14524094027,0.763460481993338,0.220450292160065,0.326266729315918
378551524926,14777321376,0.761824140547469,0.210227478462063,0.325885992989213
385422886862,15034975430,0.768893294237492,0.217756650281982,0.331713914776102
392418975848,15297132108,0.766078493006433,0.222755303174021,0.326337462600456
399542055895,15563864415,0.762168268822229,0.221131507980866,0.326744981074606
406794432108,15835265555,0.763230202945208,0.22834274529501,0.325411253921928
414178451436,16111399082,0.770585830213081,0.22910432757045,0.327073717974222
421696503429,16392359455,0.766651806950031,0.226792636454545,0.3259386735452
429351021008,16678220629,0.755063481979688,0.233173161443497,0.329281987410033
437144481261,16969091486,0.746057612958047,0.230357557820835,0.325534865216777
445079406236,17265030810,0.750641023049252,0.218672234803322,0.325895027561632
453158363760,17566142565,0.751230940472801,0.213016397505125,0.320774274778947
461383968273,17872512912,0.7514039067144,0.220497036873697,0.322258334496625
469758881671,18184232275,0.750977293898234,0.217235005659718,0.322154994450526
478285814165,18501396101,0.746445262588134,0.219707996692476,0.322567462324829
486967525166,18824104270,0.756431540410085,0.212734390336859,0.325123852643667
495806824168,19152458269,0.758103677130979,0.216140067303196,0.322485363663713
504806571667,19486539945,0.767341135493541,0.21632647922263,0.326089729749283
513969680077,19826463641,0.766725913558124,0.216989926276644,0.330448152200717
523299114681,20172320893,0.771054843526289,0.210294665981489,0.327799449536355
532797894587,20524237520,0.784799763234158,0.21332996855589,0.32968572332999
542469093701,20882294442,0.784535197296878,0.217051849737483,0.324067541904627
552315841731,21246600833,0.788899100144617,0.21392516591367,0.327848250840471
562341325190,21617284223,0.791952909522553,0.217903160852837,0.324467655984032
572548788436,21994427870,0.794024441783079,0.21832960974825,0.325330233167782
582941534714,22378185106,0.786325360682033,0.216423362159758,0.333543354802104
593522927230,22768623233,0.784730210428457,0.217982459688554,0.334498730606149
604296390238,23165900690,0.776822329076553,0.211199591447953,0.328190563500904
615265410149,23570114414,0.778575089638379,0.207426544246194,0.328336318940941
626433536657,23981392281,0.777351658387507,0.210125236839862,0.331262274347755
637804383889,24399867839,0.780174145164556,0.211620736224053,0.332073633345842
649381631576,24825654063,0.765176888367724,0.215983193354963,0.333420442039127
661169026241,25258876715,0.769030410944361,0.214336566240812,0.330595592001096
673170382414,25699679393,0.775067364736015,0.212169101769324,0.331571887363519
685389583865,26148181017,0.782683526055563,0.214175187030948,0.334238612773594
697830584860,26604529301,0.785851242232903,0.208010777298668,0.334126930881753
710497411443,27068848990,0.786669586568982,0.202431083607958,0.338578397968303
723394162737,27541285899,0.775441283443828,0.213004026477031,0.336684834164134
736525012271,28021987280,0.775192143318293,0.210611318747944,0.331909458778957
749894209332,28511099520,0.765118072550191,0.207480370720511,0.326387940599803
763506080338,29008749369,0.763094125208895,0.210198558411078,0.331560949394703
777365030239,29515104927,0.762641452487774,0.212266412770928,0.330709907920794
791475543941,30030302620,0.761522038128085,0.216322140402637,0.328894333673911
805842187761,30554512082,0.752587005170221,0.211166184320369,0.327955671315385
820469610902,31087901529,0.749165946536028,0.215859572799442,0.32711480210855
835362546958,31630594347,0.756276529728001,0.218080345959004,0.322223414359038
850525815444,32182787786,0.758076492656363,0.217324824411533,0.322352900955234
865964323360,32744633043,0.758790812922501,0.215900030239964,0.326554703345774
881683066776,33316304717,0.754737449330804,0.221744649229766,0.322060415565902
897687132447,33897959016,0.747229286473213,0.220882666670728,0.322105551599562
913981699465,34489798356,0.748497302889478,0.215342047327151,0.319813496679225
930572040930,35091989114,0.746268358281176,0.218254255557127,0.321808122761467
947463525655,35704717918,0.753723339257119,0.220141952239795,0.321358676335762
964661619911,36328147671,0.751495308014369,0.221127672687809,0.319857878420396
982171889188,36962478878,0.752401702598074,0.223648259853306,0.32695830590377
1000000000000,37607912018,0.750290467116299,0.227003725518015,0.326875113351529
1018151721718,38264624845,0.745321372456039,0.219710813065056,0.324452115503051
1036632928438,38932816263,0.758850025067688,0.220753752302859,0.323944368957094
1055449600879,39612713211,0.757992299981385,0.207174703913135,0.320918657376965
1074607828321,40304505632,0.754137974734119,0.1962181125141,0.317251214084476
1094113810577,41008386852,0.752504910449167,0.212657039503698,0.322422158608573
1113973859995,41724576462,0.759799680820383,0.199715127516709,0.326311142825992
1134194403503,42453293474,0.75643756944559,0.210337528431171,0.326134310621174
1154781984689,43194775497,0.753519413464798,0.206180613685507,0.329340226573702
1175743265921,43949219661,0.750771254330494,0.210912795787596,0.33369564288806
1197085030496,44716839189,0.757434197666724,0.212852254681144,0.33060917255769
1218814184842,45497913655,0.755714774932375,0.21371479053487,0.328258006968317
1240937760752,46292637552,0.754329619330153,0.213728372663719,0.328316033558192
1263462917654,47101274782,0.758144134336704,0.219782287500922,0.324707533066192
1286396944937,47924047772,0.755479511978971,0.217198467391435,0.331173318345651
1309747264301,48761206627,0.759248355737806,0.211379824876413,0.327251179916076
1333521432163,49613024665,0.763403127095849,0.211227571944447,0.331335929547978
1357727142105,50479739014,0.76765568640095,0.208936804588265,0.328833601299518
1382372227358,51361655053,0.762871688997272,0.200566758089777,0.324722739556087
1407464663340,52258957555,0.762876892322826,0.207080905554043,0.328920981256695
1433012570237,53171983687,0.765533694118432,0.214472948205178,0.329362158936435
1459024215631,54100978082,0.768950677653931,0.211904731234535,0.324715426800635
1485508017173,55046218317,0.762660064487596,0.211479595962125,0.32798780252097
1512472545311,56008012794,0.76279663107967,0.215213613235605,0.331681030879665
1539926526059,56986627065,0.762891228668395,0.217274643485944,0.332572210695108
1567878843827,57982381878,0.763088706249904,0.216245782305984,0.330716491451679
1596338544288,58995534746,0.762559665540103,0.218432024820769,0.330347583299317
1625314837312,60026424984,0.761099248103163,0.226403922014233,0.33465278339539
1654817099943,61075361433,0.76090496764941,0.226332695178247,0.331323238563559
1684854879436,62142664981,0.763453431296104,0.227838288374488,0.334690796027495
1715437896343,63228646315,0.760626116490097,0.22836318816611,0.334227609592862
1746576047662,64333621303,0.763068473054582,0.23276581355936,0.337311110295512
1778279410039,65457955727,0.766629663901038,0.236452495816615,0.333018240208204
1810558243027,66601977870,0.76845363490622,0.23498344254087,0.329466395796569
1843422992409,67766011251,0.776554847618317,0.238197890370832,0.327345400742566
1876884293576,68950409539,0.777283341128101,0.237939964229459,0.326928806986902
1910952974970,70155526587,0.771542514934192,0.239887322076703,0.3269147707908
1945640061589,71381753591,0.762584372075174,0.243275143650614,0.325917243294201
1980956778550,72629439006,0.761889089920202,0.237325684005943,0.32665142541454
2016914554730,73898997329,0.76218922575598,0.235327316547969,0.325912107618119
2053525026457,75190756452,0.762706992312153,0.235713625676209,0.322916529477449
2090800041279,76505126608,0.777390163011086,0.224794488569889,0.325908829775265
2128751661796,77842490672,0.773431505559162,0.218906493720968,0.324135752203277
2167392169568,79203278539,0.766998268173111,0.216178335013278,0.316379565299612
2206734069085,80587879961,0.770370425389042,0.212096051514837,0.320271057341045
2246790091813,81996742035,0.770170085115571,0.219970415404362,0.321549175049859
2287573200318,83430268707,0.771765256937782,0.224295816688321,0.325089870696244
2329096592461,84888874992,0.764122304325976,0.223347005945963,0.329359079278947
2371373705662,86373037724,0.766821040995261,0.217880471694419,0.331243070879167
2414418221257,87883203704,0.764774688551683,0.209161050202672,0.331244151535655
2458244068920,89419790629,0.763132535706157,0.210077800255826,0.329108730066731
2502865431175,90983285584,0.756996234087536,0.207430729988955,0.326342117364145
2548296747979,92574169640,0.75912266996011,0.198548160222397,0.329957675229012
2594552721404,94192888452,0.762834629171595,0.210187504357155,0.326778720327173
2641648320386,95839956923,0.774462902456163,0.219669369396421,0.325077767699651
2689598785575,97515889061,0.764761298850454,0.219825195066263,0.320706295015436
2738419634264,99221149545,0.765382280328129,0.208403888918722,0.320185085952439
2788126665413,100956296512,0.768948323848351,0.21065802935491,0.327184940648671
2838735964759,102721798407,0.77007260595525,0.213817517210593,0.326639270199498
2890263910022,104518244359,0.773637122113059,0.21517374271372,0.319428415802518
2942727176209,106346139585,0.767284154177361,0.20874155698491,0.324726738559105
2996142741004,108206044907,0.765714550108447,0.207679209310602,0.325235923422834
3050527890267,110098530314,0.768475679264649,0.208224693366724,0.326389618459112
3105900223625,112024183136,0.75947050684663,0.216626002694182,0.328220196750535
3162277660168,113983535775,0.764646274590008,0.217856111767277,0.327973072686716
3219678444251,115977229036,0.763121741567296,0.220850750137887,0.330009920314203
3278121151393,118005832119,0.759034908388414,0.222637962448967,0.330530240217494
3337624694292,120069972084,0.772097645089553,0.215504860585303,0.329748205104994
3398208328943,122170254785,0.768773719732082,0.212627518500152,0.330701927847441
3459891660870,124307345476,0.771014492543096,0.210350026217099,0.328993530034002
3522694651473,126481875235,0.764499386988724,0.205267593669266,0.331442526296244
3586637624485,128694493409,0.764136915498527,0.203114860321649,0.331576564390688
3651741272548,130945853288,0.760221614422954,0.206575720959996,0.328557931747872
3718026663914,133236650804,0.764103141381627,0.192291561988681,0.326056614932911
3785515249259,135567584393,0.766243796730222,0.195815396748544,0.322496458283929
3854228868623,137939396910,0.761969922854844,0.20306068779213,0.323856677979727
3924189758485,140352742834,0.759587631378452,0.20876515100604,0.323472545550058
3995420558950,142808389869,0.763464185647136,0.208839707949938,0.328374470567408
4067944321083,145307004791,0.756489807066933,0.210593956950486,0.330211752946026
4141784514364,147849442325,0.762388631482089,0.212653093804593,0.329911053781527
4216965034286,150436402135,0.759974883093868,0.211215996103241,0.330254565285871
4293510210083,153068718113,0.757181920030652,0.21268983551644,0.33029967323285
4371444812611,155747149018,0.7602117140788,0.21548848127583,0.330141101486556
4450794062356,158472541052,0.76797462554604,0.219235482802684,0.331053712127023
4531583637601,161245632034,0.763460394124615,0.21598371831493,0.330796215425638
4613839682733,164067332973,0.766334524320708,0.212581804991778,0.329185011373679
4697588816706,166938515010,0.772149817690062,0.214739382667763,0.329603075465458
4782858141654,169859972756,0.763522801778651,0.211868409357636,0.329764086706556
4869675251659,172832654392,0.760554872367564,0.210932268435653,0.330678436040913
4958068241685,175857418195,0.767448056046389,0.21666600142315,0.334175572711798
5048065716667,178935200073,0.771879841810336,0.218088657015194,0.338116395888023
5139696800772,182066929270,0.76001884128764,0.210619559759003,0.339572042015703
5232991146815,185253536112,0.757077261236375,0.213710145370965,0.33494926810685
5327978945866,188495991821,0.759819995617267,0.216928801271787,0.334401722492934
5424690937011,191795233860,0.751721968398515,0.215905533535018,0.327929519404559
5523158417307,195152365228,0.758714868919913,0.21752419665538,0.333838896407316
5623413251903,198568288816,0.766544845986235,0.219562137193646,0.330791034076382
5725487884358,202044138213,0.761097471272776,0.220859338933963,0.326966363542202
5829415347136,205580875890,0.748812237135566,0.221459282381446,0.321783429271498
5935229272297,209179642830,0.752722320747156,0.218530274150106,0.317577660833921
6042963902381,212841447205,0.750776278803017,0.211374504448839,0.317860529995636
6152654101490,216567491270,0.753006559951362,0.214334983129656,0.320865492779637
6264335366569,220358835593,0.754248742427491,0.215815963388684,0.320789404802068
6378043838892,224216626051,0.758986847930651,0.221613716731067,0.320847869148933
6493816315762,228142093848,0.764140955125002,0.220688955872052,0.322572850094694
6611690262415,232136360035,0.764156860984287,0.228859377166222,0.32147347810012
6731703824145,236200642525,0.761491048156509,0.220086769122347,0.320878261298205
6853895838650,240336155554,0.763156071895528,0.215133890038239,0.32273737295376
6978305848599,244544161702,0.764713940510576,0.217538580641069,0.324698408870503
7104974114427,248826006170,0.762506867078887,0.220695028108671,0.323597121655185
7233941627367,253182915628,0.755739933157413,0.225545715888459,0.326067659961548
7365250122712,257616141249,0.762397309564926,0.230798212394349,0.323341796753692
7498942093325,262127157562,0.756803180199753,0.232485551470626,0.323083424942048
7635060803383,266717249830,0.755104887451269,0.243023800984621,0.321334888243431
7773650302388,271387870707,0.754866329169993,0.234820697984844,0.323752926805414
7914755439411,276140381729,0.752291267033192,0.242807875676401,0.32513322701551
8058421877615,280976205833,0.754221040819569,0.237623020803914,0.324361272746311
8204696109025,285896812700,0.756205169339784,0.231648780962713,0.330851554896417
8353625469578,290903712248,0.760522154053527,0.228568760091745,0.327525748318142
8505258154440,295998429508,0.757112286630897,0.225116281167896,0.328611484670114
8659643233601,301182484452,0.763751896023053,0.221708675615173,0.33003926535811
8816830667756,306457457933,0.765813533975575,0.223676657824442,0.333407251350518
8976871324473,311824932623,0.775625785709289,0.218391254837438,0.336564294385692
9139816994655,317286549079,0.764777693603821,0.215039663737485,0.333843930717291
9305720409297,322843975350,0.75862384232713,0.212323412683579,0.335909807153026
9474635256554,328498856640,0.759224215980289,0.213933525165595,0.330023540610481
9646616199112,334252885762,0.772430455758178,0.204680013684482,0.329501375213357
9821718891880,340107843269,0.766225652261826,0.20435336999761,0.329722978317077
10000000000000,346065536839,0.766680239878033,0.203144322088292,0.333938501336199
10181517217182,352127640224,0.765847698082987,0.210281255079448,0.333476250823886
10366329284377,358296160860,0.764023120874957,0.206825362190718,0.333565259952198
10554496008786,364572853213,0.777571245125529,0.207470513072305,0.339867218478562
10746078283213,370959666365,0.774927424387772,0.211078809010306,0.333441033784454
10941138105772,377458514975,0.773688731289322,0.203043522693845,0.327971800048856
11139738599948,384071370705,0.783148776148806,0.211235199250553,0.327383042494275
11341944035028,390800251173,0.777683010700633,0.21353418867469,0.322646168431061
11547819846895,397647119429,0.773903632837662,0.212232666556787,0.329385493572291
11757432659207,404614130781,0.774458484042951,0.218659311375445,0.330220758102418
11970850304957,411703313972,0.772388455531503,0.219114250541018,0.329828415370366
12188141848423,418916961004,0.764910736662735,0.21326661784947,0.327838283053033
12409377607517,426257057172,0.766769853799759,0.214568989335314,0.326614003767542
12634629176545,433725947596,0.763028783133151,0.209267668678814,0.32815260348696
12863969449370,441325905516,0.77269196989449,0.214200187768129,0.326727184371805
13097472643006,449059243413,0.776144279707756,0.217715286566163,0.327308575943648
13335214321633,456928188674,0.776021537257158,0.209632279351503,0.331098652922935
13577271421052,464935316623,0.774131591876787,0.213854442516726,0.327366473079447
13823722273579,473082840010,0.770964629599939,0.219202140355157,0.326429591692134
14074646633398,481373323907,0.774228983178744,0.220346230620385,0.321407283485476
14330125702370,489809304409,0.776077836372084,0.2163830286319,0.325860904842444
14590242156306,498393354478,0.773505835931079,0.21682885640296,0.32224582054878
14855080171728,507128046063,0.769262065081625,0.21454078489632,0.322276423762721
15124725453106,516015946270,0.775306228936617,0.214262283962793,0.324475653835589
15399265260595,525059867820,0.769519563939816,0.221163498830678,0.32830414696555
15678788438270,534262451520,0.77162299372222,0.218087720769949,0.332242505626505
15963385442879,543626497875,0.774552720093162,0.224197149102165,0.329965346279046
16253148373119,553154942409,0.771810068227027,0.220298216961339,0.329814530161429
16548170999432,562850642510,0.767907912138518,0.222428473015328,0.33303879032851
16848548794358,572716457400,0.759593706222137,0.230292038571649,0.33197228503991
17154378963429,582755397862,0.763504263167174,0.227895135565269,0.327961164490466
17465760476621,592970557398,0.759698748768207,0.226182646651627,0.329799845618169
17782794100389,603365029986,0.759152508608032,0.220387684893432,0.326829962915912
18105582430271,613941940611,0.761521761635216,0.211551925654593,0.321912056344123
18434229924091,624704469441,0.762072886236068,0.214438879359545,0.322028932118817
18768842935762,635655856081,0.761553721327954,0.211737262179776,0.318986995387311
19109529749704,646799555641,0.759180559296818,0.210575163879228,0.328496103734418
19456400615886,658138798145,0.756202997659922,0.206152656322218,0.326187105048648
19809567785503,669677103524,0.766422332398305,0.203996655200824,0.327262367135961
20169145547303,681417918342,0.763969371779225,0.205612355341407,0.32674326349487
20535250264571,693364935561,0.767603503623894,0.204193785053273,0.325668717724851
20908000412787,705521604347,0.757078594293254,0.211940325726917,0.322345102299598
21287516617964,717891693494,0.75539373184158,0.201032353270214,0.322659996339845
21673921695684,730478942747,0.74964981530926,0.203435583142826,0.321639633784243
22067340690846,743287088342,0.746336505094016,0.206479665838347,0.327459187905224
22467900918126,756320144191,0.748625199043049,0.205588600289819,0.326789897449443
22875732003184,769582041963,0.740896004886629,0.20870870735887,0.329055616750074
23290965924605,783076746274,0.737543939581782,0.211694381950916,0.331780050701037
23713737056617,796808377212,0.744998354685975,0.22019927923556,0.33141224372282
24144182212566,810781082389,0.745140741681404,0.223809701980867,0.330797206996587
24582440689202,824999197473,0.75578469466919,0.215287312227347,0.330806440187643
25028654311746,839466876497,0.748307068826335,0.213701123274198,0.329249151868599
25482967479793,854188591124,0.751486206050745,0.209967946949445,0.32539642570477
25945527214040,869168849342,0.754073018360918,0.210239232402064,0.331359482528015
26416483203861,884412018553,0.758559950401644,0.207810731357655,0.332010879443593
26895987855750,899922952386,0.764160181859812,0.217779212285269,0.332396267529122
27384196342644,915706247570,0.765851707844024,0.227161305068358,0.332636682256941
27881266654131,931766644554,0.769607490433227,0.219832970400502,0.330750259014075
28387359647588,948109109075,0.761164310108502,0.222006914766895,0.327041448925946
28902639100225,964738535395,0.762897052840053,0.222658476623133,0.324297969277635
29427271762093,981660048146,0.76496927216556,0.231271966468935,0.33021223188266
29961427410044,998878669819,0.761578122793677,0.224387074378531,0.33073329063727
30505278902670,1016399717908,0.76832160882329,0.221913503921203,0.331867165054976
31059002236247,1034228365446,0.77236766642491,0.217612154766779,0.335590202101557
31622776601684,1052370166553,0.775782465240651,0.218269792055982,0.331691698744897
32196784442514,1070830671240,0.777644367794451,0.216453535323453,0.331071483905692
32781211513935,1089615330911,0.779037807064716,0.219940869559133,0.330007615398615
33376246942920,1108729905287,0.772106363933666,0.220538025588594,0.326998494386449
33982083289426,1128180200987,0.771746548067636,0.230455730398306,0.326715970620506
34598916608699,1147972138480,0.774346485231115,0.224763039904823,0.326533379890438
35226946514731,1168111671106,0.764956022856463,0.217315801371052,0.327169441802254
35866376244848,1188604963918,0.76861170426004,0.218904934419166,0.327201974784031
36517412725484,1209458299907,0.768581519251265,0.223143731086052,0.327803747223785
37180266639145,1230677945107,0.760345521678413,0.231813259522843,0.327341235432553
37855152492586,1252270287433,0.763670629455364,0.229221949395821,0.327408656042435
38542288686231,1274241854669,0.761765837810294,0.222552715938039,0.328269389737471
39241897584845,1296599482186,0.766291529492821,0.225167065782212,0.326078772004436
39954205589499,1319349801621,0.767333978238292,0.218406932792138,0.326962543104075
40679443210830,1342499808039,0.763243566798018,0.220542348241848,0.331393882800725
41417845143644,1366056416815,0.762760064126927,0.219158186365782,0.327668486880915
42169650342858,1390027011336,0.7596510682562,0.22626029912634,0.326185984519259
42935102100835,1414418623655,0.750010613993251,0.230086705427004,0.327484053508157
43714448126111,1439238786801,0.758252923578604,0.232237012132804,0.327727635618266
44507940623560,1464495014366,0.762590577655025,0.229853371496316,0.325677966238725
45315836376008,1490194890360,0.769240067677792,0.228525362200951,0.324755143558937
46138396827332,1516346295992,0.773374036358661,0.223819238767466,0.319427130048602
46975888167065,1542957230128,0.767410187923897,0.223161281145914,0.322462556641108
47828581416538,1570035769640,0.764716415699689,0.217531125788898,0.320065250922002
48696752516586,1597590147386,0.766201389750693,0.220278615300962,0.323073793336365
49580682416847,1625628527013,0.766804709609846,0.212967439185426,0.320269933615331
50480657166675,1654159632783,0.764932503544612,0.222447566681337,0.323013089115548
51396968007715,1683192085610,0.765329203020312,0.218353518819238,0.321893687057472
52329911468149,1712734632957,0.761765644892016,0.219952395217497,0.327619534014936
53279789458656,1742796375509,0.768365385315015,0.21794634762646,0.327133654169659
54246909370113,1773386250701,0.773150920830652,0.214952726397054,0.329171497726491
55231584173071,1804513736777,0.776120914249224,0.216470905808868,0.326430726643686
56234132519035,1836188237927,0.779338834004289,0.215181142700485,0.325950287817406
57254878843584,1868419358507,0.77285028513256,0.220274892876273,0.330350817744405
58294153471361,1901216889801,0.775511430988917,0.214968570712028,0.326622727133698
59352292722970,1934590928283,0.774153796989121,0.220031393433232,0.332281497389317
60429639023813,1968551382642,0.768239555505747,0.221435570801554,0.328056870468792
61526541014904,2003108707015,0.772290108381818,0.222914728418585,0.330488472527816
62643353665689,2038273377884,0.767203960456214,0.210258904630436,0.330996577518279
63780438388922,2074056076470,0.766798986591245,0.208233698460769,0.333643450934321
64938163157621,2110467651032,0.766417114038913,0.213702267966996,0.332566880197424
66116902624148,2147519275578,0.762650039126747,0.217235932244931,0.329861908331734
67317038241450,2185222117394,0.766509962322211,0.205944629523861,0.33458944675682
68538958386501,2223587615510,0.76349745234652,0.207647415397458,0.331414908022229
69783058485987,2262627494214,0.758769802294343,0.201866485182667,0.330956908164451
71049741144268,2302353524086,0.756936877601217,0.202767396372164,0.33236029558772
72339416273667,2342777969763,0.758038343513935,0.206230247775359,0.331526132853206
73652501227123,2383912740151,0.754680412982139,0.207166394139971,0.333013005850029
74989420933246,2425770710702,0.756919986387143,0.204095879958449,0.337424011888567
76350608033833,2468364544607,0.760957232599086,0.206409170480182,0.329014149072328
77736503023878,2511707134987,0.758611286778479,0.206292564578117,0.325951668484777
79147554394112,2555811585897,0.769775735382411,0.208960000301374,0.3260305300272
80584218776148,2600691470531,0.765042766594463,0.208572488718923,0.3286354513262
82046961090250,2646360285146,0.763506949872837,0.204073792266318,0.330160261439634
83536254695783,2692831912371,0.763670384105004,0.200432355690021,0.331368271838207
85052581544400,2740120503980,0.767132891343132,0.200781813165233,0.328704921031057
86596432336007,2788240635260,0.763237146177703,0.209175089777797,0.330635012802718
88168306677557,2837206686750,0.760608104229077,0.206955961459253,0.330219321109817
89768713244731,2887033637929,0.764656441388414,0.207059195163046,0.327783036610143
91398169946549,2937736691899,0.766198615805123,0.210139099461879,0.32589609624797
93057204092970,2989331210974,0.76186356624602,0.213052880932321,0.326562556191267
94746352565538,3041832888457,0.762763473566781,0.217886015266172,0.325456428576005
96466161991120,3095257569168,0.763766512125082,0.220092708848903,0.323461314765583
98217188918804,3149621718382,0.75813159776017,0.215672028492673,0.319106621828588
100000000000000,3204941750802,0.757637016107353,0.214064963239139,0.315760239823839
101815172171818,3261234506440,0.75300145816636,0.213804958561205,0.31973998773308
103663292843770,3318517122720,0.749471495965386,0.216367883897164,0.320378385905376
105544960087860,3376806983283,0.7544282336757,0.21735659736436,0.318735384951566
107460782832132,3436122004826,0.759044481996352,0.209566703541137,0.321298666003245
109411381057719,3496479880155,0.763419424875286,0.218658797372771,0.328753084129562
111397385999480,3557899262954,0.760016071235243,0.216618394664113,0.332391727079505
113419440350276,3620398728967,0.762430945175633,0.219721420889338,0.332904063482748
115478198468946,3683997357774,0.75878758864088,0.222790099437575,0.329467084006088
117574326592071,3748714452447,0.761307097206544,0.226049077117315,0.3312635674438
119708503049573,3814569556284,0.766463258421657,0.221169538979192,0.334557217230875
121881418484229,3881582817267,0.768789069940094,0.217322487375115,0.331720745707277
124093776075172,3949774743961,0.770154900865957,0.213617020493147,0.331621579937368
126346291765447,4019166018263,0.77028992377636,0.215732546411019,0.330072730472553
128639694493697,4089777747337,0.770658180880239,0.212773934251066,0.32795515868882
130974726430059,4161631392696,0.768555138187793,0.220473254009619,0.329386322816602
133352143216332,4234748825938,0.759185369386777,0.220565894982544,0.332799703634099
135772714210518,4309152350972,0.76480840638525,0.220781348519235,0.329834675820548
138237222735790,4384864493469,0.751727569724834,0.226606876691048,0.32392228100121
140746466333984,4461908561572,0.752305477282554,0.220033367261062,0.326073663808211
143301257023696,4540307528279,0.75888430003305,0.221096123990334,0.320433518759382
145902421563056,4620085497537,0.761722618998465,0.231424691347802,0.322172133505869
148550801717278,4701266803957,0.756407472022098,0.232659709783264,0.323614366138847
151247254531062,4783876276998,0.75331320617389,0.239493475691975,0.325723573009002
153992652605949,4867939006224,0.757046881697627,0.237083072481229,0.327171782395536
156787884382697,4953480517147,0.75685104628628,0.235948199051655,0.325085258275383
159633854428794,5040526673811,0.766217973302436,0.233303886902812,0.329544954880721
162531483731186,5129104116860,0.760450940447343,0.231000137728398,0.32979774031062
165481709994318,5219239996895,0.762353424838939,0.226841864842647,0.329534100398087
168485487943584,5310961585577,0.753560162814116,0.229028961129571,0.326982918524936
171543789634288,5404296555932,0.750473104649296,0.224277776681818,0.329043218155026
174657604766212,5499273883761,0.752379610830235,0.219853312884365,0.329394416733204
177827941003892,5595921989102,0.749744303226123,0.215469828848864,0.329701107226792
181055824302712,5694270455642,0.753413404022475,0.213732654289616,0.329814027880931
184342299240911,5794349324839,0.760698240222114,0.211488755781608,0.330912540199682
187688429357622,5896188990400,0.759862450713867,0.202383319848363,0.330570783626674
191095297497044,5999820404449,0.75843394203328,0.209990062262815,0.334136013819359
194564006158864,6105275375019,0.764301353776994,0.211025997349699,0.332093667374417
198095677855034,6212585767784,0.768668700657597,0.213156818185704,0.329124373057913
201691455473033,6321784307958,0.774003264005513,0.214559638236469,0.328863649319397
205352502645715,6432904362865,0.768372175095639,0.216300482223736,0.331622710980091
209080004127872,6545979512109,0.771007969328387,0.22184698031945,0.329856071110728
212875166179637,6661044599430,0.767109871821879,0.225485879269139,0.33122235512831
216739216956842,6778134448680,0.76681700607298,0.218911917466488,0.331303337034912
220673406908459,6897284640719,0.765044223014869,0.213868717399811,0.330381881783602
224679009181264,7018531663255,0.76987781521096,0.212026412077249,0.33274114287393
228757320031840,7141912341968,0.762348894041935,0.211755277339364,0.331483681343429
232909659246055,7267463955932,0.766070852039314,0.211440336676844,0.329277331124759
237137370566166,7395225497741,0.769711132154172,0.210469648659072,0.331666742819078
241441822125664,7525235322085,0.773266199739056,0.215440927473292,0.331381693256777
245824406892020,7657533051369,0.779193111730032,0.219958798079111,0.328111022794513
250286543117461,7792159155244,0.784830862955883,0.216918919745557,0.328609357103668
254829674797935,7929154685268,0.784030088270539,0.211802116663847,0.319283438900402
259455272140402,8068561030949,0.785571081234199,0.220628422450867,0.325030642530839
264164832038609,8210421179092,0.778983259347512,0.215622288015912,0.327773084303421
268959878557504,8354777956873,0.774337640719338,0.21812261215052,0.328399582871601
273841963426436,8501675640549,0.780613018097128,0.213428881456017,0.327002323460665
278812666541313,8651158663707,0.780643164534466,0.215508450767832,0.323114757373003
283873596475876,8803272991947,0.778849295568939,0.214126176540454,0.323760456715357
289026391002245,8958064699587,0.775015420832322,0.218660952122193,0.324452922584224
294272717620928,9115581076745,0.770806872699971,0.216007223151104,0.320962358940523
299614274100436,9275870117908,0.771467984832097,0.216293785323024,0.322242947561831
305052789026703,9438980482792,0.775085345266454,0.211926878300813,0.31955475158336
310590022362471,9604961962025,0.776672304925816,0.209675275462708,0.322030713545788
316227766016838,9773865306521,0.771192067984025,0.21241406038921,0.319982731835155
321967844425138,9945742138865,0.765064380909285,0.210868291718575,0.320379291961482
327812115139346,10120644193844,0.76291317317096,0.209787946864692,0.328224702491324
333762469429204,10298625395623,0.764458760166642,0.210929195110085,0.325296591835542
339820832894256,10479739800382,0.757038301192716,0.211333684484029,0.325817160550002
345989166086993,10664042676177,0.746837409048744,0.217734242784991,0.327819726224602
352269465147310,10851590026570,0.752379572542829,0.21695567667932,0.329368050261795
358663762448477,11042439237243,0.752120277705026,0.217727815223035,0.327630148994845
365174127254838,11236648683811,0.75314314702206,0.223089289811666,0.324067917372509
371802666391447,11434277105534,0.755783492696167,0.218612683649798,0.328949467265489
378551524925863,11635384937881,0.757981938215062,0.220944538536661,0.329192027487322
385422886862311,11840033683758,0.757338677211115,0.220695435660789,0.335342621321814
392418975848454,12048285422981,0.761645758007796,0.224162205278543,0.331351247301589
399542055894989,12260203791178,0.754421646268152,0.219377187935368,0.330644963449186
406794432108305,12475853405025,0.754842759501418,0.204360995995587,0.333109794579625
414178451436441,12695300041395,0.762744863703781,0.21129884710015,0.331383865494676
421696503428582,12918610636569,0.763396232245386,0.213620304957734,0.328822845019372
429351021008348,13145853436643,0.761682406893197,0.219380707980865,0.330866563449688
437144481261109,13377097511911,0.756082875436219,0.213704831613586,0.328599361246365
445079406235600,13612413424017,0.752982829702945,0.216497895619823,0.327463173664517
453158363760082,13851872990380,0.751685609860003,0.217906321205412,0.33007795875911
461383968273321,14095549187273,0.754167930962595,0.219144969723621,0.334879188107955
469758881670649,14343516402402,0.754951747642483,0.210063039434689,0.332021147161208
478285814165379,14595850038290,0.756629911230414,0.214570261695148,0.328522846181094
486967525165863,14852627465838,0.75863521601668,0.210114995015288,0.324914608235095
495806824168466,15113927133207,0.760414072857584,0.20887672129368,0.328550431216885
504806571666747,15379828112973,0.759752619982496,0.206181393146009,0.326633713289794
513969680077151,15650412007570,0.762067462722923,0.213688461556946,0.328453446036319
523299114681495,15925760983141,0.764762339226781,0.209665360658948,0.3315561722142
532797894586564,16205959381065,0.766389747845994,0.203994880070759,0.332773381836667
542469093701133,16491092532372,0.760119504115269,0.20456605144479,0.331608423882003
552315841730710,16781247544091,0.760097456152593,0.207264099488715,0.333553111931967
562341325190349,17076512571495,0.760936817464137,0.207220036834659,0.330056837105326
572548788435838,17376978215911,0.764419265602366,0.206309185151738,0.334236517734118
582941534713607,17682735859633,0.754480990013419,0.21712461311504,0.328647271557554
593522927229699,17993879244688,0.758580211740217,0.215041708671292,0.327364173522534
604296390238133,18310502763805,0.758477911052441,0.218833304219151,0.326149589037219
615265410149037,18632702921112,0.762160105433008,0.222593970577841,0.322952022277502
626433536656886,18960578450279,0.762363389915507,0.21966916300533,0.325761920929111
637804383889218,19294228972656,0.758255340309631,0.223638375731118,0.323043662025226
649381631576211,19633756840400,0.758538157064143,0.219882011487834,0.321850320579126
661169026241482,19979265434378,0.753646945834233,0.217543679678284,0.323282963531119
673170382414498,20330860197416,0.754191450486974,0.219144622348397,0.327415800089635
685389583865008,20688648886773,0.761735029534676,0.225564447855984,0.324932267379882
697830584859866,21052739643194,0.762251437857402,0.228629567101485,0.324255268684643
710497411442679,21423244269166,0.763076795877724,0.231154883129803,0.325354384188502
723394162736675,21800276146253,0.767926458741096,0.23328820570607,0.325153377407822
736525012271228,22183950186614,0.760958455993289,0.228997448368428,0.325105142116903
749894209332456,22574383131781,0.76136965610067,0.220068524949551,0.321459204821265
763506080338335,22971694145034,0.763886921812842,0.222076419207725,0.322256791677698
777365030238776,23376004855255,0.769834497090406,0.22605915775126,0.32649729610001
791475543941116,23787438559267,0.769097540408356,0.229580750849254,0.326240166509589
805842187761482,24206121163361,0.770160575196414,0.236407015569816,0.324206755584559
820469610902499,24632179802435,0.770358011337999,0.234235182272874,0.3238851318639
835362546957826,25065745385449,0.761808574730551,0.230475068068501,0.32600538776463
850525815443996,25506949631706,0.760198391369457,0.227529997429053,0.32875459408168
865964323360065,25955927234388,0.76523747341169,0.222958380886936,0.331616423216389
881683066775571,26412816024032,0.769798086481664,0.219204271847777,0.33236321105944
897687132447314,26877754743765,0.771629658243521,0.219111059022789,0.331644871038861
913981699465491,27350885895361,0.767835221178158,0.217259986166416,0.329015033460634
930572040929699,27832353418219,0.76689544540687,0.220335710489868,0.326697310156494
947463525655375,28322305012390,0.772114778701922,0.219346234134243,0.325641453340027
964661619911199,28820889513006,0.763177609465459,0.213117597521851,0.325383568858801
982171889188038,29328260071951,0.768866571033687,0.217751640450688,0.326862227239027
1000000000000000,29844570422669,0.767629772379975,0.214339107830414,0.325443055428475
